<?xml version="1.0" encoding="UTF-8"?>
<gpx version="1.1" creator="wingfoil-lab fit_to_gpx" xmlns="http://www.topografix.com/GPX/1/1" xmlns:gpxtpx="http://www.garmin.com/xmlschemas/TrackPointExtension/v1">
  <metadata>
    <time>2026-08-30T12:07:30Z</time>
  </metadata>
  <trk>
    <name>Nago-Torbole</name>
    <trkseg>
      <trkpt lat="45.8646930" lon="10.8751126">
        <ele>66.60</ele>
        <time>2026-08-30T12:07:30Z</time>
        <extensions><gpxtpx:TrackPointExtension><gpxtpx:hr>82</gpxtpx:hr></gpxtpx:TrackPointExtension></extensions>
      </trkpt>
      <trkpt lat="45.8646930" lon="10.8751126">
        <ele>66.60</ele>
        <time>2026-08-30T12:07:31Z</time>
        <extensions><gpxtpx:TrackPointExtension><gpxtpx:hr>82</gpxtpx:hr></gpxtpx:TrackPointExtension></extensions>
      </trkpt>
      <trkpt lat="45.8646930" lon="10.8751126">
        <ele>66.60</ele>
        <time>2026-08-30T12:07:32Z</time>
        <extensions><gpxtpx:TrackPointExtension><gpxtpx:hr>82</gpxtpx:hr></gpxtpx:TrackPointExtension></extensions>
      </trkpt>
      <trkpt lat="45.8646930" lon="10.8751126">
        <ele>66.80</ele>
        <time>2026-08-30T12:07:33Z</time>
        <extensions><gpxtpx:TrackPointExtension><gpxtpx:hr>82</gpxtpx:hr></gpxtpx:TrackPointExtension></extensions>
      </trkpt>
      <trkpt lat="45.8646930" lon="10.8751126">
        <ele>66.80</ele>
        <time>2026-08-30T12:07:34Z</time>
        <extensions><gpxtpx:TrackPointExtension><gpxtpx:hr>83</gpxtpx:hr></gpxtpx:TrackPointExtension></extensions>
      </trkpt>
      <trkpt lat="45.8646930" lon="10.8751126">
        <ele>66.80</ele>
        <time>2026-08-30T12:07:35Z</time>
        <extensions><gpxtpx:TrackPointExtension><gpxtpx:hr>83</gpxtpx:hr></gpxtpx:TrackPointExtension></extensions>
      </trkpt>
      <trkpt lat="45.8646944" lon="10.8751201">
        <ele>66.80</ele>
        <time>2026-08-30T12:07:36Z</time>
        <extensions><gpxtpx:TrackPointExtension><gpxtpx:hr>83</gpxtpx:hr></gpxtpx:TrackPointExtension></extensions>
      </trkpt>
      <trkpt lat="45.8647003" lon="10.8751027">
        <ele>66.60</ele>
        <time>2026-08-30T12:07:37Z</time>
        <extensions><gpxtpx:TrackPointExtension><gpxtpx:hr>84</gpxtpx:hr></gpxtpx:TrackPointExtension></extensions>
      </trkpt>
      <trkpt lat="45.8647046" lon="10.8751050">
        <ele>66.40</ele>
        <time>2026-08-30T12:07:38Z</time>
        <extensions><gpxtpx:TrackPointExtension><gpxtpx:hr>84</gpxtpx:hr></gpxtpx:TrackPointExtension></extensions>
      </trkpt>
      <trkpt lat="45.8647041" lon="10.8751149">
        <ele>66.40</ele>
        <time>2026-08-30T12:07:39Z</time>
        <extensions><gpxtpx:TrackPointExtension><gpxtpx:hr>85</gpxtpx:hr></gpxtpx:TrackPointExtension></extensions>
      </trkpt>
      <trkpt lat="45.8647038" lon="10.8751141">
        <ele>66.20</ele>
        <time>2026-08-30T12:07:40Z</time>
        <extensions><gpxtpx:TrackPointExtension><gpxtpx:hr>85</gpxtpx:hr></gpxtpx:TrackPointExtension></extensions>
      </trkpt>
      <trkpt lat="45.8647103" lon="10.8751138">
        <ele>66.20</ele>
        <time>2026-08-30T12:07:41Z</time>
        <extensions><gpxtpx:TrackPointExtension><gpxtpx:hr>85</gpxtpx:hr></gpxtpx:TrackPointExtension></extensions>
      </trkpt>
      <trkpt lat="45.8647222" lon="10.8751164">
        <ele>66.40</ele>
        <time>2026-08-30T12:07:42Z</time>
        <extensions><gpxtpx:TrackPointExtension><gpxtpx:hr>85</gpxtpx:hr></gpxtpx:TrackPointExtension></extensions>
      </trkpt>
      <trkpt lat="45.8647270" lon="10.8751200">
        <ele>66.60</ele>
        <time>2026-08-30T12:07:43Z</time>
        <extensions><gpxtpx:TrackPointExtension><gpxtpx:hr>84</gpxtpx:hr></gpxtpx:TrackPointExtension></extensions>
      </trkpt>
      <trkpt lat="45.8647388" lon="10.8751121">
        <ele>66.80</ele>
        <time>2026-08-30T12:07:44Z</time>
        <extensions><gpxtpx:TrackPointExtension><gpxtpx:hr>85</gpxtpx:hr></gpxtpx:TrackPointExtension></extensions>
      </trkpt>
      <trkpt lat="45.8647470" lon="10.8750901">
        <ele>67.00</ele>
        <time>2026-08-30T12:07:45Z</time>
        <extensions><gpxtpx:TrackPointExtension><gpxtpx:hr>85</gpxtpx:hr></gpxtpx:TrackPointExtension></extensions>
      </trkpt>
      <trkpt lat="45.8647458" lon="10.8750801">
        <ele>67.20</ele>
        <time>2026-08-30T12:07:46Z</time>
        <extensions><gpxtpx:TrackPointExtension><gpxtpx:hr>84</gpxtpx:hr></gpxtpx:TrackPointExtension></extensions>
      </trkpt>
      <trkpt lat="45.8647469" lon="10.8750615">
        <ele>67.40</ele>
        <time>2026-08-30T12:07:47Z</time>
        <extensions><gpxtpx:TrackPointExtension><gpxtpx:hr>84</gpxtpx:hr></gpxtpx:TrackPointExtension></extensions>
      </trkpt>
      <trkpt lat="45.8647432" lon="10.8750545">
        <ele>67.80</ele>
        <time>2026-08-30T12:07:48Z</time>
        <extensions><gpxtpx:TrackPointExtension><gpxtpx:hr>84</gpxtpx:hr></gpxtpx:TrackPointExtension></extensions>
      </trkpt>
      <trkpt lat="45.8647409" lon="10.8750478">
        <ele>68.00</ele>
        <time>2026-08-30T12:07:49Z</time>
        <extensions><gpxtpx:TrackPointExtension><gpxtpx:hr>84</gpxtpx:hr></gpxtpx:TrackPointExtension></extensions>
      </trkpt>
      <trkpt lat="45.8647421" lon="10.8750375">
        <ele>68.20</ele>
        <time>2026-08-30T12:07:50Z</time>
        <extensions><gpxtpx:TrackPointExtension><gpxtpx:hr>84</gpxtpx:hr></gpxtpx:TrackPointExtension></extensions>
      </trkpt>
      <trkpt lat="45.8647429" lon="10.8750250">
        <ele>68.20</ele>
        <time>2026-08-30T12:07:51Z</time>
        <extensions><gpxtpx:TrackPointExtension><gpxtpx:hr>81</gpxtpx:hr></gpxtpx:TrackPointExtension></extensions>
      </trkpt>
      <trkpt lat="45.8647456" lon="10.8750181">
        <ele>68.00</ele>
        <time>2026-08-30T12:07:52Z</time>
        <extensions><gpxtpx:TrackPointExtension><gpxtpx:hr>82</gpxtpx:hr></gpxtpx:TrackPointExtension></extensions>
      </trkpt>
      <trkpt lat="45.8647518" lon="10.8750096">
        <ele>67.80</ele>
        <time>2026-08-30T12:07:53Z</time>
        <extensions><gpxtpx:TrackPointExtension><gpxtpx:hr>84</gpxtpx:hr></gpxtpx:TrackPointExtension></extensions>
      </trkpt>
      <trkpt lat="45.8647569" lon="10.8749995">
        <ele>67.40</ele>
        <time>2026-08-30T12:07:54Z</time>
        <extensions><gpxtpx:TrackPointExtension><gpxtpx:hr>86</gpxtpx:hr></gpxtpx:TrackPointExtension></extensions>
      </trkpt>
      <trkpt lat="45.8647598" lon="10.8749911">
        <ele>66.80</ele>
        <time>2026-08-30T12:07:55Z</time>
        <extensions><gpxtpx:TrackPointExtension><gpxtpx:hr>87</gpxtpx:hr></gpxtpx:TrackPointExtension></extensions>
      </trkpt>
      <trkpt lat="45.8647579" lon="10.8749803">
        <ele>66.40</ele>
        <time>2026-08-30T12:07:56Z</time>
        <extensions><gpxtpx:TrackPointExtension><gpxtpx:hr>88</gpxtpx:hr></gpxtpx:TrackPointExtension></extensions>
      </trkpt>
      <trkpt lat="45.8647625" lon="10.8749696">
        <ele>66.20</ele>
        <time>2026-08-30T12:07:57Z</time>
        <extensions><gpxtpx:TrackPointExtension><gpxtpx:hr>90</gpxtpx:hr></gpxtpx:TrackPointExtension></extensions>
      </trkpt>
      <trkpt lat="45.8647659" lon="10.8749686">
        <ele>66.00</ele>
        <time>2026-08-30T12:07:58Z</time>
        <extensions><gpxtpx:TrackPointExtension><gpxtpx:hr>91</gpxtpx:hr></gpxtpx:TrackPointExtension></extensions>
      </trkpt>
      <trkpt lat="45.8647671" lon="10.8749579">
        <ele>65.80</ele>
        <time>2026-08-30T12:07:59Z</time>
        <extensions><gpxtpx:TrackPointExtension><gpxtpx:hr>93</gpxtpx:hr></gpxtpx:TrackPointExtension></extensions>
      </trkpt>
      <trkpt lat="45.8647627" lon="10.8749406">
        <ele>65.60</ele>
        <time>2026-08-30T12:08:00Z</time>
        <extensions><gpxtpx:TrackPointExtension><gpxtpx:hr>93</gpxtpx:hr></gpxtpx:TrackPointExtension></extensions>
      </trkpt>
      <trkpt lat="45.8647687" lon="10.8749332">
        <ele>65.60</ele>
        <time>2026-08-30T12:08:01Z</time>
        <extensions><gpxtpx:TrackPointExtension><gpxtpx:hr>95</gpxtpx:hr></gpxtpx:TrackPointExtension></extensions>
      </trkpt>
      <trkpt lat="45.8647707" lon="10.8749289">
        <ele>65.60</ele>
        <time>2026-08-30T12:08:02Z</time>
        <extensions><gpxtpx:TrackPointExtension><gpxtpx:hr>96</gpxtpx:hr></gpxtpx:TrackPointExtension></extensions>
      </trkpt>
      <trkpt lat="45.8647696" lon="10.8749168">
        <ele>65.40</ele>
        <time>2026-08-30T12:08:03Z</time>
        <extensions><gpxtpx:TrackPointExtension><gpxtpx:hr>96</gpxtpx:hr></gpxtpx:TrackPointExtension></extensions>
      </trkpt>
      <trkpt lat="45.8647725" lon="10.8749126">
        <ele>65.40</ele>
        <time>2026-08-30T12:08:04Z</time>
        <extensions><gpxtpx:TrackPointExtension><gpxtpx:hr>97</gpxtpx:hr></gpxtpx:TrackPointExtension></extensions>
      </trkpt>
      <trkpt lat="45.8647778" lon="10.8749045">
        <ele>65.60</ele>
        <time>2026-08-30T12:08:05Z</time>
        <extensions><gpxtpx:TrackPointExtension><gpxtpx:hr>96</gpxtpx:hr></gpxtpx:TrackPointExtension></extensions>
      </trkpt>
      <trkpt lat="45.8647802" lon="10.8748988">
        <ele>65.80</ele>
        <time>2026-08-30T12:08:06Z</time>
        <extensions><gpxtpx:TrackPointExtension><gpxtpx:hr>96</gpxtpx:hr></gpxtpx:TrackPointExtension></extensions>
      </trkpt>
      <trkpt lat="45.8647802" lon="10.8748988">
        <ele>66.00</ele>
        <time>2026-08-30T12:08:07Z</time>
        <extensions><gpxtpx:TrackPointExtension><gpxtpx:hr>95</gpxtpx:hr></gpxtpx:TrackPointExtension></extensions>
      </trkpt>
      <trkpt lat="45.8647760" lon="10.8749070">
        <ele>66.20</ele>
        <time>2026-08-30T12:08:08Z</time>
        <extensions><gpxtpx:TrackPointExtension><gpxtpx:hr>95</gpxtpx:hr></gpxtpx:TrackPointExtension></extensions>
      </trkpt>
      <trkpt lat="45.8647776" lon="10.8749098">
        <ele>66.20</ele>
        <time>2026-08-30T12:08:09Z</time>
        <extensions><gpxtpx:TrackPointExtension><gpxtpx:hr>94</gpxtpx:hr></gpxtpx:TrackPointExtension></extensions>
      </trkpt>
      <trkpt lat="45.8647770" lon="10.8749129">
        <ele>66.20</ele>
        <time>2026-08-30T12:08:10Z</time>
        <extensions><gpxtpx:TrackPointExtension><gpxtpx:hr>96</gpxtpx:hr></gpxtpx:TrackPointExtension></extensions>
      </trkpt>
      <trkpt lat="45.8647805" lon="10.8749182">
        <ele>66.00</ele>
        <time>2026-08-30T12:08:11Z</time>
        <extensions><gpxtpx:TrackPointExtension><gpxtpx:hr>96</gpxtpx:hr></gpxtpx:TrackPointExtension></extensions>
      </trkpt>
      <trkpt lat="45.8647806" lon="10.8749025">
        <ele>65.80</ele>
        <time>2026-08-30T12:08:12Z</time>
        <extensions><gpxtpx:TrackPointExtension><gpxtpx:hr>95</gpxtpx:hr></gpxtpx:TrackPointExtension></extensions>
      </trkpt>
      <trkpt lat="45.8647765" lon="10.8749050">
        <ele>65.40</ele>
        <time>2026-08-30T12:08:13Z</time>
        <extensions><gpxtpx:TrackPointExtension><gpxtpx:hr>94</gpxtpx:hr></gpxtpx:TrackPointExtension></extensions>
      </trkpt>
      <trkpt lat="45.8647789" lon="10.8749046">
        <ele>65.60</ele>
        <time>2026-08-30T12:08:14Z</time>
        <extensions><gpxtpx:TrackPointExtension><gpxtpx:hr>93</gpxtpx:hr></gpxtpx:TrackPointExtension></extensions>
      </trkpt>
      <trkpt lat="45.8647803" lon="10.8749057">
        <ele>65.80</ele>
        <time>2026-08-30T12:08:15Z</time>
        <extensions><gpxtpx:TrackPointExtension><gpxtpx:hr>93</gpxtpx:hr></gpxtpx:TrackPointExtension></extensions>
      </trkpt>
      <trkpt lat="45.8647832" lon="10.8748890">
        <ele>65.80</ele>
        <time>2026-08-30T12:08:16Z</time>
        <extensions><gpxtpx:TrackPointExtension><gpxtpx:hr>93</gpxtpx:hr></gpxtpx:TrackPointExtension></extensions>
      </trkpt>
      <trkpt lat="45.8647850" lon="10.8748756">
        <ele>66.00</ele>
        <time>2026-08-30T12:08:17Z</time>
        <extensions><gpxtpx:TrackPointExtension><gpxtpx:hr>93</gpxtpx:hr></gpxtpx:TrackPointExtension></extensions>
      </trkpt>
      <trkpt lat="45.8647848" lon="10.8748671">
        <ele>66.00</ele>
        <time>2026-08-30T12:08:18Z</time>
        <extensions><gpxtpx:TrackPointExtension><gpxtpx:hr>93</gpxtpx:hr></gpxtpx:TrackPointExtension></extensions>
      </trkpt>
      <trkpt lat="45.8647846" lon="10.8748678">
        <ele>66.00</ele>
        <time>2026-08-30T12:08:19Z</time>
        <extensions><gpxtpx:TrackPointExtension><gpxtpx:hr>93</gpxtpx:hr></gpxtpx:TrackPointExtension></extensions>
      </trkpt>
      <trkpt lat="45.8647859" lon="10.8748687">
        <ele>66.20</ele>
        <time>2026-08-30T12:08:20Z</time>
        <extensions><gpxtpx:TrackPointExtension><gpxtpx:hr>93</gpxtpx:hr></gpxtpx:TrackPointExtension></extensions>
      </trkpt>
      <trkpt lat="45.8647876" lon="10.8748578">
        <ele>66.20</ele>
        <time>2026-08-30T12:08:21Z</time>
        <extensions><gpxtpx:TrackPointExtension><gpxtpx:hr>93</gpxtpx:hr></gpxtpx:TrackPointExtension></extensions>
      </trkpt>
      <trkpt lat="45.8647861" lon="10.8748508">
        <ele>66.20</ele>
        <time>2026-08-30T12:08:22Z</time>
        <extensions><gpxtpx:TrackPointExtension><gpxtpx:hr>94</gpxtpx:hr></gpxtpx:TrackPointExtension></extensions>
      </trkpt>
      <trkpt lat="45.8647892" lon="10.8748465">
        <ele>66.40</ele>
        <time>2026-08-30T12:08:23Z</time>
        <extensions><gpxtpx:TrackPointExtension><gpxtpx:hr>94</gpxtpx:hr></gpxtpx:TrackPointExtension></extensions>
      </trkpt>
      <trkpt lat="45.8647837" lon="10.8748414">
        <ele>66.00</ele>
        <time>2026-08-30T12:08:24Z</time>
        <extensions><gpxtpx:TrackPointExtension><gpxtpx:hr>91</gpxtpx:hr></gpxtpx:TrackPointExtension></extensions>
      </trkpt>
      <trkpt lat="45.8647808" lon="10.8748363">
        <ele>65.80</ele>
        <time>2026-08-30T12:08:25Z</time>
        <extensions><gpxtpx:TrackPointExtension><gpxtpx:hr>90</gpxtpx:hr></gpxtpx:TrackPointExtension></extensions>
      </trkpt>
      <trkpt lat="45.8647833" lon="10.8748393">
        <ele>65.60</ele>
        <time>2026-08-30T12:08:26Z</time>
        <extensions><gpxtpx:TrackPointExtension><gpxtpx:hr>89</gpxtpx:hr></gpxtpx:TrackPointExtension></extensions>
      </trkpt>
      <trkpt lat="45.8647845" lon="10.8748412">
        <ele>65.20</ele>
        <time>2026-08-30T12:08:27Z</time>
        <extensions><gpxtpx:TrackPointExtension><gpxtpx:hr>89</gpxtpx:hr></gpxtpx:TrackPointExtension></extensions>
      </trkpt>
      <trkpt lat="45.8647880" lon="10.8748414">
        <ele>65.00</ele>
        <time>2026-08-30T12:08:28Z</time>
        <extensions><gpxtpx:TrackPointExtension><gpxtpx:hr>90</gpxtpx:hr></gpxtpx:TrackPointExtension></extensions>
      </trkpt>
      <trkpt lat="45.8647922" lon="10.8748405">
        <ele>64.80</ele>
        <time>2026-08-30T12:08:29Z</time>
        <extensions><gpxtpx:TrackPointExtension><gpxtpx:hr>91</gpxtpx:hr></gpxtpx:TrackPointExtension></extensions>
      </trkpt>
      <trkpt lat="45.8647919" lon="10.8748383">
        <ele>64.80</ele>
        <time>2026-08-30T12:08:30Z</time>
        <extensions><gpxtpx:TrackPointExtension><gpxtpx:hr>93</gpxtpx:hr></gpxtpx:TrackPointExtension></extensions>
      </trkpt>
      <trkpt lat="45.8647925" lon="10.8748331">
        <ele>64.80</ele>
        <time>2026-08-30T12:08:31Z</time>
        <extensions><gpxtpx:TrackPointExtension><gpxtpx:hr>93</gpxtpx:hr></gpxtpx:TrackPointExtension></extensions>
      </trkpt>
      <trkpt lat="45.8647925" lon="10.8748331">
        <ele>64.80</ele>
        <time>2026-08-30T12:08:32Z</time>
        <extensions><gpxtpx:TrackPointExtension><gpxtpx:hr>94</gpxtpx:hr></gpxtpx:TrackPointExtension></extensions>
      </trkpt>
      <trkpt lat="45.8647925" lon="10.8748331">
        <ele>64.80</ele>
        <time>2026-08-30T12:08:33Z</time>
        <extensions><gpxtpx:TrackPointExtension><gpxtpx:hr>96</gpxtpx:hr></gpxtpx:TrackPointExtension></extensions>
      </trkpt>
      <trkpt lat="45.8647918" lon="10.8748353">
        <ele>64.80</ele>
        <time>2026-08-30T12:08:34Z</time>
        <extensions><gpxtpx:TrackPointExtension><gpxtpx:hr>97</gpxtpx:hr></gpxtpx:TrackPointExtension></extensions>
      </trkpt>
      <trkpt lat="45.8647940" lon="10.8748312">
        <ele>64.80</ele>
        <time>2026-08-30T12:08:35Z</time>
        <extensions><gpxtpx:TrackPointExtension><gpxtpx:hr>98</gpxtpx:hr></gpxtpx:TrackPointExtension></extensions>
      </trkpt>
      <trkpt lat="45.8647970" lon="10.8748266">
        <ele>65.00</ele>
        <time>2026-08-30T12:08:36Z</time>
        <extensions><gpxtpx:TrackPointExtension><gpxtpx:hr>98</gpxtpx:hr></gpxtpx:TrackPointExtension></extensions>
      </trkpt>
      <trkpt lat="45.8647925" lon="10.8748331">
        <ele>64.80</ele>
        <time>2026-08-30T12:08:37Z</time>
        <extensions><gpxtpx:TrackPointExtension><gpxtpx:hr>97</gpxtpx:hr></gpxtpx:TrackPointExtension></extensions>
      </trkpt>
      <trkpt lat="45.8647961" lon="10.8748280">
        <ele>64.80</ele>
        <time>2026-08-30T12:08:38Z</time>
        <extensions><gpxtpx:TrackPointExtension><gpxtpx:hr>97</gpxtpx:hr></gpxtpx:TrackPointExtension></extensions>
      </trkpt>
      <trkpt lat="45.8647988" lon="10.8748320">
        <ele>64.80</ele>
        <time>2026-08-30T12:08:39Z</time>
        <extensions><gpxtpx:TrackPointExtension><gpxtpx:hr>98</gpxtpx:hr></gpxtpx:TrackPointExtension></extensions>
      </trkpt>
      <trkpt lat="45.8648067" lon="10.8748290">
        <ele>64.80</ele>
        <time>2026-08-30T12:08:40Z</time>
        <extensions><gpxtpx:TrackPointExtension><gpxtpx:hr>97</gpxtpx:hr></gpxtpx:TrackPointExtension></extensions>
      </trkpt>
      <trkpt lat="45.8648104" lon="10.8748231">
        <ele>65.00</ele>
        <time>2026-08-30T12:08:41Z</time>
        <extensions><gpxtpx:TrackPointExtension><gpxtpx:hr>98</gpxtpx:hr></gpxtpx:TrackPointExtension></extensions>
      </trkpt>
      <trkpt lat="45.8648141" lon="10.8748149">
        <ele>65.00</ele>
        <time>2026-08-30T12:08:42Z</time>
        <extensions><gpxtpx:TrackPointExtension><gpxtpx:hr>99</gpxtpx:hr></gpxtpx:TrackPointExtension></extensions>
      </trkpt>
      <trkpt lat="45.8648231" lon="10.8748055">
        <ele>65.00</ele>
        <time>2026-08-30T12:08:43Z</time>
        <extensions><gpxtpx:TrackPointExtension><gpxtpx:hr>100</gpxtpx:hr></gpxtpx:TrackPointExtension></extensions>
      </trkpt>
      <trkpt lat="45.8648267" lon="10.8747992">
        <ele>64.80</ele>
        <time>2026-08-30T12:08:44Z</time>
        <extensions><gpxtpx:TrackPointExtension><gpxtpx:hr>100</gpxtpx:hr></gpxtpx:TrackPointExtension></extensions>
      </trkpt>
      <trkpt lat="45.8648302" lon="10.8747837">
        <ele>64.80</ele>
        <time>2026-08-30T12:08:45Z</time>
        <extensions><gpxtpx:TrackPointExtension><gpxtpx:hr>99</gpxtpx:hr></gpxtpx:TrackPointExtension></extensions>
      </trkpt>
      <trkpt lat="45.8648345" lon="10.8747740">
        <ele>64.20</ele>
        <time>2026-08-30T12:08:46Z</time>
        <extensions><gpxtpx:TrackPointExtension><gpxtpx:hr>99</gpxtpx:hr></gpxtpx:TrackPointExtension></extensions>
      </trkpt>
      <trkpt lat="45.8648387" lon="10.8747611">
        <ele>63.40</ele>
        <time>2026-08-30T12:08:47Z</time>
        <extensions><gpxtpx:TrackPointExtension><gpxtpx:hr>99</gpxtpx:hr></gpxtpx:TrackPointExtension></extensions>
      </trkpt>
      <trkpt lat="45.8648428" lon="10.8747455">
        <ele>62.80</ele>
        <time>2026-08-30T12:08:48Z</time>
        <extensions><gpxtpx:TrackPointExtension><gpxtpx:hr>98</gpxtpx:hr></gpxtpx:TrackPointExtension></extensions>
      </trkpt>
      <trkpt lat="45.8648463" lon="10.8747316">
        <ele>61.60</ele>
        <time>2026-08-30T12:08:49Z</time>
        <extensions><gpxtpx:TrackPointExtension><gpxtpx:hr>98</gpxtpx:hr></gpxtpx:TrackPointExtension></extensions>
      </trkpt>
      <trkpt lat="45.8648516" lon="10.8747151">
        <ele>61.40</ele>
        <time>2026-08-30T12:08:50Z</time>
        <extensions><gpxtpx:TrackPointExtension><gpxtpx:hr>102</gpxtpx:hr></gpxtpx:TrackPointExtension></extensions>
      </trkpt>
      <trkpt lat="45.8648512" lon="10.8747018">
        <ele>61.40</ele>
        <time>2026-08-30T12:08:51Z</time>
        <extensions><gpxtpx:TrackPointExtension><gpxtpx:hr>107</gpxtpx:hr></gpxtpx:TrackPointExtension></extensions>
      </trkpt>
      <trkpt lat="45.8648591" lon="10.8746797">
        <ele>61.40</ele>
        <time>2026-08-30T12:08:52Z</time>
        <extensions><gpxtpx:TrackPointExtension><gpxtpx:hr>110</gpxtpx:hr></gpxtpx:TrackPointExtension></extensions>
      </trkpt>
      <trkpt lat="45.8648743" lon="10.8746603">
        <ele>61.40</ele>
        <time>2026-08-30T12:08:53Z</time>
        <extensions><gpxtpx:TrackPointExtension><gpxtpx:hr>113</gpxtpx:hr></gpxtpx:TrackPointExtension></extensions>
      </trkpt>
      <trkpt lat="45.8648914" lon="10.8746274">
        <ele>61.40</ele>
        <time>2026-08-30T12:08:54Z</time>
        <extensions><gpxtpx:TrackPointExtension><gpxtpx:hr>115</gpxtpx:hr></gpxtpx:TrackPointExtension></extensions>
      </trkpt>
      <trkpt lat="45.8649121" lon="10.8745980">
        <ele>61.40</ele>
        <time>2026-08-30T12:08:55Z</time>
        <extensions><gpxtpx:TrackPointExtension><gpxtpx:hr>117</gpxtpx:hr></gpxtpx:TrackPointExtension></extensions>
      </trkpt>
      <trkpt lat="45.8649374" lon="10.8745697">
        <ele>61.40</ele>
        <time>2026-08-30T12:08:56Z</time>
        <extensions><gpxtpx:TrackPointExtension><gpxtpx:hr>118</gpxtpx:hr></gpxtpx:TrackPointExtension></extensions>
      </trkpt>
      <trkpt lat="45.8649604" lon="10.8745368">
        <ele>61.60</ele>
        <time>2026-08-30T12:08:57Z</time>
        <extensions><gpxtpx:TrackPointExtension><gpxtpx:hr>119</gpxtpx:hr></gpxtpx:TrackPointExtension></extensions>
      </trkpt>
      <trkpt lat="45.8649796" lon="10.8744943">
        <ele>62.00</ele>
        <time>2026-08-30T12:08:58Z</time>
        <extensions><gpxtpx:TrackPointExtension><gpxtpx:hr>119</gpxtpx:hr></gpxtpx:TrackPointExtension></extensions>
      </trkpt>
      <trkpt lat="45.8649922" lon="10.8744412">
        <ele>63.00</ele>
        <time>2026-08-30T12:08:59Z</time>
        <extensions><gpxtpx:TrackPointExtension><gpxtpx:hr>120</gpxtpx:hr></gpxtpx:TrackPointExtension></extensions>
      </trkpt>
      <trkpt lat="45.8650083" lon="10.8743876">
        <ele>64.20</ele>
        <time>2026-08-30T12:09:00Z</time>
        <extensions><gpxtpx:TrackPointExtension><gpxtpx:hr>120</gpxtpx:hr></gpxtpx:TrackPointExtension></extensions>
      </trkpt>
      <trkpt lat="45.8650152" lon="10.8743164">
        <ele>65.40</ele>
        <time>2026-08-30T12:09:01Z</time>
        <extensions><gpxtpx:TrackPointExtension><gpxtpx:hr>120</gpxtpx:hr></gpxtpx:TrackPointExtension></extensions>
      </trkpt>
      <trkpt lat="45.8650076" lon="10.8742442">
        <ele>66.80</ele>
        <time>2026-08-30T12:09:02Z</time>
        <extensions><gpxtpx:TrackPointExtension><gpxtpx:hr>121</gpxtpx:hr></gpxtpx:TrackPointExtension></extensions>
      </trkpt>
      <trkpt lat="45.8649994" lon="10.8741726">
        <ele>67.40</ele>
        <time>2026-08-30T12:09:03Z</time>
        <extensions><gpxtpx:TrackPointExtension><gpxtpx:hr>121</gpxtpx:hr></gpxtpx:TrackPointExtension></extensions>
      </trkpt>
      <trkpt lat="45.8649938" lon="10.8741029">
        <ele>67.20</ele>
        <time>2026-08-30T12:09:04Z</time>
        <extensions><gpxtpx:TrackPointExtension><gpxtpx:hr>121</gpxtpx:hr></gpxtpx:TrackPointExtension></extensions>
      </trkpt>
      <trkpt lat="45.8649894" lon="10.8740277">
        <ele>66.80</ele>
        <time>2026-08-30T12:09:05Z</time>
        <extensions><gpxtpx:TrackPointExtension><gpxtpx:hr>122</gpxtpx:hr></gpxtpx:TrackPointExtension></extensions>
      </trkpt>
      <trkpt lat="45.8649836" lon="10.8739460">
        <ele>66.40</ele>
        <time>2026-08-30T12:09:06Z</time>
        <extensions><gpxtpx:TrackPointExtension><gpxtpx:hr>122</gpxtpx:hr></gpxtpx:TrackPointExtension></extensions>
      </trkpt>
      <trkpt lat="45.8649806" lon="10.8738779">
        <ele>65.00</ele>
        <time>2026-08-30T12:09:07Z</time>
        <extensions><gpxtpx:TrackPointExtension><gpxtpx:hr>123</gpxtpx:hr></gpxtpx:TrackPointExtension></extensions>
      </trkpt>
      <trkpt lat="45.8649791" lon="10.8737985">
        <ele>64.60</ele>
        <time>2026-08-30T12:09:08Z</time>
        <extensions><gpxtpx:TrackPointExtension><gpxtpx:hr>124</gpxtpx:hr></gpxtpx:TrackPointExtension></extensions>
      </trkpt>
      <trkpt lat="45.8649781" lon="10.8737110">
        <ele>64.60</ele>
        <time>2026-08-30T12:09:09Z</time>
        <extensions><gpxtpx:TrackPointExtension><gpxtpx:hr>126</gpxtpx:hr></gpxtpx:TrackPointExtension></extensions>
      </trkpt>
      <trkpt lat="45.8649786" lon="10.8736265">
        <ele>65.20</ele>
        <time>2026-08-30T12:09:10Z</time>
        <extensions><gpxtpx:TrackPointExtension><gpxtpx:hr>127</gpxtpx:hr></gpxtpx:TrackPointExtension></extensions>
      </trkpt>
      <trkpt lat="45.8649827" lon="10.8735437">
        <ele>65.60</ele>
        <time>2026-08-30T12:09:11Z</time>
        <extensions><gpxtpx:TrackPointExtension><gpxtpx:hr>127</gpxtpx:hr></gpxtpx:TrackPointExtension></extensions>
      </trkpt>
      <trkpt lat="45.8649848" lon="10.8734664">
        <ele>66.40</ele>
        <time>2026-08-30T12:09:12Z</time>
        <extensions><gpxtpx:TrackPointExtension><gpxtpx:hr>127</gpxtpx:hr></gpxtpx:TrackPointExtension></extensions>
      </trkpt>
      <trkpt lat="45.8649890" lon="10.8733877">
        <ele>67.00</ele>
        <time>2026-08-30T12:09:13Z</time>
        <extensions><gpxtpx:TrackPointExtension><gpxtpx:hr>127</gpxtpx:hr></gpxtpx:TrackPointExtension></extensions>
      </trkpt>
      <trkpt lat="45.8649900" lon="10.8733087">
        <ele>67.00</ele>
        <time>2026-08-30T12:09:14Z</time>
        <extensions><gpxtpx:TrackPointExtension><gpxtpx:hr>126</gpxtpx:hr></gpxtpx:TrackPointExtension></extensions>
      </trkpt>
      <trkpt lat="45.8649969" lon="10.8732387">
        <ele>67.20</ele>
        <time>2026-08-30T12:09:15Z</time>
        <extensions><gpxtpx:TrackPointExtension><gpxtpx:hr>126</gpxtpx:hr></gpxtpx:TrackPointExtension></extensions>
      </trkpt>
      <trkpt lat="45.8650040" lon="10.8731609">
        <ele>67.60</ele>
        <time>2026-08-30T12:09:16Z</time>
        <extensions><gpxtpx:TrackPointExtension><gpxtpx:hr>126</gpxtpx:hr></gpxtpx:TrackPointExtension></extensions>
      </trkpt>
      <trkpt lat="45.8650117" lon="10.8730838">
        <ele>67.60</ele>
        <time>2026-08-30T12:09:17Z</time>
        <extensions><gpxtpx:TrackPointExtension><gpxtpx:hr>126</gpxtpx:hr></gpxtpx:TrackPointExtension></extensions>
      </trkpt>
      <trkpt lat="45.8650186" lon="10.8730144">
        <ele>67.40</ele>
        <time>2026-08-30T12:09:18Z</time>
        <extensions><gpxtpx:TrackPointExtension><gpxtpx:hr>126</gpxtpx:hr></gpxtpx:TrackPointExtension></extensions>
      </trkpt>
      <trkpt lat="45.8650379" lon="10.8729391">
        <ele>66.80</ele>
        <time>2026-08-30T12:09:19Z</time>
        <extensions><gpxtpx:TrackPointExtension><gpxtpx:hr>126</gpxtpx:hr></gpxtpx:TrackPointExtension></extensions>
      </trkpt>
      <trkpt lat="45.8650544" lon="10.8728501">
        <ele>66.40</ele>
        <time>2026-08-30T12:09:20Z</time>
        <extensions><gpxtpx:TrackPointExtension><gpxtpx:hr>126</gpxtpx:hr></gpxtpx:TrackPointExtension></extensions>
      </trkpt>
      <trkpt lat="45.8650578" lon="10.8727683">
        <ele>66.00</ele>
        <time>2026-08-30T12:09:21Z</time>
        <extensions><gpxtpx:TrackPointExtension><gpxtpx:hr>126</gpxtpx:hr></gpxtpx:TrackPointExtension></extensions>
      </trkpt>
      <trkpt lat="45.8650699" lon="10.8726868">
        <ele>66.00</ele>
        <time>2026-08-30T12:09:22Z</time>
        <extensions><gpxtpx:TrackPointExtension><gpxtpx:hr>126</gpxtpx:hr></gpxtpx:TrackPointExtension></extensions>
      </trkpt>
      <trkpt lat="45.8650707" lon="10.8726112">
        <ele>66.20</ele>
        <time>2026-08-30T12:09:23Z</time>
        <extensions><gpxtpx:TrackPointExtension><gpxtpx:hr>126</gpxtpx:hr></gpxtpx:TrackPointExtension></extensions>
      </trkpt>
      <trkpt lat="45.8650674" lon="10.8725391">
        <ele>66.40</ele>
        <time>2026-08-30T12:09:24Z</time>
        <extensions><gpxtpx:TrackPointExtension><gpxtpx:hr>126</gpxtpx:hr></gpxtpx:TrackPointExtension></extensions>
      </trkpt>
      <trkpt lat="45.8650645" lon="10.8724591">
        <ele>66.20</ele>
        <time>2026-08-30T12:09:25Z</time>
        <extensions><gpxtpx:TrackPointExtension><gpxtpx:hr>126</gpxtpx:hr></gpxtpx:TrackPointExtension></extensions>
      </trkpt>
      <trkpt lat="45.8650657" lon="10.8723772">
        <ele>66.20</ele>
        <time>2026-08-30T12:09:26Z</time>
        <extensions><gpxtpx:TrackPointExtension><gpxtpx:hr>125</gpxtpx:hr></gpxtpx:TrackPointExtension></extensions>
      </trkpt>
      <trkpt lat="45.8650740" lon="10.8722959">
        <ele>66.00</ele>
        <time>2026-08-30T12:09:27Z</time>
        <extensions><gpxtpx:TrackPointExtension><gpxtpx:hr>126</gpxtpx:hr></gpxtpx:TrackPointExtension></extensions>
      </trkpt>
      <trkpt lat="45.8650685" lon="10.8722180">
        <ele>66.00</ele>
        <time>2026-08-30T12:09:28Z</time>
        <extensions><gpxtpx:TrackPointExtension><gpxtpx:hr>125</gpxtpx:hr></gpxtpx:TrackPointExtension></extensions>
      </trkpt>
      <trkpt lat="45.8650695" lon="10.8721455">
        <ele>66.20</ele>
        <time>2026-08-30T12:09:29Z</time>
        <extensions><gpxtpx:TrackPointExtension><gpxtpx:hr>125</gpxtpx:hr></gpxtpx:TrackPointExtension></extensions>
      </trkpt>
      <trkpt lat="45.8650681" lon="10.8720733">
        <ele>66.60</ele>
        <time>2026-08-30T12:09:30Z</time>
        <extensions><gpxtpx:TrackPointExtension><gpxtpx:hr>124</gpxtpx:hr></gpxtpx:TrackPointExtension></extensions>
      </trkpt>
      <trkpt lat="45.8650655" lon="10.8719961">
        <ele>67.00</ele>
        <time>2026-08-30T12:09:31Z</time>
        <extensions><gpxtpx:TrackPointExtension><gpxtpx:hr>124</gpxtpx:hr></gpxtpx:TrackPointExtension></extensions>
      </trkpt>
      <trkpt lat="45.8650697" lon="10.8719212">
        <ele>67.00</ele>
        <time>2026-08-30T12:09:32Z</time>
        <extensions><gpxtpx:TrackPointExtension><gpxtpx:hr>124</gpxtpx:hr></gpxtpx:TrackPointExtension></extensions>
      </trkpt>
      <trkpt lat="45.8650821" lon="10.8718486">
        <ele>67.00</ele>
        <time>2026-08-30T12:09:33Z</time>
        <extensions><gpxtpx:TrackPointExtension><gpxtpx:hr>124</gpxtpx:hr></gpxtpx:TrackPointExtension></extensions>
      </trkpt>
      <trkpt lat="45.8651053" lon="10.8717800">
        <ele>66.60</ele>
        <time>2026-08-30T12:09:34Z</time>
        <extensions><gpxtpx:TrackPointExtension><gpxtpx:hr>124</gpxtpx:hr></gpxtpx:TrackPointExtension></extensions>
      </trkpt>
      <trkpt lat="45.8651328" lon="10.8717054">
        <ele>66.40</ele>
        <time>2026-08-30T12:09:35Z</time>
        <extensions><gpxtpx:TrackPointExtension><gpxtpx:hr>123</gpxtpx:hr></gpxtpx:TrackPointExtension></extensions>
      </trkpt>
      <trkpt lat="45.8651593" lon="10.8716287">
        <ele>65.80</ele>
        <time>2026-08-30T12:09:36Z</time>
        <extensions><gpxtpx:TrackPointExtension><gpxtpx:hr>123</gpxtpx:hr></gpxtpx:TrackPointExtension></extensions>
      </trkpt>
      <trkpt lat="45.8651847" lon="10.8715577">
        <ele>66.00</ele>
        <time>2026-08-30T12:09:37Z</time>
        <extensions><gpxtpx:TrackPointExtension><gpxtpx:hr>123</gpxtpx:hr></gpxtpx:TrackPointExtension></extensions>
      </trkpt>
      <trkpt lat="45.8652068" lon="10.8714885">
        <ele>66.40</ele>
        <time>2026-08-30T12:09:38Z</time>
        <extensions><gpxtpx:TrackPointExtension><gpxtpx:hr>122</gpxtpx:hr></gpxtpx:TrackPointExtension></extensions>
      </trkpt>
      <trkpt lat="45.8652233" lon="10.8714187">
        <ele>66.40</ele>
        <time>2026-08-30T12:09:39Z</time>
        <extensions><gpxtpx:TrackPointExtension><gpxtpx:hr>122</gpxtpx:hr></gpxtpx:TrackPointExtension></extensions>
      </trkpt>
      <trkpt lat="45.8652313" lon="10.8713371">
        <ele>66.40</ele>
        <time>2026-08-30T12:09:40Z</time>
        <extensions><gpxtpx:TrackPointExtension><gpxtpx:hr>120</gpxtpx:hr></gpxtpx:TrackPointExtension></extensions>
      </trkpt>
      <trkpt lat="45.8652204" lon="10.8712593">
        <ele>66.60</ele>
        <time>2026-08-30T12:09:41Z</time>
        <extensions><gpxtpx:TrackPointExtension><gpxtpx:hr>119</gpxtpx:hr></gpxtpx:TrackPointExtension></extensions>
      </trkpt>
      <trkpt lat="45.8652101" lon="10.8711892">
        <ele>66.40</ele>
        <time>2026-08-30T12:09:42Z</time>
        <extensions><gpxtpx:TrackPointExtension><gpxtpx:hr>117</gpxtpx:hr></gpxtpx:TrackPointExtension></extensions>
      </trkpt>
      <trkpt lat="45.8652062" lon="10.8711095">
        <ele>66.00</ele>
        <time>2026-08-30T12:09:43Z</time>
        <extensions><gpxtpx:TrackPointExtension><gpxtpx:hr>114</gpxtpx:hr></gpxtpx:TrackPointExtension></extensions>
      </trkpt>
      <trkpt lat="45.8652038" lon="10.8710270">
        <ele>65.00</ele>
        <time>2026-08-30T12:09:44Z</time>
        <extensions><gpxtpx:TrackPointExtension><gpxtpx:hr>113</gpxtpx:hr></gpxtpx:TrackPointExtension></extensions>
      </trkpt>
      <trkpt lat="45.8651991" lon="10.8709492">
        <ele>65.00</ele>
        <time>2026-08-30T12:09:45Z</time>
        <extensions><gpxtpx:TrackPointExtension><gpxtpx:hr>112</gpxtpx:hr></gpxtpx:TrackPointExtension></extensions>
      </trkpt>
      <trkpt lat="45.8651966" lon="10.8708703">
        <ele>64.80</ele>
        <time>2026-08-30T12:09:46Z</time>
        <extensions><gpxtpx:TrackPointExtension><gpxtpx:hr>112</gpxtpx:hr></gpxtpx:TrackPointExtension></extensions>
      </trkpt>
      <trkpt lat="45.8651981" lon="10.8708017">
        <ele>65.00</ele>
        <time>2026-08-30T12:09:47Z</time>
        <extensions><gpxtpx:TrackPointExtension><gpxtpx:hr>112</gpxtpx:hr></gpxtpx:TrackPointExtension></extensions>
      </trkpt>
      <trkpt lat="45.8652053" lon="10.8707377">
        <ele>65.40</ele>
        <time>2026-08-30T12:09:48Z</time>
        <extensions><gpxtpx:TrackPointExtension><gpxtpx:hr>112</gpxtpx:hr></gpxtpx:TrackPointExtension></extensions>
      </trkpt>
      <trkpt lat="45.8652097" lon="10.8706716">
        <ele>66.20</ele>
        <time>2026-08-30T12:09:49Z</time>
        <extensions><gpxtpx:TrackPointExtension><gpxtpx:hr>112</gpxtpx:hr></gpxtpx:TrackPointExtension></extensions>
      </trkpt>
      <trkpt lat="45.8652137" lon="10.8705961">
        <ele>67.00</ele>
        <time>2026-08-30T12:09:50Z</time>
        <extensions><gpxtpx:TrackPointExtension><gpxtpx:hr>112</gpxtpx:hr></gpxtpx:TrackPointExtension></extensions>
      </trkpt>
      <trkpt lat="45.8652224" lon="10.8705293">
        <ele>67.60</ele>
        <time>2026-08-30T12:09:51Z</time>
        <extensions><gpxtpx:TrackPointExtension><gpxtpx:hr>112</gpxtpx:hr></gpxtpx:TrackPointExtension></extensions>
      </trkpt>
      <trkpt lat="45.8652369" lon="10.8704692">
        <ele>68.20</ele>
        <time>2026-08-30T12:09:52Z</time>
        <extensions><gpxtpx:TrackPointExtension><gpxtpx:hr>112</gpxtpx:hr></gpxtpx:TrackPointExtension></extensions>
      </trkpt>
      <trkpt lat="45.8652482" lon="10.8703971">
        <ele>68.20</ele>
        <time>2026-08-30T12:09:53Z</time>
        <extensions><gpxtpx:TrackPointExtension><gpxtpx:hr>112</gpxtpx:hr></gpxtpx:TrackPointExtension></extensions>
      </trkpt>
      <trkpt lat="45.8652536" lon="10.8703368">
        <ele>67.60</ele>
        <time>2026-08-30T12:09:54Z</time>
        <extensions><gpxtpx:TrackPointExtension><gpxtpx:hr>113</gpxtpx:hr></gpxtpx:TrackPointExtension></extensions>
      </trkpt>
      <trkpt lat="45.8652588" lon="10.8702703">
        <ele>67.00</ele>
        <time>2026-08-30T12:09:55Z</time>
        <extensions><gpxtpx:TrackPointExtension><gpxtpx:hr>113</gpxtpx:hr></gpxtpx:TrackPointExtension></extensions>
      </trkpt>
      <trkpt lat="45.8652583" lon="10.8701956">
        <ele>67.20</ele>
        <time>2026-08-30T12:09:56Z</time>
        <extensions><gpxtpx:TrackPointExtension><gpxtpx:hr>114</gpxtpx:hr></gpxtpx:TrackPointExtension></extensions>
      </trkpt>
      <trkpt lat="45.8652655" lon="10.8701268">
        <ele>67.40</ele>
        <time>2026-08-30T12:09:57Z</time>
        <extensions><gpxtpx:TrackPointExtension><gpxtpx:hr>113</gpxtpx:hr></gpxtpx:TrackPointExtension></extensions>
      </trkpt>
      <trkpt lat="45.8652779" lon="10.8700586">
        <ele>67.60</ele>
        <time>2026-08-30T12:09:58Z</time>
        <extensions><gpxtpx:TrackPointExtension><gpxtpx:hr>113</gpxtpx:hr></gpxtpx:TrackPointExtension></extensions>
      </trkpt>
      <trkpt lat="45.8652851" lon="10.8699919">
        <ele>67.20</ele>
        <time>2026-08-30T12:09:59Z</time>
        <extensions><gpxtpx:TrackPointExtension><gpxtpx:hr>113</gpxtpx:hr></gpxtpx:TrackPointExtension></extensions>
      </trkpt>
      <trkpt lat="45.8652982" lon="10.8699238">
        <ele>66.60</ele>
        <time>2026-08-30T12:10:00Z</time>
        <extensions><gpxtpx:TrackPointExtension><gpxtpx:hr>114</gpxtpx:hr></gpxtpx:TrackPointExtension></extensions>
      </trkpt>
      <trkpt lat="45.8653158" lon="10.8698588">
        <ele>65.20</ele>
        <time>2026-08-30T12:10:01Z</time>
        <extensions><gpxtpx:TrackPointExtension><gpxtpx:hr>114</gpxtpx:hr></gpxtpx:TrackPointExtension></extensions>
      </trkpt>
      <trkpt lat="45.8653463" lon="10.8697950">
        <ele>64.20</ele>
        <time>2026-08-30T12:10:02Z</time>
        <extensions><gpxtpx:TrackPointExtension><gpxtpx:hr>114</gpxtpx:hr></gpxtpx:TrackPointExtension></extensions>
      </trkpt>
      <trkpt lat="45.8653831" lon="10.8697435">
        <ele>63.60</ele>
        <time>2026-08-30T12:10:03Z</time>
        <extensions><gpxtpx:TrackPointExtension><gpxtpx:hr>113</gpxtpx:hr></gpxtpx:TrackPointExtension></extensions>
      </trkpt>
      <trkpt lat="45.8654280" lon="10.8697229">
        <ele>63.80</ele>
        <time>2026-08-30T12:10:04Z</time>
        <extensions><gpxtpx:TrackPointExtension><gpxtpx:hr>112</gpxtpx:hr></gpxtpx:TrackPointExtension></extensions>
      </trkpt>
      <trkpt lat="45.8654756" lon="10.8697296">
        <ele>64.00</ele>
        <time>2026-08-30T12:10:05Z</time>
        <extensions><gpxtpx:TrackPointExtension><gpxtpx:hr>111</gpxtpx:hr></gpxtpx:TrackPointExtension></extensions>
      </trkpt>
      <trkpt lat="45.8655159" lon="10.8697507">
        <ele>64.20</ele>
        <time>2026-08-30T12:10:06Z</time>
        <extensions><gpxtpx:TrackPointExtension><gpxtpx:hr>107</gpxtpx:hr></gpxtpx:TrackPointExtension></extensions>
      </trkpt>
      <trkpt lat="45.8655448" lon="10.8697755">
        <ele>64.40</ele>
        <time>2026-08-30T12:10:07Z</time>
        <extensions><gpxtpx:TrackPointExtension><gpxtpx:hr>105</gpxtpx:hr></gpxtpx:TrackPointExtension></extensions>
      </trkpt>
      <trkpt lat="45.8655646" lon="10.8698203">
        <ele>64.80</ele>
        <time>2026-08-30T12:10:08Z</time>
        <extensions><gpxtpx:TrackPointExtension><gpxtpx:hr>105</gpxtpx:hr></gpxtpx:TrackPointExtension></extensions>
      </trkpt>
      <trkpt lat="45.8655761" lon="10.8698801">
        <ele>65.00</ele>
        <time>2026-08-30T12:10:09Z</time>
        <extensions><gpxtpx:TrackPointExtension><gpxtpx:hr>105</gpxtpx:hr></gpxtpx:TrackPointExtension></extensions>
      </trkpt>
      <trkpt lat="45.8655749" lon="10.8699405">
        <ele>65.20</ele>
        <time>2026-08-30T12:10:10Z</time>
        <extensions><gpxtpx:TrackPointExtension><gpxtpx:hr>105</gpxtpx:hr></gpxtpx:TrackPointExtension></extensions>
      </trkpt>
      <trkpt lat="45.8655650" lon="10.8700028">
        <ele>65.60</ele>
        <time>2026-08-30T12:10:11Z</time>
        <extensions><gpxtpx:TrackPointExtension><gpxtpx:hr>106</gpxtpx:hr></gpxtpx:TrackPointExtension></extensions>
      </trkpt>
      <trkpt lat="45.8655459" lon="10.8700740">
        <ele>65.80</ele>
        <time>2026-08-30T12:10:12Z</time>
        <extensions><gpxtpx:TrackPointExtension><gpxtpx:hr>106</gpxtpx:hr></gpxtpx:TrackPointExtension></extensions>
      </trkpt>
      <trkpt lat="45.8655253" lon="10.8701363">
        <ele>66.60</ele>
        <time>2026-08-30T12:10:13Z</time>
        <extensions><gpxtpx:TrackPointExtension><gpxtpx:hr>106</gpxtpx:hr></gpxtpx:TrackPointExtension></extensions>
      </trkpt>
      <trkpt lat="45.8655017" lon="10.8701949">
        <ele>67.00</ele>
        <time>2026-08-30T12:10:14Z</time>
        <extensions><gpxtpx:TrackPointExtension><gpxtpx:hr>106</gpxtpx:hr></gpxtpx:TrackPointExtension></extensions>
      </trkpt>
      <trkpt lat="45.8654768" lon="10.8702555">
        <ele>67.40</ele>
        <time>2026-08-30T12:10:15Z</time>
        <extensions><gpxtpx:TrackPointExtension><gpxtpx:hr>105</gpxtpx:hr></gpxtpx:TrackPointExtension></extensions>
      </trkpt>
      <trkpt lat="45.8654447" lon="10.8703143">
        <ele>67.60</ele>
        <time>2026-08-30T12:10:16Z</time>
        <extensions><gpxtpx:TrackPointExtension><gpxtpx:hr>106</gpxtpx:hr></gpxtpx:TrackPointExtension></extensions>
      </trkpt>
      <trkpt lat="45.8654175" lon="10.8703800">
        <ele>67.60</ele>
        <time>2026-08-30T12:10:17Z</time>
        <extensions><gpxtpx:TrackPointExtension><gpxtpx:hr>106</gpxtpx:hr></gpxtpx:TrackPointExtension></extensions>
      </trkpt>
      <trkpt lat="45.8653967" lon="10.8704467">
        <ele>67.60</ele>
        <time>2026-08-30T12:10:18Z</time>
        <extensions><gpxtpx:TrackPointExtension><gpxtpx:hr>106</gpxtpx:hr></gpxtpx:TrackPointExtension></extensions>
      </trkpt>
      <trkpt lat="45.8653818" lon="10.8705107">
        <ele>67.20</ele>
        <time>2026-08-30T12:10:19Z</time>
        <extensions><gpxtpx:TrackPointExtension><gpxtpx:hr>106</gpxtpx:hr></gpxtpx:TrackPointExtension></extensions>
      </trkpt>
      <trkpt lat="45.8653661" lon="10.8705735">
        <ele>66.80</ele>
        <time>2026-08-30T12:10:20Z</time>
        <extensions><gpxtpx:TrackPointExtension><gpxtpx:hr>106</gpxtpx:hr></gpxtpx:TrackPointExtension></extensions>
      </trkpt>
      <trkpt lat="45.8653466" lon="10.8706471">
        <ele>66.60</ele>
        <time>2026-08-30T12:10:21Z</time>
        <extensions><gpxtpx:TrackPointExtension><gpxtpx:hr>106</gpxtpx:hr></gpxtpx:TrackPointExtension></extensions>
      </trkpt>
      <trkpt lat="45.8653282" lon="10.8707140">
        <ele>66.80</ele>
        <time>2026-08-30T12:10:22Z</time>
        <extensions><gpxtpx:TrackPointExtension><gpxtpx:hr>106</gpxtpx:hr></gpxtpx:TrackPointExtension></extensions>
      </trkpt>
      <trkpt lat="45.8653017" lon="10.8707744">
        <ele>67.00</ele>
        <time>2026-08-30T12:10:23Z</time>
        <extensions><gpxtpx:TrackPointExtension><gpxtpx:hr>106</gpxtpx:hr></gpxtpx:TrackPointExtension></extensions>
      </trkpt>
      <trkpt lat="45.8652663" lon="10.8708185">
        <ele>67.60</ele>
        <time>2026-08-30T12:10:24Z</time>
        <extensions><gpxtpx:TrackPointExtension><gpxtpx:hr>106</gpxtpx:hr></gpxtpx:TrackPointExtension></extensions>
      </trkpt>
      <trkpt lat="45.8652270" lon="10.8708579">
        <ele>67.80</ele>
        <time>2026-08-30T12:10:25Z</time>
        <extensions><gpxtpx:TrackPointExtension><gpxtpx:hr>106</gpxtpx:hr></gpxtpx:TrackPointExtension></extensions>
      </trkpt>
      <trkpt lat="45.8651986" lon="10.8709158">
        <ele>68.00</ele>
        <time>2026-08-30T12:10:26Z</time>
        <extensions><gpxtpx:TrackPointExtension><gpxtpx:hr>106</gpxtpx:hr></gpxtpx:TrackPointExtension></extensions>
      </trkpt>
      <trkpt lat="45.8651743" lon="10.8709756">
        <ele>67.80</ele>
        <time>2026-08-30T12:10:27Z</time>
        <extensions><gpxtpx:TrackPointExtension><gpxtpx:hr>105</gpxtpx:hr></gpxtpx:TrackPointExtension></extensions>
      </trkpt>
      <trkpt lat="45.8651474" lon="10.8710342">
        <ele>67.40</ele>
        <time>2026-08-30T12:10:28Z</time>
        <extensions><gpxtpx:TrackPointExtension><gpxtpx:hr>105</gpxtpx:hr></gpxtpx:TrackPointExtension></extensions>
      </trkpt>
      <trkpt lat="45.8651142" lon="10.8710957">
        <ele>67.20</ele>
        <time>2026-08-30T12:10:29Z</time>
        <extensions><gpxtpx:TrackPointExtension><gpxtpx:hr>105</gpxtpx:hr></gpxtpx:TrackPointExtension></extensions>
      </trkpt>
      <trkpt lat="45.8650847" lon="10.8711536">
        <ele>67.20</ele>
        <time>2026-08-30T12:10:30Z</time>
        <extensions><gpxtpx:TrackPointExtension><gpxtpx:hr>106</gpxtpx:hr></gpxtpx:TrackPointExtension></extensions>
      </trkpt>
      <trkpt lat="45.8650578" lon="10.8712118">
        <ele>67.20</ele>
        <time>2026-08-30T12:10:31Z</time>
        <extensions><gpxtpx:TrackPointExtension><gpxtpx:hr>106</gpxtpx:hr></gpxtpx:TrackPointExtension></extensions>
      </trkpt>
      <trkpt lat="45.8650341" lon="10.8712743">
        <ele>67.40</ele>
        <time>2026-08-30T12:10:32Z</time>
        <extensions><gpxtpx:TrackPointExtension><gpxtpx:hr>106</gpxtpx:hr></gpxtpx:TrackPointExtension></extensions>
      </trkpt>
      <trkpt lat="45.8650081" lon="10.8713389">
        <ele>67.60</ele>
        <time>2026-08-30T12:10:33Z</time>
        <extensions><gpxtpx:TrackPointExtension><gpxtpx:hr>106</gpxtpx:hr></gpxtpx:TrackPointExtension></extensions>
      </trkpt>
      <trkpt lat="45.8649856" lon="10.8714021">
        <ele>67.60</ele>
        <time>2026-08-30T12:10:34Z</time>
        <extensions><gpxtpx:TrackPointExtension><gpxtpx:hr>109</gpxtpx:hr></gpxtpx:TrackPointExtension></extensions>
      </trkpt>
      <trkpt lat="45.8649634" lon="10.8714681">
        <ele>67.60</ele>
        <time>2026-08-30T12:10:35Z</time>
        <extensions><gpxtpx:TrackPointExtension><gpxtpx:hr>110</gpxtpx:hr></gpxtpx:TrackPointExtension></extensions>
      </trkpt>
      <trkpt lat="45.8649443" lon="10.8715281">
        <ele>67.60</ele>
        <time>2026-08-30T12:10:36Z</time>
        <extensions><gpxtpx:TrackPointExtension><gpxtpx:hr>110</gpxtpx:hr></gpxtpx:TrackPointExtension></extensions>
      </trkpt>
      <trkpt lat="45.8649184" lon="10.8715940">
        <ele>67.40</ele>
        <time>2026-08-30T12:10:37Z</time>
        <extensions><gpxtpx:TrackPointExtension><gpxtpx:hr>110</gpxtpx:hr></gpxtpx:TrackPointExtension></extensions>
      </trkpt>
      <trkpt lat="45.8648872" lon="10.8716552">
        <ele>67.20</ele>
        <time>2026-08-30T12:10:38Z</time>
        <extensions><gpxtpx:TrackPointExtension><gpxtpx:hr>111</gpxtpx:hr></gpxtpx:TrackPointExtension></extensions>
      </trkpt>
      <trkpt lat="45.8648587" lon="10.8717103">
        <ele>67.20</ele>
        <time>2026-08-30T12:10:39Z</time>
        <extensions><gpxtpx:TrackPointExtension><gpxtpx:hr>110</gpxtpx:hr></gpxtpx:TrackPointExtension></extensions>
      </trkpt>
      <trkpt lat="45.8648358" lon="10.8717782">
        <ele>67.00</ele>
        <time>2026-08-30T12:10:40Z</time>
        <extensions><gpxtpx:TrackPointExtension><gpxtpx:hr>110</gpxtpx:hr></gpxtpx:TrackPointExtension></extensions>
      </trkpt>
      <trkpt lat="45.8648101" lon="10.8718489">
        <ele>67.00</ele>
        <time>2026-08-30T12:10:41Z</time>
        <extensions><gpxtpx:TrackPointExtension><gpxtpx:hr>110</gpxtpx:hr></gpxtpx:TrackPointExtension></extensions>
      </trkpt>
      <trkpt lat="45.8647838" lon="10.8719146">
        <ele>66.80</ele>
        <time>2026-08-30T12:10:42Z</time>
        <extensions><gpxtpx:TrackPointExtension><gpxtpx:hr>110</gpxtpx:hr></gpxtpx:TrackPointExtension></extensions>
      </trkpt>
      <trkpt lat="45.8647530" lon="10.8719735">
        <ele>67.00</ele>
        <time>2026-08-30T12:10:43Z</time>
        <extensions><gpxtpx:TrackPointExtension><gpxtpx:hr>109</gpxtpx:hr></gpxtpx:TrackPointExtension></extensions>
      </trkpt>
      <trkpt lat="45.8647221" lon="10.8720256">
        <ele>67.20</ele>
        <time>2026-08-30T12:10:44Z</time>
        <extensions><gpxtpx:TrackPointExtension><gpxtpx:hr>109</gpxtpx:hr></gpxtpx:TrackPointExtension></extensions>
      </trkpt>
      <trkpt lat="45.8646976" lon="10.8720861">
        <ele>67.20</ele>
        <time>2026-08-30T12:10:45Z</time>
        <extensions><gpxtpx:TrackPointExtension><gpxtpx:hr>108</gpxtpx:hr></gpxtpx:TrackPointExtension></extensions>
      </trkpt>
      <trkpt lat="45.8646733" lon="10.8721573">
        <ele>67.40</ele>
        <time>2026-08-30T12:10:46Z</time>
        <extensions><gpxtpx:TrackPointExtension><gpxtpx:hr>109</gpxtpx:hr></gpxtpx:TrackPointExtension></extensions>
      </trkpt>
      <trkpt lat="45.8646484" lon="10.8722231">
        <ele>67.80</ele>
        <time>2026-08-30T12:10:47Z</time>
        <extensions><gpxtpx:TrackPointExtension><gpxtpx:hr>109</gpxtpx:hr></gpxtpx:TrackPointExtension></extensions>
      </trkpt>
      <trkpt lat="45.8646283" lon="10.8722909">
        <ele>68.00</ele>
        <time>2026-08-30T12:10:48Z</time>
        <extensions><gpxtpx:TrackPointExtension><gpxtpx:hr>108</gpxtpx:hr></gpxtpx:TrackPointExtension></extensions>
      </trkpt>
      <trkpt lat="45.8646117" lon="10.8723565">
        <ele>67.80</ele>
        <time>2026-08-30T12:10:49Z</time>
        <extensions><gpxtpx:TrackPointExtension><gpxtpx:hr>108</gpxtpx:hr></gpxtpx:TrackPointExtension></extensions>
      </trkpt>
      <trkpt lat="45.8645883" lon="10.8724286">
        <ele>67.80</ele>
        <time>2026-08-30T12:10:50Z</time>
        <extensions><gpxtpx:TrackPointExtension><gpxtpx:hr>108</gpxtpx:hr></gpxtpx:TrackPointExtension></extensions>
      </trkpt>
      <trkpt lat="45.8645692" lon="10.8724996">
        <ele>67.40</ele>
        <time>2026-08-30T12:10:51Z</time>
        <extensions><gpxtpx:TrackPointExtension><gpxtpx:hr>108</gpxtpx:hr></gpxtpx:TrackPointExtension></extensions>
      </trkpt>
      <trkpt lat="45.8645453" lon="10.8725714">
        <ele>67.20</ele>
        <time>2026-08-30T12:10:52Z</time>
        <extensions><gpxtpx:TrackPointExtension><gpxtpx:hr>108</gpxtpx:hr></gpxtpx:TrackPointExtension></extensions>
      </trkpt>
      <trkpt lat="45.8645202" lon="10.8726491">
        <ele>67.00</ele>
        <time>2026-08-30T12:10:53Z</time>
        <extensions><gpxtpx:TrackPointExtension><gpxtpx:hr>107</gpxtpx:hr></gpxtpx:TrackPointExtension></extensions>
      </trkpt>
      <trkpt lat="45.8645049" lon="10.8727307">
        <ele>66.80</ele>
        <time>2026-08-30T12:10:54Z</time>
        <extensions><gpxtpx:TrackPointExtension><gpxtpx:hr>107</gpxtpx:hr></gpxtpx:TrackPointExtension></extensions>
      </trkpt>
      <trkpt lat="45.8644901" lon="10.8728096">
        <ele>66.80</ele>
        <time>2026-08-30T12:10:55Z</time>
        <extensions><gpxtpx:TrackPointExtension><gpxtpx:hr>108</gpxtpx:hr></gpxtpx:TrackPointExtension></extensions>
      </trkpt>
      <trkpt lat="45.8644647" lon="10.8728858">
        <ele>67.00</ele>
        <time>2026-08-30T12:10:56Z</time>
        <extensions><gpxtpx:TrackPointExtension><gpxtpx:hr>108</gpxtpx:hr></gpxtpx:TrackPointExtension></extensions>
      </trkpt>
      <trkpt lat="45.8644407" lon="10.8729470">
        <ele>67.20</ele>
        <time>2026-08-30T12:10:57Z</time>
        <extensions><gpxtpx:TrackPointExtension><gpxtpx:hr>108</gpxtpx:hr></gpxtpx:TrackPointExtension></extensions>
      </trkpt>
      <trkpt lat="45.8644145" lon="10.8730059">
        <ele>67.00</ele>
        <time>2026-08-30T12:10:58Z</time>
        <extensions><gpxtpx:TrackPointExtension><gpxtpx:hr>108</gpxtpx:hr></gpxtpx:TrackPointExtension></extensions>
      </trkpt>
      <trkpt lat="45.8643875" lon="10.8730824">
        <ele>66.80</ele>
        <time>2026-08-30T12:10:59Z</time>
        <extensions><gpxtpx:TrackPointExtension><gpxtpx:hr>108</gpxtpx:hr></gpxtpx:TrackPointExtension></extensions>
      </trkpt>
      <trkpt lat="45.8643709" lon="10.8731414">
        <ele>66.80</ele>
        <time>2026-08-30T12:11:00Z</time>
        <extensions><gpxtpx:TrackPointExtension><gpxtpx:hr>109</gpxtpx:hr></gpxtpx:TrackPointExtension></extensions>
      </trkpt>
      <trkpt lat="45.8643501" lon="10.8732066">
        <ele>66.60</ele>
        <time>2026-08-30T12:11:01Z</time>
        <extensions><gpxtpx:TrackPointExtension><gpxtpx:hr>109</gpxtpx:hr></gpxtpx:TrackPointExtension></extensions>
      </trkpt>
      <trkpt lat="45.8643326" lon="10.8732810">
        <ele>66.00</ele>
        <time>2026-08-30T12:11:02Z</time>
        <extensions><gpxtpx:TrackPointExtension><gpxtpx:hr>109</gpxtpx:hr></gpxtpx:TrackPointExtension></extensions>
      </trkpt>
      <trkpt lat="45.8643124" lon="10.8733579">
        <ele>65.80</ele>
        <time>2026-08-30T12:11:03Z</time>
        <extensions><gpxtpx:TrackPointExtension><gpxtpx:hr>108</gpxtpx:hr></gpxtpx:TrackPointExtension></extensions>
      </trkpt>
      <trkpt lat="45.8642890" lon="10.8734308">
        <ele>65.80</ele>
        <time>2026-08-30T12:11:04Z</time>
        <extensions><gpxtpx:TrackPointExtension><gpxtpx:hr>108</gpxtpx:hr></gpxtpx:TrackPointExtension></extensions>
      </trkpt>
      <trkpt lat="45.8642631" lon="10.8734951">
        <ele>65.80</ele>
        <time>2026-08-30T12:11:05Z</time>
        <extensions><gpxtpx:TrackPointExtension><gpxtpx:hr>108</gpxtpx:hr></gpxtpx:TrackPointExtension></extensions>
      </trkpt>
      <trkpt lat="45.8642403" lon="10.8735611">
        <ele>65.60</ele>
        <time>2026-08-30T12:11:06Z</time>
        <extensions><gpxtpx:TrackPointExtension><gpxtpx:hr>108</gpxtpx:hr></gpxtpx:TrackPointExtension></extensions>
      </trkpt>
      <trkpt lat="45.8642186" lon="10.8736207">
        <ele>65.80</ele>
        <time>2026-08-30T12:11:07Z</time>
        <extensions><gpxtpx:TrackPointExtension><gpxtpx:hr>108</gpxtpx:hr></gpxtpx:TrackPointExtension></extensions>
      </trkpt>
      <trkpt lat="45.8641900" lon="10.8736794">
        <ele>66.20</ele>
        <time>2026-08-30T12:11:08Z</time>
        <extensions><gpxtpx:TrackPointExtension><gpxtpx:hr>108</gpxtpx:hr></gpxtpx:TrackPointExtension></extensions>
      </trkpt>
      <trkpt lat="45.8641641" lon="10.8737310">
        <ele>66.00</ele>
        <time>2026-08-30T12:11:09Z</time>
        <extensions><gpxtpx:TrackPointExtension><gpxtpx:hr>107</gpxtpx:hr></gpxtpx:TrackPointExtension></extensions>
      </trkpt>
      <trkpt lat="45.8641561" lon="10.8737944">
        <ele>65.80</ele>
        <time>2026-08-30T12:11:10Z</time>
        <extensions><gpxtpx:TrackPointExtension><gpxtpx:hr>107</gpxtpx:hr></gpxtpx:TrackPointExtension></extensions>
      </trkpt>
      <trkpt lat="45.8641526" lon="10.8738548">
        <ele>65.60</ele>
        <time>2026-08-30T12:11:11Z</time>
        <extensions><gpxtpx:TrackPointExtension><gpxtpx:hr>106</gpxtpx:hr></gpxtpx:TrackPointExtension></extensions>
      </trkpt>
      <trkpt lat="45.8641423" lon="10.8739106">
        <ele>65.40</ele>
        <time>2026-08-30T12:11:12Z</time>
        <extensions><gpxtpx:TrackPointExtension><gpxtpx:hr>106</gpxtpx:hr></gpxtpx:TrackPointExtension></extensions>
      </trkpt>
      <trkpt lat="45.8641404" lon="10.8739750">
        <ele>65.20</ele>
        <time>2026-08-30T12:11:13Z</time>
        <extensions><gpxtpx:TrackPointExtension><gpxtpx:hr>106</gpxtpx:hr></gpxtpx:TrackPointExtension></extensions>
      </trkpt>
      <trkpt lat="45.8641481" lon="10.8740445">
        <ele>65.20</ele>
        <time>2026-08-30T12:11:14Z</time>
        <extensions><gpxtpx:TrackPointExtension><gpxtpx:hr>106</gpxtpx:hr></gpxtpx:TrackPointExtension></extensions>
      </trkpt>
      <trkpt lat="45.8641585" lon="10.8741146">
        <ele>65.00</ele>
        <time>2026-08-30T12:11:15Z</time>
        <extensions><gpxtpx:TrackPointExtension><gpxtpx:hr>106</gpxtpx:hr></gpxtpx:TrackPointExtension></extensions>
      </trkpt>
      <trkpt lat="45.8641853" lon="10.8741574">
        <ele>64.80</ele>
        <time>2026-08-30T12:11:16Z</time>
        <extensions><gpxtpx:TrackPointExtension><gpxtpx:hr>107</gpxtpx:hr></gpxtpx:TrackPointExtension></extensions>
      </trkpt>
      <trkpt lat="45.8642264" lon="10.8741850">
        <ele>64.40</ele>
        <time>2026-08-30T12:11:17Z</time>
        <extensions><gpxtpx:TrackPointExtension><gpxtpx:hr>107</gpxtpx:hr></gpxtpx:TrackPointExtension></extensions>
      </trkpt>
      <trkpt lat="45.8642637" lon="10.8741795">
        <ele>63.80</ele>
        <time>2026-08-30T12:11:18Z</time>
        <extensions><gpxtpx:TrackPointExtension><gpxtpx:hr>108</gpxtpx:hr></gpxtpx:TrackPointExtension></extensions>
      </trkpt>
      <trkpt lat="45.8642847" lon="10.8741487">
        <ele>63.40</ele>
        <time>2026-08-30T12:11:19Z</time>
        <extensions><gpxtpx:TrackPointExtension><gpxtpx:hr>108</gpxtpx:hr></gpxtpx:TrackPointExtension></extensions>
      </trkpt>
      <trkpt lat="45.8643156" lon="10.8741099">
        <ele>63.00</ele>
        <time>2026-08-30T12:11:20Z</time>
        <extensions><gpxtpx:TrackPointExtension><gpxtpx:hr>108</gpxtpx:hr></gpxtpx:TrackPointExtension></extensions>
      </trkpt>
      <trkpt lat="45.8643279" lon="10.8740612">
        <ele>62.80</ele>
        <time>2026-08-30T12:11:21Z</time>
        <extensions><gpxtpx:TrackPointExtension><gpxtpx:hr>108</gpxtpx:hr></gpxtpx:TrackPointExtension></extensions>
      </trkpt>
      <trkpt lat="45.8643433" lon="10.8739917">
        <ele>62.80</ele>
        <time>2026-08-30T12:11:22Z</time>
        <extensions><gpxtpx:TrackPointExtension><gpxtpx:hr>109</gpxtpx:hr></gpxtpx:TrackPointExtension></extensions>
      </trkpt>
      <trkpt lat="45.8643559" lon="10.8739255">
        <ele>63.40</ele>
        <time>2026-08-30T12:11:23Z</time>
        <extensions><gpxtpx:TrackPointExtension><gpxtpx:hr>109</gpxtpx:hr></gpxtpx:TrackPointExtension></extensions>
      </trkpt>
      <trkpt lat="45.8643602" lon="10.8738570">
        <ele>64.20</ele>
        <time>2026-08-30T12:11:24Z</time>
        <extensions><gpxtpx:TrackPointExtension><gpxtpx:hr>110</gpxtpx:hr></gpxtpx:TrackPointExtension></extensions>
      </trkpt>
      <trkpt lat="45.8643640" lon="10.8737870">
        <ele>65.00</ele>
        <time>2026-08-30T12:11:25Z</time>
        <extensions><gpxtpx:TrackPointExtension><gpxtpx:hr>110</gpxtpx:hr></gpxtpx:TrackPointExtension></extensions>
      </trkpt>
      <trkpt lat="45.8643658" lon="10.8737078">
        <ele>65.00</ele>
        <time>2026-08-30T12:11:26Z</time>
        <extensions><gpxtpx:TrackPointExtension><gpxtpx:hr>110</gpxtpx:hr></gpxtpx:TrackPointExtension></extensions>
      </trkpt>
      <trkpt lat="45.8643698" lon="10.8736269">
        <ele>65.20</ele>
        <time>2026-08-30T12:11:27Z</time>
        <extensions><gpxtpx:TrackPointExtension><gpxtpx:hr>110</gpxtpx:hr></gpxtpx:TrackPointExtension></extensions>
      </trkpt>
      <trkpt lat="45.8643768" lon="10.8735466">
        <ele>65.20</ele>
        <time>2026-08-30T12:11:28Z</time>
        <extensions><gpxtpx:TrackPointExtension><gpxtpx:hr>110</gpxtpx:hr></gpxtpx:TrackPointExtension></extensions>
      </trkpt>
      <trkpt lat="45.8643785" lon="10.8734702">
        <ele>65.00</ele>
        <time>2026-08-30T12:11:29Z</time>
        <extensions><gpxtpx:TrackPointExtension><gpxtpx:hr>110</gpxtpx:hr></gpxtpx:TrackPointExtension></extensions>
      </trkpt>
      <trkpt lat="45.8643763" lon="10.8733857">
        <ele>64.40</ele>
        <time>2026-08-30T12:11:30Z</time>
        <extensions><gpxtpx:TrackPointExtension><gpxtpx:hr>110</gpxtpx:hr></gpxtpx:TrackPointExtension></extensions>
      </trkpt>
      <trkpt lat="45.8643709" lon="10.8733078">
        <ele>64.60</ele>
        <time>2026-08-30T12:11:31Z</time>
        <extensions><gpxtpx:TrackPointExtension><gpxtpx:hr>110</gpxtpx:hr></gpxtpx:TrackPointExtension></extensions>
      </trkpt>
      <trkpt lat="45.8643727" lon="10.8732366">
        <ele>65.00</ele>
        <time>2026-08-30T12:11:32Z</time>
        <extensions><gpxtpx:TrackPointExtension><gpxtpx:hr>110</gpxtpx:hr></gpxtpx:TrackPointExtension></extensions>
      </trkpt>
      <trkpt lat="45.8643744" lon="10.8731611">
        <ele>64.80</ele>
        <time>2026-08-30T12:11:33Z</time>
        <extensions><gpxtpx:TrackPointExtension><gpxtpx:hr>109</gpxtpx:hr></gpxtpx:TrackPointExtension></extensions>
      </trkpt>
      <trkpt lat="45.8643800" lon="10.8730887">
        <ele>64.80</ele>
        <time>2026-08-30T12:11:34Z</time>
        <extensions><gpxtpx:TrackPointExtension><gpxtpx:hr>108</gpxtpx:hr></gpxtpx:TrackPointExtension></extensions>
      </trkpt>
      <trkpt lat="45.8643880" lon="10.8730202">
        <ele>65.20</ele>
        <time>2026-08-30T12:11:35Z</time>
        <extensions><gpxtpx:TrackPointExtension><gpxtpx:hr>107</gpxtpx:hr></gpxtpx:TrackPointExtension></extensions>
      </trkpt>
      <trkpt lat="45.8643916" lon="10.8729533">
        <ele>65.20</ele>
        <time>2026-08-30T12:11:36Z</time>
        <extensions><gpxtpx:TrackPointExtension><gpxtpx:hr>106</gpxtpx:hr></gpxtpx:TrackPointExtension></extensions>
      </trkpt>
      <trkpt lat="45.8643986" lon="10.8728879">
        <ele>65.00</ele>
        <time>2026-08-30T12:11:37Z</time>
        <extensions><gpxtpx:TrackPointExtension><gpxtpx:hr>106</gpxtpx:hr></gpxtpx:TrackPointExtension></extensions>
      </trkpt>
      <trkpt lat="45.8644116" lon="10.8728184">
        <ele>65.00</ele>
        <time>2026-08-30T12:11:38Z</time>
        <extensions><gpxtpx:TrackPointExtension><gpxtpx:hr>106</gpxtpx:hr></gpxtpx:TrackPointExtension></extensions>
      </trkpt>
      <trkpt lat="45.8644149" lon="10.8727537">
        <ele>64.80</ele>
        <time>2026-08-30T12:11:39Z</time>
        <extensions><gpxtpx:TrackPointExtension><gpxtpx:hr>107</gpxtpx:hr></gpxtpx:TrackPointExtension></extensions>
      </trkpt>
      <trkpt lat="45.8644166" lon="10.8726844">
        <ele>64.60</ele>
        <time>2026-08-30T12:11:40Z</time>
        <extensions><gpxtpx:TrackPointExtension><gpxtpx:hr>107</gpxtpx:hr></gpxtpx:TrackPointExtension></extensions>
      </trkpt>
      <trkpt lat="45.8644203" lon="10.8726118">
        <ele>64.80</ele>
        <time>2026-08-30T12:11:41Z</time>
        <extensions><gpxtpx:TrackPointExtension><gpxtpx:hr>108</gpxtpx:hr></gpxtpx:TrackPointExtension></extensions>
      </trkpt>
      <trkpt lat="45.8644219" lon="10.8725409">
        <ele>65.00</ele>
        <time>2026-08-30T12:11:42Z</time>
        <extensions><gpxtpx:TrackPointExtension><gpxtpx:hr>109</gpxtpx:hr></gpxtpx:TrackPointExtension></extensions>
      </trkpt>
      <trkpt lat="45.8644299" lon="10.8724665">
        <ele>65.00</ele>
        <time>2026-08-30T12:11:43Z</time>
        <extensions><gpxtpx:TrackPointExtension><gpxtpx:hr>110</gpxtpx:hr></gpxtpx:TrackPointExtension></extensions>
      </trkpt>
      <trkpt lat="45.8644409" lon="10.8723978">
        <ele>64.80</ele>
        <time>2026-08-30T12:11:44Z</time>
        <extensions><gpxtpx:TrackPointExtension><gpxtpx:hr>111</gpxtpx:hr></gpxtpx:TrackPointExtension></extensions>
      </trkpt>
      <trkpt lat="45.8644577" lon="10.8723238">
        <ele>64.40</ele>
        <time>2026-08-30T12:11:45Z</time>
        <extensions><gpxtpx:TrackPointExtension><gpxtpx:hr>111</gpxtpx:hr></gpxtpx:TrackPointExtension></extensions>
      </trkpt>
      <trkpt lat="45.8644667" lon="10.8722478">
        <ele>64.20</ele>
        <time>2026-08-30T12:11:46Z</time>
        <extensions><gpxtpx:TrackPointExtension><gpxtpx:hr>109</gpxtpx:hr></gpxtpx:TrackPointExtension></extensions>
      </trkpt>
      <trkpt lat="45.8644942" lon="10.8721782">
        <ele>64.00</ele>
        <time>2026-08-30T12:11:47Z</time>
        <extensions><gpxtpx:TrackPointExtension><gpxtpx:hr>106</gpxtpx:hr></gpxtpx:TrackPointExtension></extensions>
      </trkpt>
      <trkpt lat="45.8645333" lon="10.8721164">
        <ele>63.60</ele>
        <time>2026-08-30T12:11:48Z</time>
        <extensions><gpxtpx:TrackPointExtension><gpxtpx:hr>106</gpxtpx:hr></gpxtpx:TrackPointExtension></extensions>
      </trkpt>
      <trkpt lat="45.8645833" lon="10.8720943">
        <ele>63.40</ele>
        <time>2026-08-30T12:11:49Z</time>
        <extensions><gpxtpx:TrackPointExtension><gpxtpx:hr>105</gpxtpx:hr></gpxtpx:TrackPointExtension></extensions>
      </trkpt>
      <trkpt lat="45.8646263" lon="10.8721204">
        <ele>63.80</ele>
        <time>2026-08-30T12:11:50Z</time>
        <extensions><gpxtpx:TrackPointExtension><gpxtpx:hr>105</gpxtpx:hr></gpxtpx:TrackPointExtension></extensions>
      </trkpt>
      <trkpt lat="45.8646473" lon="10.8721775">
        <ele>64.00</ele>
        <time>2026-08-30T12:11:51Z</time>
        <extensions><gpxtpx:TrackPointExtension><gpxtpx:hr>105</gpxtpx:hr></gpxtpx:TrackPointExtension></extensions>
      </trkpt>
      <trkpt lat="45.8646538" lon="10.8722394">
        <ele>64.40</ele>
        <time>2026-08-30T12:11:52Z</time>
        <extensions><gpxtpx:TrackPointExtension><gpxtpx:hr>104</gpxtpx:hr></gpxtpx:TrackPointExtension></extensions>
      </trkpt>
      <trkpt lat="45.8646516" lon="10.8723087">
        <ele>65.40</ele>
        <time>2026-08-30T12:11:53Z</time>
        <extensions><gpxtpx:TrackPointExtension><gpxtpx:hr>105</gpxtpx:hr></gpxtpx:TrackPointExtension></extensions>
      </trkpt>
      <trkpt lat="45.8646448" lon="10.8723780">
        <ele>66.00</ele>
        <time>2026-08-30T12:11:54Z</time>
        <extensions><gpxtpx:TrackPointExtension><gpxtpx:hr>105</gpxtpx:hr></gpxtpx:TrackPointExtension></extensions>
      </trkpt>
      <trkpt lat="45.8646278" lon="10.8724502">
        <ele>66.40</ele>
        <time>2026-08-30T12:11:55Z</time>
        <extensions><gpxtpx:TrackPointExtension><gpxtpx:hr>106</gpxtpx:hr></gpxtpx:TrackPointExtension></extensions>
      </trkpt>
      <trkpt lat="45.8646068" lon="10.8725211">
        <ele>67.00</ele>
        <time>2026-08-30T12:11:56Z</time>
        <extensions><gpxtpx:TrackPointExtension><gpxtpx:hr>109</gpxtpx:hr></gpxtpx:TrackPointExtension></extensions>
      </trkpt>
      <trkpt lat="45.8645756" lon="10.8725766">
        <ele>67.20</ele>
        <time>2026-08-30T12:11:57Z</time>
        <extensions><gpxtpx:TrackPointExtension><gpxtpx:hr>110</gpxtpx:hr></gpxtpx:TrackPointExtension></extensions>
      </trkpt>
      <trkpt lat="45.8645406" lon="10.8726352">
        <ele>67.20</ele>
        <time>2026-08-30T12:11:58Z</time>
        <extensions><gpxtpx:TrackPointExtension><gpxtpx:hr>111</gpxtpx:hr></gpxtpx:TrackPointExtension></extensions>
      </trkpt>
      <trkpt lat="45.8645102" lon="10.8726980">
        <ele>67.20</ele>
        <time>2026-08-30T12:11:59Z</time>
        <extensions><gpxtpx:TrackPointExtension><gpxtpx:hr>112</gpxtpx:hr></gpxtpx:TrackPointExtension></extensions>
      </trkpt>
      <trkpt lat="45.8644802" lon="10.8727635">
        <ele>67.20</ele>
        <time>2026-08-30T12:12:00Z</time>
        <extensions><gpxtpx:TrackPointExtension><gpxtpx:hr>113</gpxtpx:hr></gpxtpx:TrackPointExtension></extensions>
      </trkpt>
      <trkpt lat="45.8644479" lon="10.8728305">
        <ele>66.80</ele>
        <time>2026-08-30T12:12:01Z</time>
        <extensions><gpxtpx:TrackPointExtension><gpxtpx:hr>114</gpxtpx:hr></gpxtpx:TrackPointExtension></extensions>
      </trkpt>
      <trkpt lat="45.8644156" lon="10.8728964">
        <ele>67.00</ele>
        <time>2026-08-30T12:12:02Z</time>
        <extensions><gpxtpx:TrackPointExtension><gpxtpx:hr>113</gpxtpx:hr></gpxtpx:TrackPointExtension></extensions>
      </trkpt>
      <trkpt lat="45.8643830" lon="10.8729505">
        <ele>67.00</ele>
        <time>2026-08-30T12:12:03Z</time>
        <extensions><gpxtpx:TrackPointExtension><gpxtpx:hr>113</gpxtpx:hr></gpxtpx:TrackPointExtension></extensions>
      </trkpt>
      <trkpt lat="45.8643640" lon="10.8730159">
        <ele>67.00</ele>
        <time>2026-08-30T12:12:04Z</time>
        <extensions><gpxtpx:TrackPointExtension><gpxtpx:hr>113</gpxtpx:hr></gpxtpx:TrackPointExtension></extensions>
      </trkpt>
      <trkpt lat="45.8643548" lon="10.8730925">
        <ele>66.80</ele>
        <time>2026-08-30T12:12:05Z</time>
        <extensions><gpxtpx:TrackPointExtension><gpxtpx:hr>113</gpxtpx:hr></gpxtpx:TrackPointExtension></extensions>
      </trkpt>
      <trkpt lat="45.8643429" lon="10.8731791">
        <ele>66.60</ele>
        <time>2026-08-30T12:12:06Z</time>
        <extensions><gpxtpx:TrackPointExtension><gpxtpx:hr>112</gpxtpx:hr></gpxtpx:TrackPointExtension></extensions>
      </trkpt>
      <trkpt lat="45.8643218" lon="10.8732493">
        <ele>66.20</ele>
        <time>2026-08-30T12:12:07Z</time>
        <extensions><gpxtpx:TrackPointExtension><gpxtpx:hr>112</gpxtpx:hr></gpxtpx:TrackPointExtension></extensions>
      </trkpt>
      <trkpt lat="45.8643039" lon="10.8733186">
        <ele>66.20</ele>
        <time>2026-08-30T12:12:08Z</time>
        <extensions><gpxtpx:TrackPointExtension><gpxtpx:hr>112</gpxtpx:hr></gpxtpx:TrackPointExtension></extensions>
      </trkpt>
      <trkpt lat="45.8642823" lon="10.8733813">
        <ele>66.00</ele>
        <time>2026-08-30T12:12:09Z</time>
        <extensions><gpxtpx:TrackPointExtension><gpxtpx:hr>113</gpxtpx:hr></gpxtpx:TrackPointExtension></extensions>
      </trkpt>
      <trkpt lat="45.8642828" lon="10.8734427">
        <ele>65.80</ele>
        <time>2026-08-30T12:12:10Z</time>
        <extensions><gpxtpx:TrackPointExtension><gpxtpx:hr>113</gpxtpx:hr></gpxtpx:TrackPointExtension></extensions>
      </trkpt>
      <trkpt lat="45.8643081" lon="10.8735071">
        <ele>65.40</ele>
        <time>2026-08-30T12:12:11Z</time>
        <extensions><gpxtpx:TrackPointExtension><gpxtpx:hr>114</gpxtpx:hr></gpxtpx:TrackPointExtension></extensions>
      </trkpt>
      <trkpt lat="45.8643450" lon="10.8735291">
        <ele>64.80</ele>
        <time>2026-08-30T12:12:12Z</time>
        <extensions><gpxtpx:TrackPointExtension><gpxtpx:hr>113</gpxtpx:hr></gpxtpx:TrackPointExtension></extensions>
      </trkpt>
      <trkpt lat="45.8643844" lon="10.8735195">
        <ele>64.20</ele>
        <time>2026-08-30T12:12:13Z</time>
        <extensions><gpxtpx:TrackPointExtension><gpxtpx:hr>113</gpxtpx:hr></gpxtpx:TrackPointExtension></extensions>
      </trkpt>
      <trkpt lat="45.8644267" lon="10.8734854">
        <ele>63.40</ele>
        <time>2026-08-30T12:12:14Z</time>
        <extensions><gpxtpx:TrackPointExtension><gpxtpx:hr>112</gpxtpx:hr></gpxtpx:TrackPointExtension></extensions>
      </trkpt>
      <trkpt lat="45.8644486" lon="10.8734284">
        <ele>63.40</ele>
        <time>2026-08-30T12:12:15Z</time>
        <extensions><gpxtpx:TrackPointExtension><gpxtpx:hr>112</gpxtpx:hr></gpxtpx:TrackPointExtension></extensions>
      </trkpt>
      <trkpt lat="45.8644546" lon="10.8733581">
        <ele>62.60</ele>
        <time>2026-08-30T12:12:16Z</time>
        <extensions><gpxtpx:TrackPointExtension><gpxtpx:hr>112</gpxtpx:hr></gpxtpx:TrackPointExtension></extensions>
      </trkpt>
      <trkpt lat="45.8644641" lon="10.8732849">
        <ele>62.40</ele>
        <time>2026-08-30T12:12:17Z</time>
        <extensions><gpxtpx:TrackPointExtension><gpxtpx:hr>113</gpxtpx:hr></gpxtpx:TrackPointExtension></extensions>
      </trkpt>
      <trkpt lat="45.8644681" lon="10.8732098">
        <ele>62.20</ele>
        <time>2026-08-30T12:12:18Z</time>
        <extensions><gpxtpx:TrackPointExtension><gpxtpx:hr>112</gpxtpx:hr></gpxtpx:TrackPointExtension></extensions>
      </trkpt>
      <trkpt lat="45.8644661" lon="10.8731253">
        <ele>63.60</ele>
        <time>2026-08-30T12:12:19Z</time>
        <extensions><gpxtpx:TrackPointExtension><gpxtpx:hr>112</gpxtpx:hr></gpxtpx:TrackPointExtension></extensions>
      </trkpt>
      <trkpt lat="45.8644685" lon="10.8730429">
        <ele>64.60</ele>
        <time>2026-08-30T12:12:20Z</time>
        <extensions><gpxtpx:TrackPointExtension><gpxtpx:hr>113</gpxtpx:hr></gpxtpx:TrackPointExtension></extensions>
      </trkpt>
      <trkpt lat="45.8644775" lon="10.8729642">
        <ele>65.80</ele>
        <time>2026-08-30T12:12:21Z</time>
        <extensions><gpxtpx:TrackPointExtension><gpxtpx:hr>113</gpxtpx:hr></gpxtpx:TrackPointExtension></extensions>
      </trkpt>
      <trkpt lat="45.8644773" lon="10.8728706">
        <ele>64.80</ele>
        <time>2026-08-30T12:12:22Z</time>
        <extensions><gpxtpx:TrackPointExtension><gpxtpx:hr>113</gpxtpx:hr></gpxtpx:TrackPointExtension></extensions>
      </trkpt>
      <trkpt lat="45.8644885" lon="10.8727817">
        <ele>64.80</ele>
        <time>2026-08-30T12:12:23Z</time>
        <extensions><gpxtpx:TrackPointExtension><gpxtpx:hr>113</gpxtpx:hr></gpxtpx:TrackPointExtension></extensions>
      </trkpt>
      <trkpt lat="45.8644993" lon="10.8726918">
        <ele>64.20</ele>
        <time>2026-08-30T12:12:24Z</time>
        <extensions><gpxtpx:TrackPointExtension><gpxtpx:hr>114</gpxtpx:hr></gpxtpx:TrackPointExtension></extensions>
      </trkpt>
      <trkpt lat="45.8645078" lon="10.8726051">
        <ele>64.40</ele>
        <time>2026-08-30T12:12:25Z</time>
        <extensions><gpxtpx:TrackPointExtension><gpxtpx:hr>115</gpxtpx:hr></gpxtpx:TrackPointExtension></extensions>
      </trkpt>
      <trkpt lat="45.8645180" lon="10.8725191">
        <ele>64.60</ele>
        <time>2026-08-30T12:12:26Z</time>
        <extensions><gpxtpx:TrackPointExtension><gpxtpx:hr>115</gpxtpx:hr></gpxtpx:TrackPointExtension></extensions>
      </trkpt>
      <trkpt lat="45.8645298" lon="10.8724277">
        <ele>64.80</ele>
        <time>2026-08-30T12:12:27Z</time>
        <extensions><gpxtpx:TrackPointExtension><gpxtpx:hr>116</gpxtpx:hr></gpxtpx:TrackPointExtension></extensions>
      </trkpt>
      <trkpt lat="45.8645333" lon="10.8723492">
        <ele>65.00</ele>
        <time>2026-08-30T12:12:28Z</time>
        <extensions><gpxtpx:TrackPointExtension><gpxtpx:hr>116</gpxtpx:hr></gpxtpx:TrackPointExtension></extensions>
      </trkpt>
      <trkpt lat="45.8645405" lon="10.8722666">
        <ele>64.60</ele>
        <time>2026-08-30T12:12:29Z</time>
        <extensions><gpxtpx:TrackPointExtension><gpxtpx:hr>115</gpxtpx:hr></gpxtpx:TrackPointExtension></extensions>
      </trkpt>
      <trkpt lat="45.8645492" lon="10.8721878">
        <ele>64.40</ele>
        <time>2026-08-30T12:12:30Z</time>
        <extensions><gpxtpx:TrackPointExtension><gpxtpx:hr>114</gpxtpx:hr></gpxtpx:TrackPointExtension></extensions>
      </trkpt>
      <trkpt lat="45.8645505" lon="10.8721018">
        <ele>64.20</ele>
        <time>2026-08-30T12:12:31Z</time>
        <extensions><gpxtpx:TrackPointExtension><gpxtpx:hr>114</gpxtpx:hr></gpxtpx:TrackPointExtension></extensions>
      </trkpt>
      <trkpt lat="45.8645497" lon="10.8720164">
        <ele>64.20</ele>
        <time>2026-08-30T12:12:32Z</time>
        <extensions><gpxtpx:TrackPointExtension><gpxtpx:hr>113</gpxtpx:hr></gpxtpx:TrackPointExtension></extensions>
      </trkpt>
      <trkpt lat="45.8645403" lon="10.8719349">
        <ele>64.40</ele>
        <time>2026-08-30T12:12:33Z</time>
        <extensions><gpxtpx:TrackPointExtension><gpxtpx:hr>113</gpxtpx:hr></gpxtpx:TrackPointExtension></extensions>
      </trkpt>
      <trkpt lat="45.8645379" lon="10.8718580">
        <ele>64.20</ele>
        <time>2026-08-30T12:12:34Z</time>
        <extensions><gpxtpx:TrackPointExtension><gpxtpx:hr>113</gpxtpx:hr></gpxtpx:TrackPointExtension></extensions>
      </trkpt>
      <trkpt lat="45.8645403" lon="10.8717820">
        <ele>64.20</ele>
        <time>2026-08-30T12:12:35Z</time>
        <extensions><gpxtpx:TrackPointExtension><gpxtpx:hr>113</gpxtpx:hr></gpxtpx:TrackPointExtension></extensions>
      </trkpt>
      <trkpt lat="45.8645450" lon="10.8717011">
        <ele>64.40</ele>
        <time>2026-08-30T12:12:36Z</time>
        <extensions><gpxtpx:TrackPointExtension><gpxtpx:hr>112</gpxtpx:hr></gpxtpx:TrackPointExtension></extensions>
      </trkpt>
      <trkpt lat="45.8645535" lon="10.8716258">
        <ele>64.40</ele>
        <time>2026-08-30T12:12:37Z</time>
        <extensions><gpxtpx:TrackPointExtension><gpxtpx:hr>112</gpxtpx:hr></gpxtpx:TrackPointExtension></extensions>
      </trkpt>
      <trkpt lat="45.8645595" lon="10.8715526">
        <ele>64.40</ele>
        <time>2026-08-30T12:12:38Z</time>
        <extensions><gpxtpx:TrackPointExtension><gpxtpx:hr>112</gpxtpx:hr></gpxtpx:TrackPointExtension></extensions>
      </trkpt>
      <trkpt lat="45.8645641" lon="10.8714812">
        <ele>64.40</ele>
        <time>2026-08-30T12:12:39Z</time>
        <extensions><gpxtpx:TrackPointExtension><gpxtpx:hr>112</gpxtpx:hr></gpxtpx:TrackPointExtension></extensions>
      </trkpt>
      <trkpt lat="45.8645659" lon="10.8713986">
        <ele>64.40</ele>
        <time>2026-08-30T12:12:40Z</time>
        <extensions><gpxtpx:TrackPointExtension><gpxtpx:hr>112</gpxtpx:hr></gpxtpx:TrackPointExtension></extensions>
      </trkpt>
      <trkpt lat="45.8645695" lon="10.8713246">
        <ele>64.20</ele>
        <time>2026-08-30T12:12:41Z</time>
        <extensions><gpxtpx:TrackPointExtension><gpxtpx:hr>112</gpxtpx:hr></gpxtpx:TrackPointExtension></extensions>
      </trkpt>
      <trkpt lat="45.8645700" lon="10.8712482">
        <ele>63.20</ele>
        <time>2026-08-30T12:12:42Z</time>
        <extensions><gpxtpx:TrackPointExtension><gpxtpx:hr>113</gpxtpx:hr></gpxtpx:TrackPointExtension></extensions>
      </trkpt>
      <trkpt lat="45.8645781" lon="10.8711709">
        <ele>62.60</ele>
        <time>2026-08-30T12:12:43Z</time>
        <extensions><gpxtpx:TrackPointExtension><gpxtpx:hr>113</gpxtpx:hr></gpxtpx:TrackPointExtension></extensions>
      </trkpt>
      <trkpt lat="45.8645891" lon="10.8710925">
        <ele>62.60</ele>
        <time>2026-08-30T12:12:44Z</time>
        <extensions><gpxtpx:TrackPointExtension><gpxtpx:hr>114</gpxtpx:hr></gpxtpx:TrackPointExtension></extensions>
      </trkpt>
      <trkpt lat="45.8645979" lon="10.8710145">
        <ele>62.40</ele>
        <time>2026-08-30T12:12:45Z</time>
        <extensions><gpxtpx:TrackPointExtension><gpxtpx:hr>114</gpxtpx:hr></gpxtpx:TrackPointExtension></extensions>
      </trkpt>
      <trkpt lat="45.8646009" lon="10.8709297">
        <ele>62.40</ele>
        <time>2026-08-30T12:12:46Z</time>
        <extensions><gpxtpx:TrackPointExtension><gpxtpx:hr>114</gpxtpx:hr></gpxtpx:TrackPointExtension></extensions>
      </trkpt>
      <trkpt lat="45.8645923" lon="10.8708482">
        <ele>62.00</ele>
        <time>2026-08-30T12:12:47Z</time>
        <extensions><gpxtpx:TrackPointExtension><gpxtpx:hr>113</gpxtpx:hr></gpxtpx:TrackPointExtension></extensions>
      </trkpt>
      <trkpt lat="45.8645966" lon="10.8707734">
        <ele>61.80</ele>
        <time>2026-08-30T12:12:48Z</time>
        <extensions><gpxtpx:TrackPointExtension><gpxtpx:hr>113</gpxtpx:hr></gpxtpx:TrackPointExtension></extensions>
      </trkpt>
      <trkpt lat="45.8646080" lon="10.8706973">
        <ele>61.80</ele>
        <time>2026-08-30T12:12:49Z</time>
        <extensions><gpxtpx:TrackPointExtension><gpxtpx:hr>114</gpxtpx:hr></gpxtpx:TrackPointExtension></extensions>
      </trkpt>
      <trkpt lat="45.8646221" lon="10.8706272">
        <ele>61.60</ele>
        <time>2026-08-30T12:12:50Z</time>
        <extensions><gpxtpx:TrackPointExtension><gpxtpx:hr>114</gpxtpx:hr></gpxtpx:TrackPointExtension></extensions>
      </trkpt>
      <trkpt lat="45.8646402" lon="10.8705649">
        <ele>61.40</ele>
        <time>2026-08-30T12:12:51Z</time>
        <extensions><gpxtpx:TrackPointExtension><gpxtpx:hr>114</gpxtpx:hr></gpxtpx:TrackPointExtension></extensions>
      </trkpt>
      <trkpt lat="45.8646742" lon="10.8705239">
        <ele>61.80</ele>
        <time>2026-08-30T12:12:52Z</time>
        <extensions><gpxtpx:TrackPointExtension><gpxtpx:hr>115</gpxtpx:hr></gpxtpx:TrackPointExtension></extensions>
      </trkpt>
      <trkpt lat="45.8647224" lon="10.8705132">
        <ele>62.40</ele>
        <time>2026-08-30T12:12:53Z</time>
        <extensions><gpxtpx:TrackPointExtension><gpxtpx:hr>115</gpxtpx:hr></gpxtpx:TrackPointExtension></extensions>
      </trkpt>
      <trkpt lat="45.8647661" lon="10.8705309">
        <ele>62.80</ele>
        <time>2026-08-30T12:12:54Z</time>
        <extensions><gpxtpx:TrackPointExtension><gpxtpx:hr>116</gpxtpx:hr></gpxtpx:TrackPointExtension></extensions>
      </trkpt>
      <trkpt lat="45.8647845" lon="10.8705856">
        <ele>63.20</ele>
        <time>2026-08-30T12:12:55Z</time>
        <extensions><gpxtpx:TrackPointExtension><gpxtpx:hr>116</gpxtpx:hr></gpxtpx:TrackPointExtension></extensions>
      </trkpt>
      <trkpt lat="45.8647953" lon="10.8706488">
        <ele>63.80</ele>
        <time>2026-08-30T12:12:56Z</time>
        <extensions><gpxtpx:TrackPointExtension><gpxtpx:hr>115</gpxtpx:hr></gpxtpx:TrackPointExtension></extensions>
      </trkpt>
      <trkpt lat="45.8647942" lon="10.8707139">
        <ele>64.40</ele>
        <time>2026-08-30T12:12:57Z</time>
        <extensions><gpxtpx:TrackPointExtension><gpxtpx:hr>114</gpxtpx:hr></gpxtpx:TrackPointExtension></extensions>
      </trkpt>
      <trkpt lat="45.8647927" lon="10.8707863">
        <ele>65.00</ele>
        <time>2026-08-30T12:12:58Z</time>
        <extensions><gpxtpx:TrackPointExtension><gpxtpx:hr>114</gpxtpx:hr></gpxtpx:TrackPointExtension></extensions>
      </trkpt>
      <trkpt lat="45.8647768" lon="10.8708596">
        <ele>65.20</ele>
        <time>2026-08-30T12:12:59Z</time>
        <extensions><gpxtpx:TrackPointExtension><gpxtpx:hr>114</gpxtpx:hr></gpxtpx:TrackPointExtension></extensions>
      </trkpt>
      <trkpt lat="45.8647497" lon="10.8709239">
        <ele>65.40</ele>
        <time>2026-08-30T12:13:00Z</time>
        <extensions><gpxtpx:TrackPointExtension><gpxtpx:hr>115</gpxtpx:hr></gpxtpx:TrackPointExtension></extensions>
      </trkpt>
      <trkpt lat="45.8647218" lon="10.8709863">
        <ele>65.80</ele>
        <time>2026-08-30T12:13:01Z</time>
        <extensions><gpxtpx:TrackPointExtension><gpxtpx:hr>114</gpxtpx:hr></gpxtpx:TrackPointExtension></extensions>
      </trkpt>
      <trkpt lat="45.8646816" lon="10.8710304">
        <ele>66.20</ele>
        <time>2026-08-30T12:13:02Z</time>
        <extensions><gpxtpx:TrackPointExtension><gpxtpx:hr>114</gpxtpx:hr></gpxtpx:TrackPointExtension></extensions>
      </trkpt>
      <trkpt lat="45.8646546" lon="10.8710889">
        <ele>66.20</ele>
        <time>2026-08-30T12:13:03Z</time>
        <extensions><gpxtpx:TrackPointExtension><gpxtpx:hr>114</gpxtpx:hr></gpxtpx:TrackPointExtension></extensions>
      </trkpt>
      <trkpt lat="45.8646317" lon="10.8711516">
        <ele>66.00</ele>
        <time>2026-08-30T12:13:04Z</time>
        <extensions><gpxtpx:TrackPointExtension><gpxtpx:hr>114</gpxtpx:hr></gpxtpx:TrackPointExtension></extensions>
      </trkpt>
      <trkpt lat="45.8646145" lon="10.8712166">
        <ele>66.20</ele>
        <time>2026-08-30T12:13:05Z</time>
        <extensions><gpxtpx:TrackPointExtension><gpxtpx:hr>113</gpxtpx:hr></gpxtpx:TrackPointExtension></extensions>
      </trkpt>
      <trkpt lat="45.8645905" lon="10.8712815">
        <ele>65.80</ele>
        <time>2026-08-30T12:13:06Z</time>
        <extensions><gpxtpx:TrackPointExtension><gpxtpx:hr>112</gpxtpx:hr></gpxtpx:TrackPointExtension></extensions>
      </trkpt>
      <trkpt lat="45.8645605" lon="10.8713409">
        <ele>65.60</ele>
        <time>2026-08-30T12:13:07Z</time>
        <extensions><gpxtpx:TrackPointExtension><gpxtpx:hr>112</gpxtpx:hr></gpxtpx:TrackPointExtension></extensions>
      </trkpt>
      <trkpt lat="45.8645371" lon="10.8713959">
        <ele>65.60</ele>
        <time>2026-08-30T12:13:08Z</time>
        <extensions><gpxtpx:TrackPointExtension><gpxtpx:hr>112</gpxtpx:hr></gpxtpx:TrackPointExtension></extensions>
      </trkpt>
      <trkpt lat="45.8645116" lon="10.8714626">
        <ele>66.00</ele>
        <time>2026-08-30T12:13:09Z</time>
        <extensions><gpxtpx:TrackPointExtension><gpxtpx:hr>112</gpxtpx:hr></gpxtpx:TrackPointExtension></extensions>
      </trkpt>
      <trkpt lat="45.8644823" lon="10.8715250">
        <ele>66.00</ele>
        <time>2026-08-30T12:13:10Z</time>
        <extensions><gpxtpx:TrackPointExtension><gpxtpx:hr>112</gpxtpx:hr></gpxtpx:TrackPointExtension></extensions>
      </trkpt>
      <trkpt lat="45.8644558" lon="10.8715843">
        <ele>66.00</ele>
        <time>2026-08-30T12:13:11Z</time>
        <extensions><gpxtpx:TrackPointExtension><gpxtpx:hr>112</gpxtpx:hr></gpxtpx:TrackPointExtension></extensions>
      </trkpt>
      <trkpt lat="45.8644353" lon="10.8716458">
        <ele>65.80</ele>
        <time>2026-08-30T12:13:12Z</time>
        <extensions><gpxtpx:TrackPointExtension><gpxtpx:hr>112</gpxtpx:hr></gpxtpx:TrackPointExtension></extensions>
      </trkpt>
      <trkpt lat="45.8644125" lon="10.8717095">
        <ele>65.80</ele>
        <time>2026-08-30T12:13:13Z</time>
        <extensions><gpxtpx:TrackPointExtension><gpxtpx:hr>112</gpxtpx:hr></gpxtpx:TrackPointExtension></extensions>
      </trkpt>
      <trkpt lat="45.8643929" lon="10.8717718">
        <ele>65.40</ele>
        <time>2026-08-30T12:13:14Z</time>
        <extensions><gpxtpx:TrackPointExtension><gpxtpx:hr>112</gpxtpx:hr></gpxtpx:TrackPointExtension></extensions>
      </trkpt>
      <trkpt lat="45.8643732" lon="10.8718363">
        <ele>65.20</ele>
        <time>2026-08-30T12:13:15Z</time>
        <extensions><gpxtpx:TrackPointExtension><gpxtpx:hr>112</gpxtpx:hr></gpxtpx:TrackPointExtension></extensions>
      </trkpt>
      <trkpt lat="45.8643547" lon="10.8719115">
        <ele>64.80</ele>
        <time>2026-08-30T12:13:16Z</time>
        <extensions><gpxtpx:TrackPointExtension><gpxtpx:hr>112</gpxtpx:hr></gpxtpx:TrackPointExtension></extensions>
      </trkpt>
      <trkpt lat="45.8643388" lon="10.8719859">
        <ele>65.00</ele>
        <time>2026-08-30T12:13:17Z</time>
        <extensions><gpxtpx:TrackPointExtension><gpxtpx:hr>113</gpxtpx:hr></gpxtpx:TrackPointExtension></extensions>
      </trkpt>
      <trkpt lat="45.8643171" lon="10.8720576">
        <ele>65.40</ele>
        <time>2026-08-30T12:13:18Z</time>
        <extensions><gpxtpx:TrackPointExtension><gpxtpx:hr>112</gpxtpx:hr></gpxtpx:TrackPointExtension></extensions>
      </trkpt>
      <trkpt lat="45.8642922" lon="10.8721304">
        <ele>65.60</ele>
        <time>2026-08-30T12:13:19Z</time>
        <extensions><gpxtpx:TrackPointExtension><gpxtpx:hr>112</gpxtpx:hr></gpxtpx:TrackPointExtension></extensions>
      </trkpt>
      <trkpt lat="45.8642678" lon="10.8721978">
        <ele>66.00</ele>
        <time>2026-08-30T12:13:20Z</time>
        <extensions><gpxtpx:TrackPointExtension><gpxtpx:hr>112</gpxtpx:hr></gpxtpx:TrackPointExtension></extensions>
      </trkpt>
      <trkpt lat="45.8642341" lon="10.8722635">
        <ele>66.20</ele>
        <time>2026-08-30T12:13:21Z</time>
        <extensions><gpxtpx:TrackPointExtension><gpxtpx:hr>111</gpxtpx:hr></gpxtpx:TrackPointExtension></extensions>
      </trkpt>
      <trkpt lat="45.8641993" lon="10.8723268">
        <ele>66.20</ele>
        <time>2026-08-30T12:13:22Z</time>
        <extensions><gpxtpx:TrackPointExtension><gpxtpx:hr>110</gpxtpx:hr></gpxtpx:TrackPointExtension></extensions>
      </trkpt>
      <trkpt lat="45.8641740" lon="10.8723907">
        <ele>65.40</ele>
        <time>2026-08-30T12:13:23Z</time>
        <extensions><gpxtpx:TrackPointExtension><gpxtpx:hr>110</gpxtpx:hr></gpxtpx:TrackPointExtension></extensions>
      </trkpt>
      <trkpt lat="45.8641485" lon="10.8724642">
        <ele>65.40</ele>
        <time>2026-08-30T12:13:24Z</time>
        <extensions><gpxtpx:TrackPointExtension><gpxtpx:hr>111</gpxtpx:hr></gpxtpx:TrackPointExtension></extensions>
      </trkpt>
      <trkpt lat="45.8641184" lon="10.8725238">
        <ele>65.20</ele>
        <time>2026-08-30T12:13:25Z</time>
        <extensions><gpxtpx:TrackPointExtension><gpxtpx:hr>111</gpxtpx:hr></gpxtpx:TrackPointExtension></extensions>
      </trkpt>
      <trkpt lat="45.8640918" lon="10.8725835">
        <ele>65.20</ele>
        <time>2026-08-30T12:13:26Z</time>
        <extensions><gpxtpx:TrackPointExtension><gpxtpx:hr>111</gpxtpx:hr></gpxtpx:TrackPointExtension></extensions>
      </trkpt>
      <trkpt lat="45.8640713" lon="10.8726532">
        <ele>65.00</ele>
        <time>2026-08-30T12:13:27Z</time>
        <extensions><gpxtpx:TrackPointExtension><gpxtpx:hr>110</gpxtpx:hr></gpxtpx:TrackPointExtension></extensions>
      </trkpt>
      <trkpt lat="45.8640565" lon="10.8727256">
        <ele>65.00</ele>
        <time>2026-08-30T12:13:28Z</time>
        <extensions><gpxtpx:TrackPointExtension><gpxtpx:hr>110</gpxtpx:hr></gpxtpx:TrackPointExtension></extensions>
      </trkpt>
      <trkpt lat="45.8640419" lon="10.8727983">
        <ele>64.80</ele>
        <time>2026-08-30T12:13:29Z</time>
        <extensions><gpxtpx:TrackPointExtension><gpxtpx:hr>110</gpxtpx:hr></gpxtpx:TrackPointExtension></extensions>
      </trkpt>
      <trkpt lat="45.8640246" lon="10.8728703">
        <ele>64.60</ele>
        <time>2026-08-30T12:13:30Z</time>
        <extensions><gpxtpx:TrackPointExtension><gpxtpx:hr>110</gpxtpx:hr></gpxtpx:TrackPointExtension></extensions>
      </trkpt>
      <trkpt lat="45.8640094" lon="10.8729443">
        <ele>64.20</ele>
        <time>2026-08-30T12:13:31Z</time>
        <extensions><gpxtpx:TrackPointExtension><gpxtpx:hr>110</gpxtpx:hr></gpxtpx:TrackPointExtension></extensions>
      </trkpt>
      <trkpt lat="45.8639883" lon="10.8730154">
        <ele>64.40</ele>
        <time>2026-08-30T12:13:32Z</time>
        <extensions><gpxtpx:TrackPointExtension><gpxtpx:hr>111</gpxtpx:hr></gpxtpx:TrackPointExtension></extensions>
      </trkpt>
      <trkpt lat="45.8639652" lon="10.8730815">
        <ele>64.20</ele>
        <time>2026-08-30T12:13:33Z</time>
        <extensions><gpxtpx:TrackPointExtension><gpxtpx:hr>111</gpxtpx:hr></gpxtpx:TrackPointExtension></extensions>
      </trkpt>
      <trkpt lat="45.8639617" lon="10.8731521">
        <ele>63.80</ele>
        <time>2026-08-30T12:13:34Z</time>
        <extensions><gpxtpx:TrackPointExtension><gpxtpx:hr>111</gpxtpx:hr></gpxtpx:TrackPointExtension></extensions>
      </trkpt>
      <trkpt lat="45.8639729" lon="10.8732279">
        <ele>63.60</ele>
        <time>2026-08-30T12:13:35Z</time>
        <extensions><gpxtpx:TrackPointExtension><gpxtpx:hr>112</gpxtpx:hr></gpxtpx:TrackPointExtension></extensions>
      </trkpt>
      <trkpt lat="45.8640054" lon="10.8732799">
        <ele>63.20</ele>
        <time>2026-08-30T12:13:36Z</time>
        <extensions><gpxtpx:TrackPointExtension><gpxtpx:hr>112</gpxtpx:hr></gpxtpx:TrackPointExtension></extensions>
      </trkpt>
      <trkpt lat="45.8640492" lon="10.8733024">
        <ele>62.60</ele>
        <time>2026-08-30T12:13:37Z</time>
        <extensions><gpxtpx:TrackPointExtension><gpxtpx:hr>112</gpxtpx:hr></gpxtpx:TrackPointExtension></extensions>
      </trkpt>
      <trkpt lat="45.8640914" lon="10.8733048">
        <ele>62.00</ele>
        <time>2026-08-30T12:13:38Z</time>
        <extensions><gpxtpx:TrackPointExtension><gpxtpx:hr>112</gpxtpx:hr></gpxtpx:TrackPointExtension></extensions>
      </trkpt>
      <trkpt lat="45.8641335" lon="10.8732743">
        <ele>61.60</ele>
        <time>2026-08-30T12:13:39Z</time>
        <extensions><gpxtpx:TrackPointExtension><gpxtpx:hr>112</gpxtpx:hr></gpxtpx:TrackPointExtension></extensions>
      </trkpt>
      <trkpt lat="45.8641725" lon="10.8732243">
        <ele>61.60</ele>
        <time>2026-08-30T12:13:40Z</time>
        <extensions><gpxtpx:TrackPointExtension><gpxtpx:hr>112</gpxtpx:hr></gpxtpx:TrackPointExtension></extensions>
      </trkpt>
      <trkpt lat="45.8641867" lon="10.8731644">
        <ele>62.00</ele>
        <time>2026-08-30T12:13:41Z</time>
        <extensions><gpxtpx:TrackPointExtension><gpxtpx:hr>112</gpxtpx:hr></gpxtpx:TrackPointExtension></extensions>
      </trkpt>
      <trkpt lat="45.8641999" lon="10.8730898">
        <ele>62.00</ele>
        <time>2026-08-30T12:13:42Z</time>
        <extensions><gpxtpx:TrackPointExtension><gpxtpx:hr>112</gpxtpx:hr></gpxtpx:TrackPointExtension></extensions>
      </trkpt>
      <trkpt lat="45.8641988" lon="10.8730155">
        <ele>62.20</ele>
        <time>2026-08-30T12:13:43Z</time>
        <extensions><gpxtpx:TrackPointExtension><gpxtpx:hr>112</gpxtpx:hr></gpxtpx:TrackPointExtension></extensions>
      </trkpt>
      <trkpt lat="45.8641928" lon="10.8729466">
        <ele>62.00</ele>
        <time>2026-08-30T12:13:44Z</time>
        <extensions><gpxtpx:TrackPointExtension><gpxtpx:hr>112</gpxtpx:hr></gpxtpx:TrackPointExtension></extensions>
      </trkpt>
      <trkpt lat="45.8641892" lon="10.8728731">
        <ele>61.80</ele>
        <time>2026-08-30T12:13:45Z</time>
        <extensions><gpxtpx:TrackPointExtension><gpxtpx:hr>112</gpxtpx:hr></gpxtpx:TrackPointExtension></extensions>
      </trkpt>
      <trkpt lat="45.8641932" lon="10.8727990">
        <ele>61.00</ele>
        <time>2026-08-30T12:13:46Z</time>
        <extensions><gpxtpx:TrackPointExtension><gpxtpx:hr>112</gpxtpx:hr></gpxtpx:TrackPointExtension></extensions>
      </trkpt>
      <trkpt lat="45.8641998" lon="10.8727218">
        <ele>61.60</ele>
        <time>2026-08-30T12:13:47Z</time>
        <extensions><gpxtpx:TrackPointExtension><gpxtpx:hr>111</gpxtpx:hr></gpxtpx:TrackPointExtension></extensions>
      </trkpt>
      <trkpt lat="45.8642020" lon="10.8726420">
        <ele>62.00</ele>
        <time>2026-08-30T12:13:48Z</time>
        <extensions><gpxtpx:TrackPointExtension><gpxtpx:hr>112</gpxtpx:hr></gpxtpx:TrackPointExtension></extensions>
      </trkpt>
      <trkpt lat="45.8642085" lon="10.8725715">
        <ele>62.80</ele>
        <time>2026-08-30T12:13:49Z</time>
        <extensions><gpxtpx:TrackPointExtension><gpxtpx:hr>111</gpxtpx:hr></gpxtpx:TrackPointExtension></extensions>
      </trkpt>
      <trkpt lat="45.8642094" lon="10.8724957">
        <ele>63.20</ele>
        <time>2026-08-30T12:13:50Z</time>
        <extensions><gpxtpx:TrackPointExtension><gpxtpx:hr>111</gpxtpx:hr></gpxtpx:TrackPointExtension></extensions>
      </trkpt>
      <trkpt lat="45.8642084" lon="10.8724072">
        <ele>63.60</ele>
        <time>2026-08-30T12:13:51Z</time>
        <extensions><gpxtpx:TrackPointExtension><gpxtpx:hr>110</gpxtpx:hr></gpxtpx:TrackPointExtension></extensions>
      </trkpt>
      <trkpt lat="45.8642024" lon="10.8723297">
        <ele>63.40</ele>
        <time>2026-08-30T12:13:52Z</time>
        <extensions><gpxtpx:TrackPointExtension><gpxtpx:hr>110</gpxtpx:hr></gpxtpx:TrackPointExtension></extensions>
      </trkpt>
      <trkpt lat="45.8642017" lon="10.8722461">
        <ele>62.60</ele>
        <time>2026-08-30T12:13:53Z</time>
        <extensions><gpxtpx:TrackPointExtension><gpxtpx:hr>110</gpxtpx:hr></gpxtpx:TrackPointExtension></extensions>
      </trkpt>
      <trkpt lat="45.8641996" lon="10.8721708">
        <ele>61.00</ele>
        <time>2026-08-30T12:13:54Z</time>
        <extensions><gpxtpx:TrackPointExtension><gpxtpx:hr>110</gpxtpx:hr></gpxtpx:TrackPointExtension></extensions>
      </trkpt>
      <trkpt lat="45.8642078" lon="10.8720968">
        <ele>59.60</ele>
        <time>2026-08-30T12:13:55Z</time>
        <extensions><gpxtpx:TrackPointExtension><gpxtpx:hr>110</gpxtpx:hr></gpxtpx:TrackPointExtension></extensions>
      </trkpt>
      <trkpt lat="45.8642137" lon="10.8720174">
        <ele>59.60</ele>
        <time>2026-08-30T12:13:56Z</time>
        <extensions><gpxtpx:TrackPointExtension><gpxtpx:hr>110</gpxtpx:hr></gpxtpx:TrackPointExtension></extensions>
      </trkpt>
      <trkpt lat="45.8642092" lon="10.8719452">
        <ele>59.00</ele>
        <time>2026-08-30T12:13:57Z</time>
        <extensions><gpxtpx:TrackPointExtension><gpxtpx:hr>110</gpxtpx:hr></gpxtpx:TrackPointExtension></extensions>
      </trkpt>
      <trkpt lat="45.8641947" lon="10.8718789">
        <ele>60.40</ele>
        <time>2026-08-30T12:13:58Z</time>
        <extensions><gpxtpx:TrackPointExtension><gpxtpx:hr>110</gpxtpx:hr></gpxtpx:TrackPointExtension></extensions>
      </trkpt>
      <trkpt lat="45.8641958" lon="10.8717985">
        <ele>61.60</ele>
        <time>2026-08-30T12:13:59Z</time>
        <extensions><gpxtpx:TrackPointExtension><gpxtpx:hr>110</gpxtpx:hr></gpxtpx:TrackPointExtension></extensions>
      </trkpt>
      <trkpt lat="45.8641928" lon="10.8717200">
        <ele>62.40</ele>
        <time>2026-08-30T12:14:00Z</time>
        <extensions><gpxtpx:TrackPointExtension><gpxtpx:hr>110</gpxtpx:hr></gpxtpx:TrackPointExtension></extensions>
      </trkpt>
      <trkpt lat="45.8641945" lon="10.8716462">
        <ele>62.60</ele>
        <time>2026-08-30T12:14:01Z</time>
        <extensions><gpxtpx:TrackPointExtension><gpxtpx:hr>111</gpxtpx:hr></gpxtpx:TrackPointExtension></extensions>
      </trkpt>
      <trkpt lat="45.8641969" lon="10.8715706">
        <ele>62.40</ele>
        <time>2026-08-30T12:14:02Z</time>
        <extensions><gpxtpx:TrackPointExtension><gpxtpx:hr>111</gpxtpx:hr></gpxtpx:TrackPointExtension></extensions>
      </trkpt>
      <trkpt lat="45.8642037" lon="10.8714925">
        <ele>62.20</ele>
        <time>2026-08-30T12:14:03Z</time>
        <extensions><gpxtpx:TrackPointExtension><gpxtpx:hr>112</gpxtpx:hr></gpxtpx:TrackPointExtension></extensions>
      </trkpt>
      <trkpt lat="45.8642071" lon="10.8714184">
        <ele>62.20</ele>
        <time>2026-08-30T12:14:04Z</time>
        <extensions><gpxtpx:TrackPointExtension><gpxtpx:hr>112</gpxtpx:hr></gpxtpx:TrackPointExtension></extensions>
      </trkpt>
      <trkpt lat="45.8642068" lon="10.8713484">
        <ele>62.60</ele>
        <time>2026-08-30T12:14:05Z</time>
        <extensions><gpxtpx:TrackPointExtension><gpxtpx:hr>112</gpxtpx:hr></gpxtpx:TrackPointExtension></extensions>
      </trkpt>
      <trkpt lat="45.8642064" lon="10.8712760">
        <ele>62.80</ele>
        <time>2026-08-30T12:14:06Z</time>
        <extensions><gpxtpx:TrackPointExtension><gpxtpx:hr>112</gpxtpx:hr></gpxtpx:TrackPointExtension></extensions>
      </trkpt>
      <trkpt lat="45.8642061" lon="10.8712047">
        <ele>62.80</ele>
        <time>2026-08-30T12:14:07Z</time>
        <extensions><gpxtpx:TrackPointExtension><gpxtpx:hr>112</gpxtpx:hr></gpxtpx:TrackPointExtension></extensions>
      </trkpt>
      <trkpt lat="45.8642129" lon="10.8711277">
        <ele>62.80</ele>
        <time>2026-08-30T12:14:08Z</time>
        <extensions><gpxtpx:TrackPointExtension><gpxtpx:hr>112</gpxtpx:hr></gpxtpx:TrackPointExtension></extensions>
      </trkpt>
      <trkpt lat="45.8642161" lon="10.8710499">
        <ele>62.40</ele>
        <time>2026-08-30T12:14:09Z</time>
        <extensions><gpxtpx:TrackPointExtension><gpxtpx:hr>112</gpxtpx:hr></gpxtpx:TrackPointExtension></extensions>
      </trkpt>
      <trkpt lat="45.8642191" lon="10.8709719">
        <ele>62.00</ele>
        <time>2026-08-30T12:14:10Z</time>
        <extensions><gpxtpx:TrackPointExtension><gpxtpx:hr>112</gpxtpx:hr></gpxtpx:TrackPointExtension></extensions>
      </trkpt>
      <trkpt lat="45.8642320" lon="10.8708917">
        <ele>62.20</ele>
        <time>2026-08-30T12:14:11Z</time>
        <extensions><gpxtpx:TrackPointExtension><gpxtpx:hr>112</gpxtpx:hr></gpxtpx:TrackPointExtension></extensions>
      </trkpt>
      <trkpt lat="45.8642484" lon="10.8708149">
        <ele>62.00</ele>
        <time>2026-08-30T12:14:12Z</time>
        <extensions><gpxtpx:TrackPointExtension><gpxtpx:hr>112</gpxtpx:hr></gpxtpx:TrackPointExtension></extensions>
      </trkpt>
      <trkpt lat="45.8642771" lon="10.8707486">
        <ele>61.80</ele>
        <time>2026-08-30T12:14:13Z</time>
        <extensions><gpxtpx:TrackPointExtension><gpxtpx:hr>112</gpxtpx:hr></gpxtpx:TrackPointExtension></extensions>
      </trkpt>
      <trkpt lat="45.8643149" lon="10.8707090">
        <ele>61.60</ele>
        <time>2026-08-30T12:14:14Z</time>
        <extensions><gpxtpx:TrackPointExtension><gpxtpx:hr>112</gpxtpx:hr></gpxtpx:TrackPointExtension></extensions>
      </trkpt>
      <trkpt lat="45.8643630" lon="10.8707142">
        <ele>61.60</ele>
        <time>2026-08-30T12:14:15Z</time>
        <extensions><gpxtpx:TrackPointExtension><gpxtpx:hr>112</gpxtpx:hr></gpxtpx:TrackPointExtension></extensions>
      </trkpt>
      <trkpt lat="45.8644045" lon="10.8707524">
        <ele>61.80</ele>
        <time>2026-08-30T12:14:16Z</time>
        <extensions><gpxtpx:TrackPointExtension><gpxtpx:hr>112</gpxtpx:hr></gpxtpx:TrackPointExtension></extensions>
      </trkpt>
      <trkpt lat="45.8644108" lon="10.8708030">
        <ele>62.20</ele>
        <time>2026-08-30T12:14:17Z</time>
        <extensions><gpxtpx:TrackPointExtension><gpxtpx:hr>112</gpxtpx:hr></gpxtpx:TrackPointExtension></extensions>
      </trkpt>
      <trkpt lat="45.8643999" lon="10.8708700">
        <ele>63.00</ele>
        <time>2026-08-30T12:14:18Z</time>
        <extensions><gpxtpx:TrackPointExtension><gpxtpx:hr>111</gpxtpx:hr></gpxtpx:TrackPointExtension></extensions>
      </trkpt>
      <trkpt lat="45.8643906" lon="10.8709217">
        <ele>63.60</ele>
        <time>2026-08-30T12:14:19Z</time>
        <extensions><gpxtpx:TrackPointExtension><gpxtpx:hr>110</gpxtpx:hr></gpxtpx:TrackPointExtension></extensions>
      </trkpt>
      <trkpt lat="45.8643932" lon="10.8709818">
        <ele>63.80</ele>
        <time>2026-08-30T12:14:20Z</time>
        <extensions><gpxtpx:TrackPointExtension><gpxtpx:hr>111</gpxtpx:hr></gpxtpx:TrackPointExtension></extensions>
      </trkpt>
      <trkpt lat="45.8644011" lon="10.8710466">
        <ele>64.00</ele>
        <time>2026-08-30T12:14:21Z</time>
        <extensions><gpxtpx:TrackPointExtension><gpxtpx:hr>111</gpxtpx:hr></gpxtpx:TrackPointExtension></extensions>
      </trkpt>
      <trkpt lat="45.8643907" lon="10.8711127">
        <ele>64.20</ele>
        <time>2026-08-30T12:14:22Z</time>
        <extensions><gpxtpx:TrackPointExtension><gpxtpx:hr>112</gpxtpx:hr></gpxtpx:TrackPointExtension></extensions>
      </trkpt>
      <trkpt lat="45.8643771" lon="10.8711795">
        <ele>64.40</ele>
        <time>2026-08-30T12:14:23Z</time>
        <extensions><gpxtpx:TrackPointExtension><gpxtpx:hr>114</gpxtpx:hr></gpxtpx:TrackPointExtension></extensions>
      </trkpt>
      <trkpt lat="45.8643553" lon="10.8712386">
        <ele>64.60</ele>
        <time>2026-08-30T12:14:24Z</time>
        <extensions><gpxtpx:TrackPointExtension><gpxtpx:hr>116</gpxtpx:hr></gpxtpx:TrackPointExtension></extensions>
      </trkpt>
      <trkpt lat="45.8643276" lon="10.8712970">
        <ele>64.80</ele>
        <time>2026-08-30T12:14:25Z</time>
        <extensions><gpxtpx:TrackPointExtension><gpxtpx:hr>117</gpxtpx:hr></gpxtpx:TrackPointExtension></extensions>
      </trkpt>
      <trkpt lat="45.8643058" lon="10.8713513">
        <ele>65.20</ele>
        <time>2026-08-30T12:14:26Z</time>
        <extensions><gpxtpx:TrackPointExtension><gpxtpx:hr>117</gpxtpx:hr></gpxtpx:TrackPointExtension></extensions>
      </trkpt>
      <trkpt lat="45.8642839" lon="10.8714204">
        <ele>65.20</ele>
        <time>2026-08-30T12:14:27Z</time>
        <extensions><gpxtpx:TrackPointExtension><gpxtpx:hr>118</gpxtpx:hr></gpxtpx:TrackPointExtension></extensions>
      </trkpt>
      <trkpt lat="45.8642661" lon="10.8714845">
        <ele>65.20</ele>
        <time>2026-08-30T12:14:28Z</time>
        <extensions><gpxtpx:TrackPointExtension><gpxtpx:hr>118</gpxtpx:hr></gpxtpx:TrackPointExtension></extensions>
      </trkpt>
      <trkpt lat="45.8642478" lon="10.8715512">
        <ele>64.80</ele>
        <time>2026-08-30T12:14:29Z</time>
        <extensions><gpxtpx:TrackPointExtension><gpxtpx:hr>117</gpxtpx:hr></gpxtpx:TrackPointExtension></extensions>
      </trkpt>
      <trkpt lat="45.8642240" lon="10.8716114">
        <ele>64.60</ele>
        <time>2026-08-30T12:14:30Z</time>
        <extensions><gpxtpx:TrackPointExtension><gpxtpx:hr>116</gpxtpx:hr></gpxtpx:TrackPointExtension></extensions>
      </trkpt>
      <trkpt lat="45.8642010" lon="10.8716715">
        <ele>64.20</ele>
        <time>2026-08-30T12:14:31Z</time>
        <extensions><gpxtpx:TrackPointExtension><gpxtpx:hr>116</gpxtpx:hr></gpxtpx:TrackPointExtension></extensions>
      </trkpt>
      <trkpt lat="45.8641800" lon="10.8717400">
        <ele>64.20</ele>
        <time>2026-08-30T12:14:32Z</time>
        <extensions><gpxtpx:TrackPointExtension><gpxtpx:hr>116</gpxtpx:hr></gpxtpx:TrackPointExtension></extensions>
      </trkpt>
      <trkpt lat="45.8641652" lon="10.8718163">
        <ele>64.00</ele>
        <time>2026-08-30T12:14:33Z</time>
        <extensions><gpxtpx:TrackPointExtension><gpxtpx:hr>116</gpxtpx:hr></gpxtpx:TrackPointExtension></extensions>
      </trkpt>
      <trkpt lat="45.8641507" lon="10.8718896">
        <ele>64.20</ele>
        <time>2026-08-30T12:14:34Z</time>
        <extensions><gpxtpx:TrackPointExtension><gpxtpx:hr>115</gpxtpx:hr></gpxtpx:TrackPointExtension></extensions>
      </trkpt>
      <trkpt lat="45.8641299" lon="10.8719607">
        <ele>64.20</ele>
        <time>2026-08-30T12:14:35Z</time>
        <extensions><gpxtpx:TrackPointExtension><gpxtpx:hr>116</gpxtpx:hr></gpxtpx:TrackPointExtension></extensions>
      </trkpt>
      <trkpt lat="45.8641111" lon="10.8720383">
        <ele>64.20</ele>
        <time>2026-08-30T12:14:36Z</time>
        <extensions><gpxtpx:TrackPointExtension><gpxtpx:hr>116</gpxtpx:hr></gpxtpx:TrackPointExtension></extensions>
      </trkpt>
      <trkpt lat="45.8640896" lon="10.8721099">
        <ele>64.20</ele>
        <time>2026-08-30T12:14:37Z</time>
        <extensions><gpxtpx:TrackPointExtension><gpxtpx:hr>116</gpxtpx:hr></gpxtpx:TrackPointExtension></extensions>
      </trkpt>
      <trkpt lat="45.8640658" lon="10.8721689">
        <ele>64.40</ele>
        <time>2026-08-30T12:14:38Z</time>
        <extensions><gpxtpx:TrackPointExtension><gpxtpx:hr>116</gpxtpx:hr></gpxtpx:TrackPointExtension></extensions>
      </trkpt>
      <trkpt lat="45.8640363" lon="10.8722314">
        <ele>64.00</ele>
        <time>2026-08-30T12:14:39Z</time>
        <extensions><gpxtpx:TrackPointExtension><gpxtpx:hr>115</gpxtpx:hr></gpxtpx:TrackPointExtension></extensions>
      </trkpt>
      <trkpt lat="45.8640119" lon="10.8723016">
        <ele>64.00</ele>
        <time>2026-08-30T12:14:40Z</time>
        <extensions><gpxtpx:TrackPointExtension><gpxtpx:hr>115</gpxtpx:hr></gpxtpx:TrackPointExtension></extensions>
      </trkpt>
      <trkpt lat="45.8639940" lon="10.8723690">
        <ele>64.00</ele>
        <time>2026-08-30T12:14:41Z</time>
        <extensions><gpxtpx:TrackPointExtension><gpxtpx:hr>114</gpxtpx:hr></gpxtpx:TrackPointExtension></extensions>
      </trkpt>
      <trkpt lat="45.8639738" lon="10.8724398">
        <ele>64.00</ele>
        <time>2026-08-30T12:14:42Z</time>
        <extensions><gpxtpx:TrackPointExtension><gpxtpx:hr>114</gpxtpx:hr></gpxtpx:TrackPointExtension></extensions>
      </trkpt>
      <trkpt lat="45.8639571" lon="10.8725134">
        <ele>63.80</ele>
        <time>2026-08-30T12:14:43Z</time>
        <extensions><gpxtpx:TrackPointExtension><gpxtpx:hr>115</gpxtpx:hr></gpxtpx:TrackPointExtension></extensions>
      </trkpt>
      <trkpt lat="45.8639378" lon="10.8725817">
        <ele>63.80</ele>
        <time>2026-08-30T12:14:44Z</time>
        <extensions><gpxtpx:TrackPointExtension><gpxtpx:hr>115</gpxtpx:hr></gpxtpx:TrackPointExtension></extensions>
      </trkpt>
      <trkpt lat="45.8639290" lon="10.8726460">
        <ele>63.40</ele>
        <time>2026-08-30T12:14:45Z</time>
        <extensions><gpxtpx:TrackPointExtension><gpxtpx:hr>116</gpxtpx:hr></gpxtpx:TrackPointExtension></extensions>
      </trkpt>
      <trkpt lat="45.8639198" lon="10.8727104">
        <ele>63.40</ele>
        <time>2026-08-30T12:14:46Z</time>
        <extensions><gpxtpx:TrackPointExtension><gpxtpx:hr>116</gpxtpx:hr></gpxtpx:TrackPointExtension></extensions>
      </trkpt>
      <trkpt lat="45.8639131" lon="10.8727797">
        <ele>63.20</ele>
        <time>2026-08-30T12:14:47Z</time>
        <extensions><gpxtpx:TrackPointExtension><gpxtpx:hr>116</gpxtpx:hr></gpxtpx:TrackPointExtension></extensions>
      </trkpt>
      <trkpt lat="45.8639033" lon="10.8728624">
        <ele>62.80</ele>
        <time>2026-08-30T12:14:48Z</time>
        <extensions><gpxtpx:TrackPointExtension><gpxtpx:hr>116</gpxtpx:hr></gpxtpx:TrackPointExtension></extensions>
      </trkpt>
      <trkpt lat="45.8638877" lon="10.8729418">
        <ele>62.80</ele>
        <time>2026-08-30T12:14:49Z</time>
        <extensions><gpxtpx:TrackPointExtension><gpxtpx:hr>117</gpxtpx:hr></gpxtpx:TrackPointExtension></extensions>
      </trkpt>
      <trkpt lat="45.8638660" lon="10.8729968">
        <ele>63.20</ele>
        <time>2026-08-30T12:14:50Z</time>
        <extensions><gpxtpx:TrackPointExtension><gpxtpx:hr>117</gpxtpx:hr></gpxtpx:TrackPointExtension></extensions>
      </trkpt>
      <trkpt lat="45.8638434" lon="10.8730604">
        <ele>63.40</ele>
        <time>2026-08-30T12:14:51Z</time>
        <extensions><gpxtpx:TrackPointExtension><gpxtpx:hr>117</gpxtpx:hr></gpxtpx:TrackPointExtension></extensions>
      </trkpt>
      <trkpt lat="45.8638230" lon="10.8731235">
        <ele>63.40</ele>
        <time>2026-08-30T12:14:52Z</time>
        <extensions><gpxtpx:TrackPointExtension><gpxtpx:hr>117</gpxtpx:hr></gpxtpx:TrackPointExtension></extensions>
      </trkpt>
      <trkpt lat="45.8638213" lon="10.8731809">
        <ele>63.20</ele>
        <time>2026-08-30T12:14:53Z</time>
        <extensions><gpxtpx:TrackPointExtension><gpxtpx:hr>118</gpxtpx:hr></gpxtpx:TrackPointExtension></extensions>
      </trkpt>
      <trkpt lat="45.8638446" lon="10.8732400">
        <ele>62.80</ele>
        <time>2026-08-30T12:14:54Z</time>
        <extensions><gpxtpx:TrackPointExtension><gpxtpx:hr>117</gpxtpx:hr></gpxtpx:TrackPointExtension></extensions>
      </trkpt>
      <trkpt lat="45.8638887" lon="10.8732780">
        <ele>62.20</ele>
        <time>2026-08-30T12:14:55Z</time>
        <extensions><gpxtpx:TrackPointExtension><gpxtpx:hr>117</gpxtpx:hr></gpxtpx:TrackPointExtension></extensions>
      </trkpt>
      <trkpt lat="45.8639224" lon="10.8732939">
        <ele>61.60</ele>
        <time>2026-08-30T12:14:56Z</time>
        <extensions><gpxtpx:TrackPointExtension><gpxtpx:hr>117</gpxtpx:hr></gpxtpx:TrackPointExtension></extensions>
      </trkpt>
      <trkpt lat="45.8639511" lon="10.8732682">
        <ele>61.40</ele>
        <time>2026-08-30T12:14:57Z</time>
        <extensions><gpxtpx:TrackPointExtension><gpxtpx:hr>118</gpxtpx:hr></gpxtpx:TrackPointExtension></extensions>
      </trkpt>
      <trkpt lat="45.8639835" lon="10.8732173">
        <ele>61.20</ele>
        <time>2026-08-30T12:14:58Z</time>
        <extensions><gpxtpx:TrackPointExtension><gpxtpx:hr>118</gpxtpx:hr></gpxtpx:TrackPointExtension></extensions>
      </trkpt>
      <trkpt lat="45.8639959" lon="10.8731661">
        <ele>61.20</ele>
        <time>2026-08-30T12:14:59Z</time>
        <extensions><gpxtpx:TrackPointExtension><gpxtpx:hr>118</gpxtpx:hr></gpxtpx:TrackPointExtension></extensions>
      </trkpt>
      <trkpt lat="45.8640141" lon="10.8731042">
        <ele>61.20</ele>
        <time>2026-08-30T12:15:00Z</time>
        <extensions><gpxtpx:TrackPointExtension><gpxtpx:hr>119</gpxtpx:hr></gpxtpx:TrackPointExtension></extensions>
      </trkpt>
      <trkpt lat="45.8640257" lon="10.8730274">
        <ele>61.80</ele>
        <time>2026-08-30T12:15:01Z</time>
        <extensions><gpxtpx:TrackPointExtension><gpxtpx:hr>119</gpxtpx:hr></gpxtpx:TrackPointExtension></extensions>
      </trkpt>
      <trkpt lat="45.8640261" lon="10.8729517">
        <ele>62.20</ele>
        <time>2026-08-30T12:15:02Z</time>
        <extensions><gpxtpx:TrackPointExtension><gpxtpx:hr>120</gpxtpx:hr></gpxtpx:TrackPointExtension></extensions>
      </trkpt>
      <trkpt lat="45.8640321" lon="10.8728744">
        <ele>64.00</ele>
        <time>2026-08-30T12:15:03Z</time>
        <extensions><gpxtpx:TrackPointExtension><gpxtpx:hr>120</gpxtpx:hr></gpxtpx:TrackPointExtension></extensions>
      </trkpt>
      <trkpt lat="45.8640368" lon="10.8727974">
        <ele>64.40</ele>
        <time>2026-08-30T12:15:04Z</time>
        <extensions><gpxtpx:TrackPointExtension><gpxtpx:hr>119</gpxtpx:hr></gpxtpx:TrackPointExtension></extensions>
      </trkpt>
      <trkpt lat="45.8640480" lon="10.8727108">
        <ele>64.80</ele>
        <time>2026-08-30T12:15:05Z</time>
        <extensions><gpxtpx:TrackPointExtension><gpxtpx:hr>118</gpxtpx:hr></gpxtpx:TrackPointExtension></extensions>
      </trkpt>
      <trkpt lat="45.8640511" lon="10.8726214">
        <ele>65.00</ele>
        <time>2026-08-30T12:15:06Z</time>
        <extensions><gpxtpx:TrackPointExtension><gpxtpx:hr>118</gpxtpx:hr></gpxtpx:TrackPointExtension></extensions>
      </trkpt>
      <trkpt lat="45.8640416" lon="10.8725391">
        <ele>64.80</ele>
        <time>2026-08-30T12:15:07Z</time>
        <extensions><gpxtpx:TrackPointExtension><gpxtpx:hr>118</gpxtpx:hr></gpxtpx:TrackPointExtension></extensions>
      </trkpt>
      <trkpt lat="45.8640361" lon="10.8724585">
        <ele>64.00</ele>
        <time>2026-08-30T12:15:08Z</time>
        <extensions><gpxtpx:TrackPointExtension><gpxtpx:hr>118</gpxtpx:hr></gpxtpx:TrackPointExtension></extensions>
      </trkpt>
      <trkpt lat="45.8640345" lon="10.8723813">
        <ele>63.20</ele>
        <time>2026-08-30T12:15:09Z</time>
        <extensions><gpxtpx:TrackPointExtension><gpxtpx:hr>119</gpxtpx:hr></gpxtpx:TrackPointExtension></extensions>
      </trkpt>
      <trkpt lat="45.8640266" lon="10.8723059">
        <ele>63.00</ele>
        <time>2026-08-30T12:15:10Z</time>
        <extensions><gpxtpx:TrackPointExtension><gpxtpx:hr>119</gpxtpx:hr></gpxtpx:TrackPointExtension></extensions>
      </trkpt>
      <trkpt lat="45.8640210" lon="10.8722366">
        <ele>62.00</ele>
        <time>2026-08-30T12:15:11Z</time>
        <extensions><gpxtpx:TrackPointExtension><gpxtpx:hr>120</gpxtpx:hr></gpxtpx:TrackPointExtension></extensions>
      </trkpt>
      <trkpt lat="45.8640267" lon="10.8721598">
        <ele>61.40</ele>
        <time>2026-08-30T12:15:12Z</time>
        <extensions><gpxtpx:TrackPointExtension><gpxtpx:hr>120</gpxtpx:hr></gpxtpx:TrackPointExtension></extensions>
      </trkpt>
      <trkpt lat="45.8640285" lon="10.8720906">
        <ele>60.80</ele>
        <time>2026-08-30T12:15:13Z</time>
        <extensions><gpxtpx:TrackPointExtension><gpxtpx:hr>120</gpxtpx:hr></gpxtpx:TrackPointExtension></extensions>
      </trkpt>
      <trkpt lat="45.8640380" lon="10.8720172">
        <ele>60.80</ele>
        <time>2026-08-30T12:15:14Z</time>
        <extensions><gpxtpx:TrackPointExtension><gpxtpx:hr>119</gpxtpx:hr></gpxtpx:TrackPointExtension></extensions>
      </trkpt>
      <trkpt lat="45.8640477" lon="10.8719340">
        <ele>61.00</ele>
        <time>2026-08-30T12:15:15Z</time>
        <extensions><gpxtpx:TrackPointExtension><gpxtpx:hr>120</gpxtpx:hr></gpxtpx:TrackPointExtension></extensions>
      </trkpt>
      <trkpt lat="45.8640541" lon="10.8718508">
        <ele>61.80</ele>
        <time>2026-08-30T12:15:16Z</time>
        <extensions><gpxtpx:TrackPointExtension><gpxtpx:hr>120</gpxtpx:hr></gpxtpx:TrackPointExtension></extensions>
      </trkpt>
      <trkpt lat="45.8640601" lon="10.8717825">
        <ele>62.40</ele>
        <time>2026-08-30T12:15:17Z</time>
        <extensions><gpxtpx:TrackPointExtension><gpxtpx:hr>120</gpxtpx:hr></gpxtpx:TrackPointExtension></extensions>
      </trkpt>
      <trkpt lat="45.8640658" lon="10.8717168">
        <ele>63.00</ele>
        <time>2026-08-30T12:15:18Z</time>
        <extensions><gpxtpx:TrackPointExtension><gpxtpx:hr>120</gpxtpx:hr></gpxtpx:TrackPointExtension></extensions>
      </trkpt>
      <trkpt lat="45.8640776" lon="10.8716446">
        <ele>63.20</ele>
        <time>2026-08-30T12:15:19Z</time>
        <extensions><gpxtpx:TrackPointExtension><gpxtpx:hr>120</gpxtpx:hr></gpxtpx:TrackPointExtension></extensions>
      </trkpt>
      <trkpt lat="45.8640870" lon="10.8715739">
        <ele>62.20</ele>
        <time>2026-08-30T12:15:20Z</time>
        <extensions><gpxtpx:TrackPointExtension><gpxtpx:hr>120</gpxtpx:hr></gpxtpx:TrackPointExtension></extensions>
      </trkpt>
      <trkpt lat="45.8641150" lon="10.8715165">
        <ele>61.00</ele>
        <time>2026-08-30T12:15:21Z</time>
        <extensions><gpxtpx:TrackPointExtension><gpxtpx:hr>121</gpxtpx:hr></gpxtpx:TrackPointExtension></extensions>
      </trkpt>
      <trkpt lat="45.8641508" lon="10.8714810">
        <ele>60.60</ele>
        <time>2026-08-30T12:15:22Z</time>
        <extensions><gpxtpx:TrackPointExtension><gpxtpx:hr>120</gpxtpx:hr></gpxtpx:TrackPointExtension></extensions>
      </trkpt>
      <trkpt lat="45.8641964" lon="10.8714755">
        <ele>60.60</ele>
        <time>2026-08-30T12:15:23Z</time>
        <extensions><gpxtpx:TrackPointExtension><gpxtpx:hr>120</gpxtpx:hr></gpxtpx:TrackPointExtension></extensions>
      </trkpt>
      <trkpt lat="45.8642383" lon="10.8714897">
        <ele>60.60</ele>
        <time>2026-08-30T12:15:24Z</time>
        <extensions><gpxtpx:TrackPointExtension><gpxtpx:hr>119</gpxtpx:hr></gpxtpx:TrackPointExtension></extensions>
      </trkpt>
      <trkpt lat="45.8642589" lon="10.8715043">
        <ele>60.80</ele>
        <time>2026-08-30T12:15:25Z</time>
        <extensions><gpxtpx:TrackPointExtension><gpxtpx:hr>119</gpxtpx:hr></gpxtpx:TrackPointExtension></extensions>
      </trkpt>
      <trkpt lat="45.8642837" lon="10.8715289">
        <ele>61.20</ele>
        <time>2026-08-30T12:15:26Z</time>
        <extensions><gpxtpx:TrackPointExtension><gpxtpx:hr>118</gpxtpx:hr></gpxtpx:TrackPointExtension></extensions>
      </trkpt>
      <trkpt lat="45.8643035" lon="10.8715298">
        <ele>61.40</ele>
        <time>2026-08-30T12:15:27Z</time>
        <extensions><gpxtpx:TrackPointExtension><gpxtpx:hr>118</gpxtpx:hr></gpxtpx:TrackPointExtension></extensions>
      </trkpt>
      <trkpt lat="45.8643116" lon="10.8715429">
        <ele>61.20</ele>
        <time>2026-08-30T12:15:28Z</time>
        <extensions><gpxtpx:TrackPointExtension><gpxtpx:hr>117</gpxtpx:hr></gpxtpx:TrackPointExtension></extensions>
      </trkpt>
      <trkpt lat="45.8643190" lon="10.8715582">
        <ele>61.00</ele>
        <time>2026-08-30T12:15:29Z</time>
        <extensions><gpxtpx:TrackPointExtension><gpxtpx:hr>117</gpxtpx:hr></gpxtpx:TrackPointExtension></extensions>
      </trkpt>
      <trkpt lat="45.8643160" lon="10.8715663">
        <ele>60.80</ele>
        <time>2026-08-30T12:15:30Z</time>
        <extensions><gpxtpx:TrackPointExtension><gpxtpx:hr>117</gpxtpx:hr></gpxtpx:TrackPointExtension></extensions>
      </trkpt>
      <trkpt lat="45.8643046" lon="10.8715592">
        <ele>60.60</ele>
        <time>2026-08-30T12:15:31Z</time>
        <extensions><gpxtpx:TrackPointExtension><gpxtpx:hr>118</gpxtpx:hr></gpxtpx:TrackPointExtension></extensions>
      </trkpt>
      <trkpt lat="45.8643029" lon="10.8715576">
        <ele>60.60</ele>
        <time>2026-08-30T12:15:32Z</time>
        <extensions><gpxtpx:TrackPointExtension><gpxtpx:hr>118</gpxtpx:hr></gpxtpx:TrackPointExtension></extensions>
      </trkpt>
      <trkpt lat="45.8643186" lon="10.8715409">
        <ele>60.40</ele>
        <time>2026-08-30T12:15:33Z</time>
        <extensions><gpxtpx:TrackPointExtension><gpxtpx:hr>117</gpxtpx:hr></gpxtpx:TrackPointExtension></extensions>
      </trkpt>
      <trkpt lat="45.8643299" lon="10.8715375">
        <ele>60.40</ele>
        <time>2026-08-30T12:15:34Z</time>
        <extensions><gpxtpx:TrackPointExtension><gpxtpx:hr>117</gpxtpx:hr></gpxtpx:TrackPointExtension></extensions>
      </trkpt>
      <trkpt lat="45.8643309" lon="10.8715421">
        <ele>58.40</ele>
        <time>2026-08-30T12:15:35Z</time>
        <extensions><gpxtpx:TrackPointExtension><gpxtpx:hr>118</gpxtpx:hr></gpxtpx:TrackPointExtension></extensions>
      </trkpt>
      <trkpt lat="45.8643305" lon="10.8715415">
        <ele>56.60</ele>
        <time>2026-08-30T12:15:36Z</time>
        <extensions><gpxtpx:TrackPointExtension><gpxtpx:hr>119</gpxtpx:hr></gpxtpx:TrackPointExtension></extensions>
      </trkpt>
      <trkpt lat="45.8643331" lon="10.8715394">
        <ele>54.60</ele>
        <time>2026-08-30T12:15:37Z</time>
        <extensions><gpxtpx:TrackPointExtension><gpxtpx:hr>120</gpxtpx:hr></gpxtpx:TrackPointExtension></extensions>
      </trkpt>
      <trkpt lat="45.8643365" lon="10.8715468">
        <ele>52.80</ele>
        <time>2026-08-30T12:15:38Z</time>
        <extensions><gpxtpx:TrackPointExtension><gpxtpx:hr>120</gpxtpx:hr></gpxtpx:TrackPointExtension></extensions>
      </trkpt>
      <trkpt lat="45.8643407" lon="10.8715471">
        <ele>50.80</ele>
        <time>2026-08-30T12:15:39Z</time>
        <extensions><gpxtpx:TrackPointExtension><gpxtpx:hr>119</gpxtpx:hr></gpxtpx:TrackPointExtension></extensions>
      </trkpt>
      <trkpt lat="45.8643442" lon="10.8715477">
        <ele>49.00</ele>
        <time>2026-08-30T12:15:40Z</time>
        <extensions><gpxtpx:TrackPointExtension><gpxtpx:hr>116</gpxtpx:hr></gpxtpx:TrackPointExtension></extensions>
      </trkpt>
      <trkpt lat="45.8643442" lon="10.8715477">
        <ele>47.00</ele>
        <time>2026-08-30T12:15:41Z</time>
        <extensions><gpxtpx:TrackPointExtension><gpxtpx:hr>115</gpxtpx:hr></gpxtpx:TrackPointExtension></extensions>
      </trkpt>
      <trkpt lat="45.8643585" lon="10.8715895">
        <ele>38.00</ele>
        <time>2026-08-30T12:15:46Z</time>
        <extensions><gpxtpx:TrackPointExtension><gpxtpx:hr>115</gpxtpx:hr></gpxtpx:TrackPointExtension></extensions>
      </trkpt>
      <trkpt lat="45.8643540" lon="10.8715916">
        <ele>39.60</ele>
        <time>2026-08-30T12:15:47Z</time>
        <extensions><gpxtpx:TrackPointExtension><gpxtpx:hr>115</gpxtpx:hr></gpxtpx:TrackPointExtension></extensions>
      </trkpt>
      <trkpt lat="45.8643581" lon="10.8715919">
        <ele>41.00</ele>
        <time>2026-08-30T12:15:48Z</time>
        <extensions><gpxtpx:TrackPointExtension><gpxtpx:hr>114</gpxtpx:hr></gpxtpx:TrackPointExtension></extensions>
      </trkpt>
      <trkpt lat="45.8643647" lon="10.8715888">
        <ele>42.60</ele>
        <time>2026-08-30T12:15:49Z</time>
        <extensions><gpxtpx:TrackPointExtension><gpxtpx:hr>115</gpxtpx:hr></gpxtpx:TrackPointExtension></extensions>
      </trkpt>
      <trkpt lat="45.8643654" lon="10.8715851">
        <ele>44.20</ele>
        <time>2026-08-30T12:15:50Z</time>
        <extensions><gpxtpx:TrackPointExtension><gpxtpx:hr>115</gpxtpx:hr></gpxtpx:TrackPointExtension></extensions>
      </trkpt>
      <trkpt lat="45.8643692" lon="10.8715933">
        <ele>45.60</ele>
        <time>2026-08-30T12:15:51Z</time>
        <extensions><gpxtpx:TrackPointExtension><gpxtpx:hr>115</gpxtpx:hr></gpxtpx:TrackPointExtension></extensions>
      </trkpt>
      <trkpt lat="45.8643591" lon="10.8715836">
        <ele>47.20</ele>
        <time>2026-08-30T12:15:52Z</time>
        <extensions><gpxtpx:TrackPointExtension><gpxtpx:hr>115</gpxtpx:hr></gpxtpx:TrackPointExtension></extensions>
      </trkpt>
      <trkpt lat="45.8643679" lon="10.8715772">
        <ele>48.60</ele>
        <time>2026-08-30T12:15:53Z</time>
        <extensions><gpxtpx:TrackPointExtension><gpxtpx:hr>115</gpxtpx:hr></gpxtpx:TrackPointExtension></extensions>
      </trkpt>
      <trkpt lat="45.8643679" lon="10.8715772">
        <ele>50.20</ele>
        <time>2026-08-30T12:15:54Z</time>
        <extensions><gpxtpx:TrackPointExtension><gpxtpx:hr>115</gpxtpx:hr></gpxtpx:TrackPointExtension></extensions>
      </trkpt>
      <trkpt lat="45.8643707" lon="10.8715860">
        <ele>51.80</ele>
        <time>2026-08-30T12:15:55Z</time>
        <extensions><gpxtpx:TrackPointExtension><gpxtpx:hr>115</gpxtpx:hr></gpxtpx:TrackPointExtension></extensions>
      </trkpt>
      <trkpt lat="45.8643655" lon="10.8715912">
        <ele>53.20</ele>
        <time>2026-08-30T12:15:56Z</time>
        <extensions><gpxtpx:TrackPointExtension><gpxtpx:hr>115</gpxtpx:hr></gpxtpx:TrackPointExtension></extensions>
      </trkpt>
      <trkpt lat="45.8643673" lon="10.8715914">
        <ele>54.80</ele>
        <time>2026-08-30T12:15:57Z</time>
        <extensions><gpxtpx:TrackPointExtension><gpxtpx:hr>115</gpxtpx:hr></gpxtpx:TrackPointExtension></extensions>
      </trkpt>
      <trkpt lat="45.8643739" lon="10.8715971">
        <ele>56.40</ele>
        <time>2026-08-30T12:15:58Z</time>
        <extensions><gpxtpx:TrackPointExtension><gpxtpx:hr>114</gpxtpx:hr></gpxtpx:TrackPointExtension></extensions>
      </trkpt>
      <trkpt lat="45.8643821" lon="10.8715974">
        <ele>57.80</ele>
        <time>2026-08-30T12:15:59Z</time>
        <extensions><gpxtpx:TrackPointExtension><gpxtpx:hr>115</gpxtpx:hr></gpxtpx:TrackPointExtension></extensions>
      </trkpt>
      <trkpt lat="45.8643906" lon="10.8716030">
        <ele>59.40</ele>
        <time>2026-08-30T12:16:00Z</time>
        <extensions><gpxtpx:TrackPointExtension><gpxtpx:hr>115</gpxtpx:hr></gpxtpx:TrackPointExtension></extensions>
      </trkpt>
      <trkpt lat="45.8643964" lon="10.8716153">
        <ele>60.80</ele>
        <time>2026-08-30T12:16:01Z</time>
        <extensions><gpxtpx:TrackPointExtension><gpxtpx:hr>115</gpxtpx:hr></gpxtpx:TrackPointExtension></extensions>
      </trkpt>
      <trkpt lat="45.8643959" lon="10.8716229">
        <ele>62.40</ele>
        <time>2026-08-30T12:16:02Z</time>
        <extensions><gpxtpx:TrackPointExtension><gpxtpx:hr>115</gpxtpx:hr></gpxtpx:TrackPointExtension></extensions>
      </trkpt>
      <trkpt lat="45.8643975" lon="10.8716302">
        <ele>63.00</ele>
        <time>2026-08-30T12:16:03Z</time>
        <extensions><gpxtpx:TrackPointExtension><gpxtpx:hr>116</gpxtpx:hr></gpxtpx:TrackPointExtension></extensions>
      </trkpt>
      <trkpt lat="45.8643995" lon="10.8716368">
        <ele>64.00</ele>
        <time>2026-08-30T12:16:04Z</time>
        <extensions><gpxtpx:TrackPointExtension><gpxtpx:hr>117</gpxtpx:hr></gpxtpx:TrackPointExtension></extensions>
      </trkpt>
      <trkpt lat="45.8644085" lon="10.8716506">
        <ele>64.60</ele>
        <time>2026-08-30T12:16:05Z</time>
        <extensions><gpxtpx:TrackPointExtension><gpxtpx:hr>118</gpxtpx:hr></gpxtpx:TrackPointExtension></extensions>
      </trkpt>
      <trkpt lat="45.8644118" lon="10.8716514">
        <ele>65.20</ele>
        <time>2026-08-30T12:16:06Z</time>
        <extensions><gpxtpx:TrackPointExtension><gpxtpx:hr>118</gpxtpx:hr></gpxtpx:TrackPointExtension></extensions>
      </trkpt>
      <trkpt lat="45.8644114" lon="10.8716619">
        <ele>66.40</ele>
        <time>2026-08-30T12:16:07Z</time>
        <extensions><gpxtpx:TrackPointExtension><gpxtpx:hr>121</gpxtpx:hr></gpxtpx:TrackPointExtension></extensions>
      </trkpt>
      <trkpt lat="45.8644135" lon="10.8716696">
        <ele>67.60</ele>
        <time>2026-08-30T12:16:08Z</time>
        <extensions><gpxtpx:TrackPointExtension><gpxtpx:hr>123</gpxtpx:hr></gpxtpx:TrackPointExtension></extensions>
      </trkpt>
      <trkpt lat="45.8644147" lon="10.8716794">
        <ele>68.80</ele>
        <time>2026-08-30T12:16:09Z</time>
        <extensions><gpxtpx:TrackPointExtension><gpxtpx:hr>123</gpxtpx:hr></gpxtpx:TrackPointExtension></extensions>
      </trkpt>
      <trkpt lat="45.8644129" lon="10.8716902">
        <ele>69.40</ele>
        <time>2026-08-30T12:16:10Z</time>
        <extensions><gpxtpx:TrackPointExtension><gpxtpx:hr>123</gpxtpx:hr></gpxtpx:TrackPointExtension></extensions>
      </trkpt>
      <trkpt lat="45.8644135" lon="10.8717053">
        <ele>69.60</ele>
        <time>2026-08-30T12:16:11Z</time>
        <extensions><gpxtpx:TrackPointExtension><gpxtpx:hr>123</gpxtpx:hr></gpxtpx:TrackPointExtension></extensions>
      </trkpt>
      <trkpt lat="45.8644124" lon="10.8717172">
        <ele>69.80</ele>
        <time>2026-08-30T12:16:12Z</time>
        <extensions><gpxtpx:TrackPointExtension><gpxtpx:hr>123</gpxtpx:hr></gpxtpx:TrackPointExtension></extensions>
      </trkpt>
      <trkpt lat="45.8644119" lon="10.8717276">
        <ele>70.20</ele>
        <time>2026-08-30T12:16:13Z</time>
        <extensions><gpxtpx:TrackPointExtension><gpxtpx:hr>122</gpxtpx:hr></gpxtpx:TrackPointExtension></extensions>
      </trkpt>
      <trkpt lat="45.8644128" lon="10.8717475">
        <ele>70.60</ele>
        <time>2026-08-30T12:16:14Z</time>
        <extensions><gpxtpx:TrackPointExtension><gpxtpx:hr>121</gpxtpx:hr></gpxtpx:TrackPointExtension></extensions>
      </trkpt>
      <trkpt lat="45.8644143" lon="10.8717595">
        <ele>71.20</ele>
        <time>2026-08-30T12:16:15Z</time>
        <extensions><gpxtpx:TrackPointExtension><gpxtpx:hr>120</gpxtpx:hr></gpxtpx:TrackPointExtension></extensions>
      </trkpt>
      <trkpt lat="45.8644134" lon="10.8717725">
        <ele>71.20</ele>
        <time>2026-08-30T12:16:16Z</time>
        <extensions><gpxtpx:TrackPointExtension><gpxtpx:hr>119</gpxtpx:hr></gpxtpx:TrackPointExtension></extensions>
      </trkpt>
      <trkpt lat="45.8644144" lon="10.8717724">
        <ele>71.20</ele>
        <time>2026-08-30T12:16:17Z</time>
        <extensions><gpxtpx:TrackPointExtension><gpxtpx:hr>119</gpxtpx:hr></gpxtpx:TrackPointExtension></extensions>
      </trkpt>
      <trkpt lat="45.8644170" lon="10.8717836">
        <ele>71.00</ele>
        <time>2026-08-30T12:16:18Z</time>
        <extensions><gpxtpx:TrackPointExtension><gpxtpx:hr>119</gpxtpx:hr></gpxtpx:TrackPointExtension></extensions>
      </trkpt>
      <trkpt lat="45.8644175" lon="10.8717947">
        <ele>71.00</ele>
        <time>2026-08-30T12:16:19Z</time>
        <extensions><gpxtpx:TrackPointExtension><gpxtpx:hr>119</gpxtpx:hr></gpxtpx:TrackPointExtension></extensions>
      </trkpt>
      <trkpt lat="45.8644194" lon="10.8718108">
        <ele>70.80</ele>
        <time>2026-08-30T12:16:20Z</time>
        <extensions><gpxtpx:TrackPointExtension><gpxtpx:hr>119</gpxtpx:hr></gpxtpx:TrackPointExtension></extensions>
      </trkpt>
      <trkpt lat="45.8644226" lon="10.8718244">
        <ele>70.60</ele>
        <time>2026-08-30T12:16:21Z</time>
        <extensions><gpxtpx:TrackPointExtension><gpxtpx:hr>119</gpxtpx:hr></gpxtpx:TrackPointExtension></extensions>
      </trkpt>
      <trkpt lat="45.8644162" lon="10.8718376">
        <ele>70.20</ele>
        <time>2026-08-30T12:16:22Z</time>
        <extensions><gpxtpx:TrackPointExtension><gpxtpx:hr>118</gpxtpx:hr></gpxtpx:TrackPointExtension></extensions>
      </trkpt>
      <trkpt lat="45.8644114" lon="10.8718422">
        <ele>69.80</ele>
        <time>2026-08-30T12:16:23Z</time>
        <extensions><gpxtpx:TrackPointExtension><gpxtpx:hr>118</gpxtpx:hr></gpxtpx:TrackPointExtension></extensions>
      </trkpt>
      <trkpt lat="45.8644147" lon="10.8718601">
        <ele>69.40</ele>
        <time>2026-08-30T12:16:24Z</time>
        <extensions><gpxtpx:TrackPointExtension><gpxtpx:hr>118</gpxtpx:hr></gpxtpx:TrackPointExtension></extensions>
      </trkpt>
      <trkpt lat="45.8644129" lon="10.8718722">
        <ele>69.00</ele>
        <time>2026-08-30T12:16:25Z</time>
        <extensions><gpxtpx:TrackPointExtension><gpxtpx:hr>117</gpxtpx:hr></gpxtpx:TrackPointExtension></extensions>
      </trkpt>
      <trkpt lat="45.8644113" lon="10.8718892">
        <ele>68.60</ele>
        <time>2026-08-30T12:16:26Z</time>
        <extensions><gpxtpx:TrackPointExtension><gpxtpx:hr>117</gpxtpx:hr></gpxtpx:TrackPointExtension></extensions>
      </trkpt>
      <trkpt lat="45.8644076" lon="10.8718967">
        <ele>68.40</ele>
        <time>2026-08-30T12:16:27Z</time>
        <extensions><gpxtpx:TrackPointExtension><gpxtpx:hr>117</gpxtpx:hr></gpxtpx:TrackPointExtension></extensions>
      </trkpt>
      <trkpt lat="45.8644063" lon="10.8719239">
        <ele>68.20</ele>
        <time>2026-08-30T12:16:28Z</time>
        <extensions><gpxtpx:TrackPointExtension><gpxtpx:hr>117</gpxtpx:hr></gpxtpx:TrackPointExtension></extensions>
      </trkpt>
      <trkpt lat="45.8644052" lon="10.8719578">
        <ele>67.80</ele>
        <time>2026-08-30T12:16:29Z</time>
        <extensions><gpxtpx:TrackPointExtension><gpxtpx:hr>117</gpxtpx:hr></gpxtpx:TrackPointExtension></extensions>
      </trkpt>
      <trkpt lat="45.8644145" lon="10.8719939">
        <ele>67.40</ele>
        <time>2026-08-30T12:16:30Z</time>
        <extensions><gpxtpx:TrackPointExtension><gpxtpx:hr>117</gpxtpx:hr></gpxtpx:TrackPointExtension></extensions>
      </trkpt>
      <trkpt lat="45.8644165" lon="10.8720372">
        <ele>66.60</ele>
        <time>2026-08-30T12:16:31Z</time>
        <extensions><gpxtpx:TrackPointExtension><gpxtpx:hr>117</gpxtpx:hr></gpxtpx:TrackPointExtension></extensions>
      </trkpt>
      <trkpt lat="45.8644201" lon="10.8720869">
        <ele>65.60</ele>
        <time>2026-08-30T12:16:32Z</time>
        <extensions><gpxtpx:TrackPointExtension><gpxtpx:hr>117</gpxtpx:hr></gpxtpx:TrackPointExtension></extensions>
      </trkpt>
      <trkpt lat="45.8644238" lon="10.8721394">
        <ele>65.40</ele>
        <time>2026-08-30T12:16:33Z</time>
        <extensions><gpxtpx:TrackPointExtension><gpxtpx:hr>117</gpxtpx:hr></gpxtpx:TrackPointExtension></extensions>
      </trkpt>
      <trkpt lat="45.8644251" lon="10.8721926">
        <ele>64.60</ele>
        <time>2026-08-30T12:16:34Z</time>
        <extensions><gpxtpx:TrackPointExtension><gpxtpx:hr>118</gpxtpx:hr></gpxtpx:TrackPointExtension></extensions>
      </trkpt>
      <trkpt lat="45.8644149" lon="10.8722531">
        <ele>64.40</ele>
        <time>2026-08-30T12:16:35Z</time>
        <extensions><gpxtpx:TrackPointExtension><gpxtpx:hr>118</gpxtpx:hr></gpxtpx:TrackPointExtension></extensions>
      </trkpt>
      <trkpt lat="45.8644051" lon="10.8723033">
        <ele>64.40</ele>
        <time>2026-08-30T12:16:36Z</time>
        <extensions><gpxtpx:TrackPointExtension><gpxtpx:hr>118</gpxtpx:hr></gpxtpx:TrackPointExtension></extensions>
      </trkpt>
      <trkpt lat="45.8643942" lon="10.8723497">
        <ele>64.60</ele>
        <time>2026-08-30T12:16:37Z</time>
        <extensions><gpxtpx:TrackPointExtension><gpxtpx:hr>118</gpxtpx:hr></gpxtpx:TrackPointExtension></extensions>
      </trkpt>
      <trkpt lat="45.8643886" lon="10.8724080">
        <ele>65.00</ele>
        <time>2026-08-30T12:16:38Z</time>
        <extensions><gpxtpx:TrackPointExtension><gpxtpx:hr>118</gpxtpx:hr></gpxtpx:TrackPointExtension></extensions>
      </trkpt>
      <trkpt lat="45.8643746" lon="10.8724725">
        <ele>65.60</ele>
        <time>2026-08-30T12:16:39Z</time>
        <extensions><gpxtpx:TrackPointExtension><gpxtpx:hr>118</gpxtpx:hr></gpxtpx:TrackPointExtension></extensions>
      </trkpt>
      <trkpt lat="45.8643537" lon="10.8725438">
        <ele>66.00</ele>
        <time>2026-08-30T12:16:40Z</time>
        <extensions><gpxtpx:TrackPointExtension><gpxtpx:hr>119</gpxtpx:hr></gpxtpx:TrackPointExtension></extensions>
      </trkpt>
      <trkpt lat="45.8643171" lon="10.8725940">
        <ele>66.40</ele>
        <time>2026-08-30T12:16:41Z</time>
        <extensions><gpxtpx:TrackPointExtension><gpxtpx:hr>117</gpxtpx:hr></gpxtpx:TrackPointExtension></extensions>
      </trkpt>
      <trkpt lat="45.8642797" lon="10.8726465">
        <ele>66.40</ele>
        <time>2026-08-30T12:16:42Z</time>
        <extensions><gpxtpx:TrackPointExtension><gpxtpx:hr>114</gpxtpx:hr></gpxtpx:TrackPointExtension></extensions>
      </trkpt>
      <trkpt lat="45.8642450" lon="10.8726941">
        <ele>66.20</ele>
        <time>2026-08-30T12:16:43Z</time>
        <extensions><gpxtpx:TrackPointExtension><gpxtpx:hr>113</gpxtpx:hr></gpxtpx:TrackPointExtension></extensions>
      </trkpt>
      <trkpt lat="45.8642023" lon="10.8727409">
        <ele>66.20</ele>
        <time>2026-08-30T12:16:44Z</time>
        <extensions><gpxtpx:TrackPointExtension><gpxtpx:hr>111</gpxtpx:hr></gpxtpx:TrackPointExtension></extensions>
      </trkpt>
      <trkpt lat="45.8641648" lon="10.8727972">
        <ele>66.40</ele>
        <time>2026-08-30T12:16:45Z</time>
        <extensions><gpxtpx:TrackPointExtension><gpxtpx:hr>111</gpxtpx:hr></gpxtpx:TrackPointExtension></extensions>
      </trkpt>
      <trkpt lat="45.8641303" lon="10.8728542">
        <ele>66.40</ele>
        <time>2026-08-30T12:16:46Z</time>
        <extensions><gpxtpx:TrackPointExtension><gpxtpx:hr>112</gpxtpx:hr></gpxtpx:TrackPointExtension></extensions>
      </trkpt>
      <trkpt lat="45.8641003" lon="10.8729050">
        <ele>66.40</ele>
        <time>2026-08-30T12:16:47Z</time>
        <extensions><gpxtpx:TrackPointExtension><gpxtpx:hr>112</gpxtpx:hr></gpxtpx:TrackPointExtension></extensions>
      </trkpt>
      <trkpt lat="45.8640716" lon="10.8729643">
        <ele>66.60</ele>
        <time>2026-08-30T12:16:48Z</time>
        <extensions><gpxtpx:TrackPointExtension><gpxtpx:hr>113</gpxtpx:hr></gpxtpx:TrackPointExtension></extensions>
      </trkpt>
      <trkpt lat="45.8640453" lon="10.8730215">
        <ele>67.40</ele>
        <time>2026-08-30T12:16:49Z</time>
        <extensions><gpxtpx:TrackPointExtension><gpxtpx:hr>113</gpxtpx:hr></gpxtpx:TrackPointExtension></extensions>
      </trkpt>
      <trkpt lat="45.8640192" lon="10.8730863">
        <ele>67.60</ele>
        <time>2026-08-30T12:16:50Z</time>
        <extensions><gpxtpx:TrackPointExtension><gpxtpx:hr>114</gpxtpx:hr></gpxtpx:TrackPointExtension></extensions>
      </trkpt>
      <trkpt lat="45.8639880" lon="10.8731511">
        <ele>67.60</ele>
        <time>2026-08-30T12:16:51Z</time>
        <extensions><gpxtpx:TrackPointExtension><gpxtpx:hr>115</gpxtpx:hr></gpxtpx:TrackPointExtension></extensions>
      </trkpt>
      <trkpt lat="45.8639534" lon="10.8732065">
        <ele>67.40</ele>
        <time>2026-08-30T12:16:52Z</time>
        <extensions><gpxtpx:TrackPointExtension><gpxtpx:hr>116</gpxtpx:hr></gpxtpx:TrackPointExtension></extensions>
      </trkpt>
      <trkpt lat="45.8639293" lon="10.8732643">
        <ele>67.20</ele>
        <time>2026-08-30T12:16:53Z</time>
        <extensions><gpxtpx:TrackPointExtension><gpxtpx:hr>116</gpxtpx:hr></gpxtpx:TrackPointExtension></extensions>
      </trkpt>
      <trkpt lat="45.8639047" lon="10.8733205">
        <ele>66.40</ele>
        <time>2026-08-30T12:16:54Z</time>
        <extensions><gpxtpx:TrackPointExtension><gpxtpx:hr>118</gpxtpx:hr></gpxtpx:TrackPointExtension></extensions>
      </trkpt>
      <trkpt lat="45.8638851" lon="10.8733843">
        <ele>66.20</ele>
        <time>2026-08-30T12:16:55Z</time>
        <extensions><gpxtpx:TrackPointExtension><gpxtpx:hr>120</gpxtpx:hr></gpxtpx:TrackPointExtension></extensions>
      </trkpt>
      <trkpt lat="45.8638720" lon="10.8734431">
        <ele>65.80</ele>
        <time>2026-08-30T12:16:56Z</time>
        <extensions><gpxtpx:TrackPointExtension><gpxtpx:hr>122</gpxtpx:hr></gpxtpx:TrackPointExtension></extensions>
      </trkpt>
      <trkpt lat="45.8638521" lon="10.8735030">
        <ele>65.60</ele>
        <time>2026-08-30T12:16:57Z</time>
        <extensions><gpxtpx:TrackPointExtension><gpxtpx:hr>125</gpxtpx:hr></gpxtpx:TrackPointExtension></extensions>
      </trkpt>
      <trkpt lat="45.8638292" lon="10.8735608">
        <ele>65.60</ele>
        <time>2026-08-30T12:16:58Z</time>
        <extensions><gpxtpx:TrackPointExtension><gpxtpx:hr>129</gpxtpx:hr></gpxtpx:TrackPointExtension></extensions>
      </trkpt>
      <trkpt lat="45.8637967" lon="10.8736164">
        <ele>65.80</ele>
        <time>2026-08-30T12:16:59Z</time>
        <extensions><gpxtpx:TrackPointExtension><gpxtpx:hr>130</gpxtpx:hr></gpxtpx:TrackPointExtension></extensions>
      </trkpt>
      <trkpt lat="45.8637541" lon="10.8736556">
        <ele>65.80</ele>
        <time>2026-08-30T12:17:00Z</time>
        <extensions><gpxtpx:TrackPointExtension><gpxtpx:hr>132</gpxtpx:hr></gpxtpx:TrackPointExtension></extensions>
      </trkpt>
      <trkpt lat="45.8637120" lon="10.8737008">
        <ele>66.00</ele>
        <time>2026-08-30T12:17:01Z</time>
        <extensions><gpxtpx:TrackPointExtension><gpxtpx:hr>134</gpxtpx:hr></gpxtpx:TrackPointExtension></extensions>
      </trkpt>
      <trkpt lat="45.8636775" lon="10.8737476">
        <ele>66.00</ele>
        <time>2026-08-30T12:17:02Z</time>
        <extensions><gpxtpx:TrackPointExtension><gpxtpx:hr>135</gpxtpx:hr></gpxtpx:TrackPointExtension></extensions>
      </trkpt>
      <trkpt lat="45.8636509" lon="10.8738033">
        <ele>65.80</ele>
        <time>2026-08-30T12:17:03Z</time>
        <extensions><gpxtpx:TrackPointExtension><gpxtpx:hr>135</gpxtpx:hr></gpxtpx:TrackPointExtension></extensions>
      </trkpt>
      <trkpt lat="45.8636410" lon="10.8738787">
        <ele>65.60</ele>
        <time>2026-08-30T12:17:04Z</time>
        <extensions><gpxtpx:TrackPointExtension><gpxtpx:hr>136</gpxtpx:hr></gpxtpx:TrackPointExtension></extensions>
      </trkpt>
      <trkpt lat="45.8636442" lon="10.8739482">
        <ele>65.40</ele>
        <time>2026-08-30T12:17:05Z</time>
        <extensions><gpxtpx:TrackPointExtension><gpxtpx:hr>136</gpxtpx:hr></gpxtpx:TrackPointExtension></extensions>
      </trkpt>
      <trkpt lat="45.8636585" lon="10.8740143">
        <ele>65.40</ele>
        <time>2026-08-30T12:17:06Z</time>
        <extensions><gpxtpx:TrackPointExtension><gpxtpx:hr>136</gpxtpx:hr></gpxtpx:TrackPointExtension></extensions>
      </trkpt>
      <trkpt lat="45.8636916" lon="10.8740493">
        <ele>65.00</ele>
        <time>2026-08-30T12:17:07Z</time>
        <extensions><gpxtpx:TrackPointExtension><gpxtpx:hr>136</gpxtpx:hr></gpxtpx:TrackPointExtension></extensions>
      </trkpt>
      <trkpt lat="45.8637316" lon="10.8740695">
        <ele>64.60</ele>
        <time>2026-08-30T12:17:08Z</time>
        <extensions><gpxtpx:TrackPointExtension><gpxtpx:hr>135</gpxtpx:hr></gpxtpx:TrackPointExtension></extensions>
      </trkpt>
      <trkpt lat="45.8637739" lon="10.8740736">
        <ele>64.20</ele>
        <time>2026-08-30T12:17:09Z</time>
        <extensions><gpxtpx:TrackPointExtension><gpxtpx:hr>135</gpxtpx:hr></gpxtpx:TrackPointExtension></extensions>
      </trkpt>
      <trkpt lat="45.8638020" lon="10.8740674">
        <ele>63.80</ele>
        <time>2026-08-30T12:17:10Z</time>
        <extensions><gpxtpx:TrackPointExtension><gpxtpx:hr>135</gpxtpx:hr></gpxtpx:TrackPointExtension></extensions>
      </trkpt>
      <trkpt lat="45.8637855" lon="10.8740654">
        <ele>63.40</ele>
        <time>2026-08-30T12:17:11Z</time>
        <extensions><gpxtpx:TrackPointExtension><gpxtpx:hr>135</gpxtpx:hr></gpxtpx:TrackPointExtension></extensions>
      </trkpt>
      <trkpt lat="45.8637877" lon="10.8740693">
        <ele>61.20</ele>
        <time>2026-08-30T12:17:12Z</time>
        <extensions><gpxtpx:TrackPointExtension><gpxtpx:hr>135</gpxtpx:hr></gpxtpx:TrackPointExtension></extensions>
      </trkpt>
      <trkpt lat="45.8637783" lon="10.8740680">
        <ele>60.60</ele>
        <time>2026-08-30T12:17:13Z</time>
        <extensions><gpxtpx:TrackPointExtension><gpxtpx:hr>133</gpxtpx:hr></gpxtpx:TrackPointExtension></extensions>
      </trkpt>
      <trkpt lat="45.8637804" lon="10.8740719">
        <ele>59.80</ele>
        <time>2026-08-30T12:17:14Z</time>
        <extensions><gpxtpx:TrackPointExtension><gpxtpx:hr>130</gpxtpx:hr></gpxtpx:TrackPointExtension></extensions>
      </trkpt>
      <trkpt lat="45.8637808" lon="10.8740823">
        <ele>59.80</ele>
        <time>2026-08-30T12:17:15Z</time>
        <extensions><gpxtpx:TrackPointExtension><gpxtpx:hr>128</gpxtpx:hr></gpxtpx:TrackPointExtension></extensions>
      </trkpt>
      <trkpt lat="45.8637761" lon="10.8740815">
        <ele>60.20</ele>
        <time>2026-08-30T12:17:16Z</time>
        <extensions><gpxtpx:TrackPointExtension><gpxtpx:hr>126</gpxtpx:hr></gpxtpx:TrackPointExtension></extensions>
      </trkpt>
      <trkpt lat="45.8637762" lon="10.8740754">
        <ele>60.40</ele>
        <time>2026-08-30T12:17:17Z</time>
        <extensions><gpxtpx:TrackPointExtension><gpxtpx:hr>124</gpxtpx:hr></gpxtpx:TrackPointExtension></extensions>
      </trkpt>
      <trkpt lat="45.8637670" lon="10.8740737">
        <ele>61.60</ele>
        <time>2026-08-30T12:17:18Z</time>
        <extensions><gpxtpx:TrackPointExtension><gpxtpx:hr>123</gpxtpx:hr></gpxtpx:TrackPointExtension></extensions>
      </trkpt>
      <trkpt lat="45.8637685" lon="10.8740785">
        <ele>63.00</ele>
        <time>2026-08-30T12:17:19Z</time>
        <extensions><gpxtpx:TrackPointExtension><gpxtpx:hr>121</gpxtpx:hr></gpxtpx:TrackPointExtension></extensions>
      </trkpt>
      <trkpt lat="45.8637726" lon="10.8740824">
        <ele>64.00</ele>
        <time>2026-08-30T12:17:20Z</time>
        <extensions><gpxtpx:TrackPointExtension><gpxtpx:hr>119</gpxtpx:hr></gpxtpx:TrackPointExtension></extensions>
      </trkpt>
      <trkpt lat="45.8637782" lon="10.8740804">
        <ele>64.60</ele>
        <time>2026-08-30T12:17:21Z</time>
        <extensions><gpxtpx:TrackPointExtension><gpxtpx:hr>118</gpxtpx:hr></gpxtpx:TrackPointExtension></extensions>
      </trkpt>
      <trkpt lat="45.8637846" lon="10.8740719">
        <ele>65.40</ele>
        <time>2026-08-30T12:17:22Z</time>
        <extensions><gpxtpx:TrackPointExtension><gpxtpx:hr>117</gpxtpx:hr></gpxtpx:TrackPointExtension></extensions>
      </trkpt>
      <trkpt lat="45.8637924" lon="10.8740761">
        <ele>66.60</ele>
        <time>2026-08-30T12:17:23Z</time>
        <extensions><gpxtpx:TrackPointExtension><gpxtpx:hr>116</gpxtpx:hr></gpxtpx:TrackPointExtension></extensions>
      </trkpt>
      <trkpt lat="45.8637969" lon="10.8740830">
        <ele>67.00</ele>
        <time>2026-08-30T12:17:24Z</time>
        <extensions><gpxtpx:TrackPointExtension><gpxtpx:hr>116</gpxtpx:hr></gpxtpx:TrackPointExtension></extensions>
      </trkpt>
      <trkpt lat="45.8638012" lon="10.8740826">
        <ele>67.20</ele>
        <time>2026-08-30T12:17:25Z</time>
        <extensions><gpxtpx:TrackPointExtension><gpxtpx:hr>117</gpxtpx:hr></gpxtpx:TrackPointExtension></extensions>
      </trkpt>
      <trkpt lat="45.8638000" lon="10.8740916">
        <ele>67.40</ele>
        <time>2026-08-30T12:17:26Z</time>
        <extensions><gpxtpx:TrackPointExtension><gpxtpx:hr>118</gpxtpx:hr></gpxtpx:TrackPointExtension></extensions>
      </trkpt>
      <trkpt lat="45.8637998" lon="10.8741052">
        <ele>66.20</ele>
        <time>2026-08-30T12:17:27Z</time>
        <extensions><gpxtpx:TrackPointExtension><gpxtpx:hr>118</gpxtpx:hr></gpxtpx:TrackPointExtension></extensions>
      </trkpt>
      <trkpt lat="45.8638022" lon="10.8741073">
        <ele>65.00</ele>
        <time>2026-08-30T12:17:28Z</time>
        <extensions><gpxtpx:TrackPointExtension><gpxtpx:hr>118</gpxtpx:hr></gpxtpx:TrackPointExtension></extensions>
      </trkpt>
      <trkpt lat="45.8638029" lon="10.8741078">
        <ele>64.00</ele>
        <time>2026-08-30T12:17:29Z</time>
        <extensions><gpxtpx:TrackPointExtension><gpxtpx:hr>117</gpxtpx:hr></gpxtpx:TrackPointExtension></extensions>
      </trkpt>
      <trkpt lat="45.8637963" lon="10.8741084">
        <ele>63.80</ele>
        <time>2026-08-30T12:17:30Z</time>
        <extensions><gpxtpx:TrackPointExtension><gpxtpx:hr>116</gpxtpx:hr></gpxtpx:TrackPointExtension></extensions>
      </trkpt>
      <trkpt lat="45.8638027" lon="10.8741079">
        <ele>63.20</ele>
        <time>2026-08-30T12:17:31Z</time>
        <extensions><gpxtpx:TrackPointExtension><gpxtpx:hr>112</gpxtpx:hr></gpxtpx:TrackPointExtension></extensions>
      </trkpt>
      <trkpt lat="45.8638125" lon="10.8741123">
        <ele>62.40</ele>
        <time>2026-08-30T12:17:32Z</time>
        <extensions><gpxtpx:TrackPointExtension><gpxtpx:hr>110</gpxtpx:hr></gpxtpx:TrackPointExtension></extensions>
      </trkpt>
      <trkpt lat="45.8638213" lon="10.8741103">
        <ele>62.40</ele>
        <time>2026-08-30T12:17:33Z</time>
        <extensions><gpxtpx:TrackPointExtension><gpxtpx:hr>109</gpxtpx:hr></gpxtpx:TrackPointExtension></extensions>
      </trkpt>
      <trkpt lat="45.8638225" lon="10.8741048">
        <ele>62.80</ele>
        <time>2026-08-30T12:17:34Z</time>
        <extensions><gpxtpx:TrackPointExtension><gpxtpx:hr>108</gpxtpx:hr></gpxtpx:TrackPointExtension></extensions>
      </trkpt>
      <trkpt lat="45.8638262" lon="10.8740965">
        <ele>63.20</ele>
        <time>2026-08-30T12:17:35Z</time>
        <extensions><gpxtpx:TrackPointExtension><gpxtpx:hr>108</gpxtpx:hr></gpxtpx:TrackPointExtension></extensions>
      </trkpt>
      <trkpt lat="45.8638300" lon="10.8740903">
        <ele>63.40</ele>
        <time>2026-08-30T12:17:36Z</time>
        <extensions><gpxtpx:TrackPointExtension><gpxtpx:hr>109</gpxtpx:hr></gpxtpx:TrackPointExtension></extensions>
      </trkpt>
      <trkpt lat="45.8638306" lon="10.8740916">
        <ele>63.40</ele>
        <time>2026-08-30T12:17:37Z</time>
        <extensions><gpxtpx:TrackPointExtension><gpxtpx:hr>109</gpxtpx:hr></gpxtpx:TrackPointExtension></extensions>
      </trkpt>
      <trkpt lat="45.8638306" lon="10.8740916">
        <ele>63.80</ele>
        <time>2026-08-30T12:17:38Z</time>
        <extensions><gpxtpx:TrackPointExtension><gpxtpx:hr>109</gpxtpx:hr></gpxtpx:TrackPointExtension></extensions>
      </trkpt>
      <trkpt lat="45.8638306" lon="10.8740916">
        <ele>64.00</ele>
        <time>2026-08-30T12:17:39Z</time>
        <extensions><gpxtpx:TrackPointExtension><gpxtpx:hr>109</gpxtpx:hr></gpxtpx:TrackPointExtension></extensions>
      </trkpt>
      <trkpt lat="45.8638306" lon="10.8740916">
        <ele>65.20</ele>
        <time>2026-08-30T12:17:40Z</time>
        <extensions><gpxtpx:TrackPointExtension><gpxtpx:hr>109</gpxtpx:hr></gpxtpx:TrackPointExtension></extensions>
      </trkpt>
      <trkpt lat="45.8638306" lon="10.8740916">
        <ele>66.20</ele>
        <time>2026-08-30T12:17:41Z</time>
        <extensions><gpxtpx:TrackPointExtension><gpxtpx:hr>109</gpxtpx:hr></gpxtpx:TrackPointExtension></extensions>
      </trkpt>
      <trkpt lat="45.8638306" lon="10.8740916">
        <ele>67.00</ele>
        <time>2026-08-30T12:17:42Z</time>
        <extensions><gpxtpx:TrackPointExtension><gpxtpx:hr>109</gpxtpx:hr></gpxtpx:TrackPointExtension></extensions>
      </trkpt>
      <trkpt lat="45.8638306" lon="10.8740916">
        <ele>67.60</ele>
        <time>2026-08-30T12:17:43Z</time>
        <extensions><gpxtpx:TrackPointExtension><gpxtpx:hr>107</gpxtpx:hr></gpxtpx:TrackPointExtension></extensions>
      </trkpt>
      <trkpt lat="45.8638306" lon="10.8740916">
        <ele>68.20</ele>
        <time>2026-08-30T12:17:44Z</time>
        <extensions><gpxtpx:TrackPointExtension><gpxtpx:hr>104</gpxtpx:hr></gpxtpx:TrackPointExtension></extensions>
      </trkpt>
      <trkpt lat="45.8638306" lon="10.8740916">
        <ele>68.40</ele>
        <time>2026-08-30T12:17:45Z</time>
        <extensions><gpxtpx:TrackPointExtension><gpxtpx:hr>88</gpxtpx:hr></gpxtpx:TrackPointExtension></extensions>
      </trkpt>
      <trkpt lat="45.8638310" lon="10.8740873">
        <ele>68.80</ele>
        <time>2026-08-30T12:17:46Z</time>
        <extensions><gpxtpx:TrackPointExtension><gpxtpx:hr>75</gpxtpx:hr></gpxtpx:TrackPointExtension></extensions>
      </trkpt>
      <trkpt lat="45.8638311" lon="10.8740809">
        <ele>69.20</ele>
        <time>2026-08-30T12:17:47Z</time>
        <extensions><gpxtpx:TrackPointExtension><gpxtpx:hr>71</gpxtpx:hr></gpxtpx:TrackPointExtension></extensions>
      </trkpt>
      <trkpt lat="45.8638311" lon="10.8740755">
        <ele>69.60</ele>
        <time>2026-08-30T12:17:48Z</time>
        <extensions><gpxtpx:TrackPointExtension><gpxtpx:hr>68</gpxtpx:hr></gpxtpx:TrackPointExtension></extensions>
      </trkpt>
      <trkpt lat="45.8638311" lon="10.8740755">
        <ele>70.00</ele>
        <time>2026-08-30T12:17:49Z</time>
        <extensions><gpxtpx:TrackPointExtension><gpxtpx:hr>66</gpxtpx:hr></gpxtpx:TrackPointExtension></extensions>
      </trkpt>
      <trkpt lat="45.8638550" lon="10.8741028">
        <ele>71.40</ele>
        <time>2026-08-30T12:17:52Z</time>
        <extensions><gpxtpx:TrackPointExtension><gpxtpx:hr>65</gpxtpx:hr></gpxtpx:TrackPointExtension></extensions>
      </trkpt>
      <trkpt lat="45.8638522" lon="10.8741069">
        <ele>71.80</ele>
        <time>2026-08-30T12:17:53Z</time>
        <extensions><gpxtpx:TrackPointExtension><gpxtpx:hr>65</gpxtpx:hr></gpxtpx:TrackPointExtension></extensions>
      </trkpt>
      <trkpt lat="45.8638522" lon="10.8741069">
        <ele>72.20</ele>
        <time>2026-08-30T12:17:54Z</time>
        <extensions><gpxtpx:TrackPointExtension><gpxtpx:hr>65</gpxtpx:hr></gpxtpx:TrackPointExtension></extensions>
      </trkpt>
      <trkpt lat="45.8638582" lon="10.8741082">
        <ele>72.20</ele>
        <time>2026-08-30T12:17:55Z</time>
        <extensions><gpxtpx:TrackPointExtension><gpxtpx:hr>72</gpxtpx:hr></gpxtpx:TrackPointExtension></extensions>
      </trkpt>
      <trkpt lat="45.8638626" lon="10.8741102">
        <ele>72.40</ele>
        <time>2026-08-30T12:17:56Z</time>
        <extensions><gpxtpx:TrackPointExtension><gpxtpx:hr>78</gpxtpx:hr></gpxtpx:TrackPointExtension></extensions>
      </trkpt>
      <trkpt lat="45.8638700" lon="10.8741034">
        <ele>72.40</ele>
        <time>2026-08-30T12:17:57Z</time>
        <extensions><gpxtpx:TrackPointExtension><gpxtpx:hr>85</gpxtpx:hr></gpxtpx:TrackPointExtension></extensions>
      </trkpt>
      <trkpt lat="45.8638798" lon="10.8740876">
        <ele>72.20</ele>
        <time>2026-08-30T12:17:58Z</time>
        <extensions><gpxtpx:TrackPointExtension><gpxtpx:hr>89</gpxtpx:hr></gpxtpx:TrackPointExtension></extensions>
      </trkpt>
      <trkpt lat="45.8638856" lon="10.8740866">
        <ele>72.20</ele>
        <time>2026-08-30T12:17:59Z</time>
        <extensions><gpxtpx:TrackPointExtension><gpxtpx:hr>91</gpxtpx:hr></gpxtpx:TrackPointExtension></extensions>
      </trkpt>
      <trkpt lat="45.8638900" lon="10.8740917">
        <ele>72.00</ele>
        <time>2026-08-30T12:18:00Z</time>
        <extensions><gpxtpx:TrackPointExtension><gpxtpx:hr>92</gpxtpx:hr></gpxtpx:TrackPointExtension></extensions>
      </trkpt>
      <trkpt lat="45.8638922" lon="10.8740899">
        <ele>71.80</ele>
        <time>2026-08-30T12:18:01Z</time>
        <extensions><gpxtpx:TrackPointExtension><gpxtpx:hr>92</gpxtpx:hr></gpxtpx:TrackPointExtension></extensions>
      </trkpt>
      <trkpt lat="45.8638944" lon="10.8740866">
        <ele>71.40</ele>
        <time>2026-08-30T12:18:02Z</time>
        <extensions><gpxtpx:TrackPointExtension><gpxtpx:hr>90</gpxtpx:hr></gpxtpx:TrackPointExtension></extensions>
      </trkpt>
      <trkpt lat="45.8638988" lon="10.8740921">
        <ele>71.20</ele>
        <time>2026-08-30T12:18:03Z</time>
        <extensions><gpxtpx:TrackPointExtension><gpxtpx:hr>91</gpxtpx:hr></gpxtpx:TrackPointExtension></extensions>
      </trkpt>
      <trkpt lat="45.8638988" lon="10.8740921">
        <ele>70.80</ele>
        <time>2026-08-30T12:18:04Z</time>
        <extensions><gpxtpx:TrackPointExtension><gpxtpx:hr>93</gpxtpx:hr></gpxtpx:TrackPointExtension></extensions>
      </trkpt>
      <trkpt lat="45.8639086" lon="10.8741047">
        <ele>70.20</ele>
        <time>2026-08-30T12:18:05Z</time>
        <extensions><gpxtpx:TrackPointExtension><gpxtpx:hr>94</gpxtpx:hr></gpxtpx:TrackPointExtension></extensions>
      </trkpt>
      <trkpt lat="45.8639103" lon="10.8741017">
        <ele>69.80</ele>
        <time>2026-08-30T12:18:06Z</time>
        <extensions><gpxtpx:TrackPointExtension><gpxtpx:hr>96</gpxtpx:hr></gpxtpx:TrackPointExtension></extensions>
      </trkpt>
      <trkpt lat="45.8639150" lon="10.8740974">
        <ele>69.40</ele>
        <time>2026-08-30T12:18:07Z</time>
        <extensions><gpxtpx:TrackPointExtension><gpxtpx:hr>96</gpxtpx:hr></gpxtpx:TrackPointExtension></extensions>
      </trkpt>
      <trkpt lat="45.8639154" lon="10.8740953">
        <ele>69.00</ele>
        <time>2026-08-30T12:18:08Z</time>
        <extensions><gpxtpx:TrackPointExtension><gpxtpx:hr>97</gpxtpx:hr></gpxtpx:TrackPointExtension></extensions>
      </trkpt>
      <trkpt lat="45.8639166" lon="10.8740994">
        <ele>68.40</ele>
        <time>2026-08-30T12:18:09Z</time>
        <extensions><gpxtpx:TrackPointExtension><gpxtpx:hr>97</gpxtpx:hr></gpxtpx:TrackPointExtension></extensions>
      </trkpt>
      <trkpt lat="45.8639156" lon="10.8740972">
        <ele>68.00</ele>
        <time>2026-08-30T12:18:10Z</time>
        <extensions><gpxtpx:TrackPointExtension><gpxtpx:hr>97</gpxtpx:hr></gpxtpx:TrackPointExtension></extensions>
      </trkpt>
      <trkpt lat="45.8639220" lon="10.8740940">
        <ele>67.60</ele>
        <time>2026-08-30T12:18:11Z</time>
        <extensions><gpxtpx:TrackPointExtension><gpxtpx:hr>97</gpxtpx:hr></gpxtpx:TrackPointExtension></extensions>
      </trkpt>
      <trkpt lat="45.8639278" lon="10.8740933">
        <ele>67.40</ele>
        <time>2026-08-30T12:18:12Z</time>
        <extensions><gpxtpx:TrackPointExtension><gpxtpx:hr>97</gpxtpx:hr></gpxtpx:TrackPointExtension></extensions>
      </trkpt>
      <trkpt lat="45.8639292" lon="10.8740918">
        <ele>67.00</ele>
        <time>2026-08-30T12:18:13Z</time>
        <extensions><gpxtpx:TrackPointExtension><gpxtpx:hr>97</gpxtpx:hr></gpxtpx:TrackPointExtension></extensions>
      </trkpt>
      <trkpt lat="45.8639301" lon="10.8740944">
        <ele>66.80</ele>
        <time>2026-08-30T12:18:14Z</time>
        <extensions><gpxtpx:TrackPointExtension><gpxtpx:hr>96</gpxtpx:hr></gpxtpx:TrackPointExtension></extensions>
      </trkpt>
      <trkpt lat="45.8639323" lon="10.8740958">
        <ele>66.60</ele>
        <time>2026-08-30T12:18:15Z</time>
        <extensions><gpxtpx:TrackPointExtension><gpxtpx:hr>94</gpxtpx:hr></gpxtpx:TrackPointExtension></extensions>
      </trkpt>
    </trkseg>
  </trk>
</gpx>
