<?xml version="1.0" encoding="UTF-8"?>
<TrainingCenterDatabase xmlns="http://www.garmin.com/xmlschemas/TrainingCenterDatabase/v2" xmlns:ns3="http://www.garmin.com/xmlschemas/ActivityExtension/v2">
  <Activities>
    <Activity Sport="Other">
      <Id>2026-08-30T12:07:30Z</Id>
      <Lap StartTime="2026-08-30T12:07:30Z">
        <TotalTimeSeconds>645.0</TotalTimeSeconds>
        <Track>
          <Trackpoint>
            <Time>2026-08-30T12:07:30Z</Time>
            <Position><LatitudeDegrees>45.8646930</LatitudeDegrees><LongitudeDegrees>10.8751126</LongitudeDegrees></Position>
            <AltitudeMeters>66.60</AltitudeMeters>
            <HeartRateBpm><Value>82</Value></HeartRateBpm>
          </Trackpoint>
          <Trackpoint>
            <Time>2026-08-30T12:07:31Z</Time>
            <Position><LatitudeDegrees>45.8646930</LatitudeDegrees><LongitudeDegrees>10.8751126</LongitudeDegrees></Position>
            <AltitudeMeters>66.60</AltitudeMeters>
            <HeartRateBpm><Value>82</Value></HeartRateBpm>
          </Trackpoint>
          <Trackpoint>
            <Time>2026-08-30T12:07:32Z</Time>
            <Position><LatitudeDegrees>45.8646930</LatitudeDegrees><LongitudeDegrees>10.8751126</LongitudeDegrees></Position>
            <AltitudeMeters>66.60</AltitudeMeters>
            <HeartRateBpm><Value>82</Value></HeartRateBpm>
          </Trackpoint>
          <Trackpoint>
            <Time>2026-08-30T12:07:33Z</Time>
            <Position><LatitudeDegrees>45.8646930</LatitudeDegrees><LongitudeDegrees>10.8751126</LongitudeDegrees></Position>
            <AltitudeMeters>66.80</AltitudeMeters>
            <HeartRateBpm><Value>82</Value></HeartRateBpm>
          </Trackpoint>
          <Trackpoint>
            <Time>2026-08-30T12:07:34Z</Time>
            <Position><LatitudeDegrees>45.8646930</LatitudeDegrees><LongitudeDegrees>10.8751126</LongitudeDegrees></Position>
            <AltitudeMeters>66.80</AltitudeMeters>
            <HeartRateBpm><Value>83</Value></HeartRateBpm>
          </Trackpoint>
          <Trackpoint>
            <Time>2026-08-30T12:07:35Z</Time>
            <Position><LatitudeDegrees>45.8646930</LatitudeDegrees><LongitudeDegrees>10.8751126</LongitudeDegrees></Position>
            <AltitudeMeters>66.80</AltitudeMeters>
            <HeartRateBpm><Value>83</Value></HeartRateBpm>
          </Trackpoint>
          <Trackpoint>
            <Time>2026-08-30T12:07:36Z</Time>
            <Position><LatitudeDegrees>45.8646944</LatitudeDegrees><LongitudeDegrees>10.8751201</LongitudeDegrees></Position>
            <AltitudeMeters>66.80</AltitudeMeters>
            <HeartRateBpm><Value>83</Value></HeartRateBpm>
          </Trackpoint>
          <Trackpoint>
            <Time>2026-08-30T12:07:37Z</Time>
            <Position><LatitudeDegrees>45.8647003</LatitudeDegrees><LongitudeDegrees>10.8751027</LongitudeDegrees></Position>
            <AltitudeMeters>66.60</AltitudeMeters>
            <HeartRateBpm><Value>84</Value></HeartRateBpm>
          </Trackpoint>
          <Trackpoint>
            <Time>2026-08-30T12:07:38Z</Time>
            <Position><LatitudeDegrees>45.8647046</LatitudeDegrees><LongitudeDegrees>10.8751050</LongitudeDegrees></Position>
            <AltitudeMeters>66.40</AltitudeMeters>
            <HeartRateBpm><Value>84</Value></HeartRateBpm>
          </Trackpoint>
          <Trackpoint>
            <Time>2026-08-30T12:07:39Z</Time>
            <Position><LatitudeDegrees>45.8647041</LatitudeDegrees><LongitudeDegrees>10.8751149</LongitudeDegrees></Position>
            <AltitudeMeters>66.40</AltitudeMeters>
            <HeartRateBpm><Value>85</Value></HeartRateBpm>
          </Trackpoint>
          <Trackpoint>
            <Time>2026-08-30T12:07:40Z</Time>
            <Position><LatitudeDegrees>45.8647038</LatitudeDegrees><LongitudeDegrees>10.8751141</LongitudeDegrees></Position>
            <AltitudeMeters>66.20</AltitudeMeters>
            <HeartRateBpm><Value>85</Value></HeartRateBpm>
          </Trackpoint>
          <Trackpoint>
            <Time>2026-08-30T12:07:41Z</Time>
            <Position><LatitudeDegrees>45.8647103</LatitudeDegrees><LongitudeDegrees>10.8751138</LongitudeDegrees></Position>
            <AltitudeMeters>66.20</AltitudeMeters>
            <HeartRateBpm><Value>85</Value></HeartRateBpm>
          </Trackpoint>
          <Trackpoint>
            <Time>2026-08-30T12:07:42Z</Time>
            <Position><LatitudeDegrees>45.8647222</LatitudeDegrees><LongitudeDegrees>10.8751164</LongitudeDegrees></Position>
            <AltitudeMeters>66.40</AltitudeMeters>
            <HeartRateBpm><Value>85</Value></HeartRateBpm>
          </Trackpoint>
          <Trackpoint>
            <Time>2026-08-30T12:07:43Z</Time>
            <Position><LatitudeDegrees>45.8647270</LatitudeDegrees><LongitudeDegrees>10.8751200</LongitudeDegrees></Position>
            <AltitudeMeters>66.60</AltitudeMeters>
            <HeartRateBpm><Value>84</Value></HeartRateBpm>
          </Trackpoint>
          <Trackpoint>
            <Time>2026-08-30T12:07:44Z</Time>
            <Position><LatitudeDegrees>45.8647388</LatitudeDegrees><LongitudeDegrees>10.8751121</LongitudeDegrees></Position>
            <AltitudeMeters>66.80</AltitudeMeters>
            <HeartRateBpm><Value>85</Value></HeartRateBpm>
          </Trackpoint>
          <Trackpoint>
            <Time>2026-08-30T12:07:45Z</Time>
            <Position><LatitudeDegrees>45.8647470</LatitudeDegrees><LongitudeDegrees>10.8750901</LongitudeDegrees></Position>
            <AltitudeMeters>67.00</AltitudeMeters>
            <HeartRateBpm><Value>85</Value></HeartRateBpm>
          </Trackpoint>
          <Trackpoint>
            <Time>2026-08-30T12:07:46Z</Time>
            <Position><LatitudeDegrees>45.8647458</LatitudeDegrees><LongitudeDegrees>10.8750801</LongitudeDegrees></Position>
            <AltitudeMeters>67.20</AltitudeMeters>
            <HeartRateBpm><Value>84</Value></HeartRateBpm>
          </Trackpoint>
          <Trackpoint>
            <Time>2026-08-30T12:07:47Z</Time>
            <Position><LatitudeDegrees>45.8647469</LatitudeDegrees><LongitudeDegrees>10.8750615</LongitudeDegrees></Position>
            <AltitudeMeters>67.40</AltitudeMeters>
            <HeartRateBpm><Value>84</Value></HeartRateBpm>
          </Trackpoint>
          <Trackpoint>
            <Time>2026-08-30T12:07:48Z</Time>
            <Position><LatitudeDegrees>45.8647432</LatitudeDegrees><LongitudeDegrees>10.8750545</LongitudeDegrees></Position>
            <AltitudeMeters>67.80</AltitudeMeters>
            <HeartRateBpm><Value>84</Value></HeartRateBpm>
          </Trackpoint>
          <Trackpoint>
            <Time>2026-08-30T12:07:49Z</Time>
            <Position><LatitudeDegrees>45.8647409</LatitudeDegrees><LongitudeDegrees>10.8750478</LongitudeDegrees></Position>
            <AltitudeMeters>68.00</AltitudeMeters>
            <HeartRateBpm><Value>84</Value></HeartRateBpm>
          </Trackpoint>
          <Trackpoint>
            <Time>2026-08-30T12:07:50Z</Time>
            <Position><LatitudeDegrees>45.8647421</LatitudeDegrees><LongitudeDegrees>10.8750375</LongitudeDegrees></Position>
            <AltitudeMeters>68.20</AltitudeMeters>
            <HeartRateBpm><Value>84</Value></HeartRateBpm>
          </Trackpoint>
          <Trackpoint>
            <Time>2026-08-30T12:07:51Z</Time>
            <Position><LatitudeDegrees>45.8647429</LatitudeDegrees><LongitudeDegrees>10.8750250</LongitudeDegrees></Position>
            <AltitudeMeters>68.20</AltitudeMeters>
            <HeartRateBpm><Value>81</Value></HeartRateBpm>
          </Trackpoint>
          <Trackpoint>
            <Time>2026-08-30T12:07:52Z</Time>
            <Position><LatitudeDegrees>45.8647456</LatitudeDegrees><LongitudeDegrees>10.8750181</LongitudeDegrees></Position>
            <AltitudeMeters>68.00</AltitudeMeters>
            <HeartRateBpm><Value>82</Value></HeartRateBpm>
          </Trackpoint>
          <Trackpoint>
            <Time>2026-08-30T12:07:53Z</Time>
            <Position><LatitudeDegrees>45.8647518</LatitudeDegrees><LongitudeDegrees>10.8750096</LongitudeDegrees></Position>
            <AltitudeMeters>67.80</AltitudeMeters>
            <HeartRateBpm><Value>84</Value></HeartRateBpm>
          </Trackpoint>
          <Trackpoint>
            <Time>2026-08-30T12:07:54Z</Time>
            <Position><LatitudeDegrees>45.8647569</LatitudeDegrees><LongitudeDegrees>10.8749995</LongitudeDegrees></Position>
            <AltitudeMeters>67.40</AltitudeMeters>
            <HeartRateBpm><Value>86</Value></HeartRateBpm>
          </Trackpoint>
          <Trackpoint>
            <Time>2026-08-30T12:07:55Z</Time>
            <Position><LatitudeDegrees>45.8647598</LatitudeDegrees><LongitudeDegrees>10.8749911</LongitudeDegrees></Position>
            <AltitudeMeters>66.80</AltitudeMeters>
            <HeartRateBpm><Value>87</Value></HeartRateBpm>
          </Trackpoint>
          <Trackpoint>
            <Time>2026-08-30T12:07:56Z</Time>
            <Position><LatitudeDegrees>45.8647579</LatitudeDegrees><LongitudeDegrees>10.8749803</LongitudeDegrees></Position>
            <AltitudeMeters>66.40</AltitudeMeters>
            <HeartRateBpm><Value>88</Value></HeartRateBpm>
          </Trackpoint>
          <Trackpoint>
            <Time>2026-08-30T12:07:57Z</Time>
            <Position><LatitudeDegrees>45.8647625</LatitudeDegrees><LongitudeDegrees>10.8749696</LongitudeDegrees></Position>
            <AltitudeMeters>66.20</AltitudeMeters>
            <HeartRateBpm><Value>90</Value></HeartRateBpm>
          </Trackpoint>
          <Trackpoint>
            <Time>2026-08-30T12:07:58Z</Time>
            <Position><LatitudeDegrees>45.8647659</LatitudeDegrees><LongitudeDegrees>10.8749686</LongitudeDegrees></Position>
            <AltitudeMeters>66.00</AltitudeMeters>
            <HeartRateBpm><Value>91</Value></HeartRateBpm>
          </Trackpoint>
          <Trackpoint>
            <Time>2026-08-30T12:07:59Z</Time>
            <Position><LatitudeDegrees>45.8647671</LatitudeDegrees><LongitudeDegrees>10.8749579</LongitudeDegrees></Position>
            <AltitudeMeters>65.80</AltitudeMeters>
            <HeartRateBpm><Value>93</Value></HeartRateBpm>
          </Trackpoint>
          <Trackpoint>
            <Time>2026-08-30T12:08:00Z</Time>
            <Position><LatitudeDegrees>45.8647627</LatitudeDegrees><LongitudeDegrees>10.8749406</LongitudeDegrees></Position>
            <AltitudeMeters>65.60</AltitudeMeters>
            <HeartRateBpm><Value>93</Value></HeartRateBpm>
          </Trackpoint>
          <Trackpoint>
            <Time>2026-08-30T12:08:01Z</Time>
            <Position><LatitudeDegrees>45.8647687</LatitudeDegrees><LongitudeDegrees>10.8749332</LongitudeDegrees></Position>
            <AltitudeMeters>65.60</AltitudeMeters>
            <HeartRateBpm><Value>95</Value></HeartRateBpm>
          </Trackpoint>
          <Trackpoint>
            <Time>2026-08-30T12:08:02Z</Time>
            <Position><LatitudeDegrees>45.8647707</LatitudeDegrees><LongitudeDegrees>10.8749289</LongitudeDegrees></Position>
            <AltitudeMeters>65.60</AltitudeMeters>
            <HeartRateBpm><Value>96</Value></HeartRateBpm>
          </Trackpoint>
          <Trackpoint>
            <Time>2026-08-30T12:08:03Z</Time>
            <Position><LatitudeDegrees>45.8647696</LatitudeDegrees><LongitudeDegrees>10.8749168</LongitudeDegrees></Position>
            <AltitudeMeters>65.40</AltitudeMeters>
            <HeartRateBpm><Value>96</Value></HeartRateBpm>
          </Trackpoint>
          <Trackpoint>
            <Time>2026-08-30T12:08:04Z</Time>
            <Position><LatitudeDegrees>45.8647725</LatitudeDegrees><LongitudeDegrees>10.8749126</LongitudeDegrees></Position>
            <AltitudeMeters>65.40</AltitudeMeters>
            <HeartRateBpm><Value>97</Value></HeartRateBpm>
          </Trackpoint>
          <Trackpoint>
            <Time>2026-08-30T12:08:05Z</Time>
            <Position><LatitudeDegrees>45.8647778</LatitudeDegrees><LongitudeDegrees>10.8749045</LongitudeDegrees></Position>
            <AltitudeMeters>65.60</AltitudeMeters>
            <HeartRateBpm><Value>96</Value></HeartRateBpm>
          </Trackpoint>
          <Trackpoint>
            <Time>2026-08-30T12:08:06Z</Time>
            <Position><LatitudeDegrees>45.8647802</LatitudeDegrees><LongitudeDegrees>10.8748988</LongitudeDegrees></Position>
            <AltitudeMeters>65.80</AltitudeMeters>
            <HeartRateBpm><Value>96</Value></HeartRateBpm>
          </Trackpoint>
          <Trackpoint>
            <Time>2026-08-30T12:08:07Z</Time>
            <Position><LatitudeDegrees>45.8647802</LatitudeDegrees><LongitudeDegrees>10.8748988</LongitudeDegrees></Position>
            <AltitudeMeters>66.00</AltitudeMeters>
            <HeartRateBpm><Value>95</Value></HeartRateBpm>
          </Trackpoint>
          <Trackpoint>
            <Time>2026-08-30T12:08:08Z</Time>
            <Position><LatitudeDegrees>45.8647760</LatitudeDegrees><LongitudeDegrees>10.8749070</LongitudeDegrees></Position>
            <AltitudeMeters>66.20</AltitudeMeters>
            <HeartRateBpm><Value>95</Value></HeartRateBpm>
          </Trackpoint>
          <Trackpoint>
            <Time>2026-08-30T12:08:09Z</Time>
            <Position><LatitudeDegrees>45.8647776</LatitudeDegrees><LongitudeDegrees>10.8749098</LongitudeDegrees></Position>
            <AltitudeMeters>66.20</AltitudeMeters>
            <HeartRateBpm><Value>94</Value></HeartRateBpm>
          </Trackpoint>
          <Trackpoint>
            <Time>2026-08-30T12:08:10Z</Time>
            <Position><LatitudeDegrees>45.8647770</LatitudeDegrees><LongitudeDegrees>10.8749129</LongitudeDegrees></Position>
            <AltitudeMeters>66.20</AltitudeMeters>
            <HeartRateBpm><Value>96</Value></HeartRateBpm>
          </Trackpoint>
          <Trackpoint>
            <Time>2026-08-30T12:08:11Z</Time>
            <Position><LatitudeDegrees>45.8647805</LatitudeDegrees><LongitudeDegrees>10.8749182</LongitudeDegrees></Position>
            <AltitudeMeters>66.00</AltitudeMeters>
            <HeartRateBpm><Value>96</Value></HeartRateBpm>
          </Trackpoint>
          <Trackpoint>
            <Time>2026-08-30T12:08:12Z</Time>
            <Position><LatitudeDegrees>45.8647806</LatitudeDegrees><LongitudeDegrees>10.8749025</LongitudeDegrees></Position>
            <AltitudeMeters>65.80</AltitudeMeters>
            <HeartRateBpm><Value>95</Value></HeartRateBpm>
          </Trackpoint>
          <Trackpoint>
            <Time>2026-08-30T12:08:13Z</Time>
            <Position><LatitudeDegrees>45.8647765</LatitudeDegrees><LongitudeDegrees>10.8749050</LongitudeDegrees></Position>
            <AltitudeMeters>65.40</AltitudeMeters>
            <HeartRateBpm><Value>94</Value></HeartRateBpm>
          </Trackpoint>
          <Trackpoint>
            <Time>2026-08-30T12:08:14Z</Time>
            <Position><LatitudeDegrees>45.8647789</LatitudeDegrees><LongitudeDegrees>10.8749046</LongitudeDegrees></Position>
            <AltitudeMeters>65.60</AltitudeMeters>
            <HeartRateBpm><Value>93</Value></HeartRateBpm>
          </Trackpoint>
          <Trackpoint>
            <Time>2026-08-30T12:08:15Z</Time>
            <Position><LatitudeDegrees>45.8647803</LatitudeDegrees><LongitudeDegrees>10.8749057</LongitudeDegrees></Position>
            <AltitudeMeters>65.80</AltitudeMeters>
            <HeartRateBpm><Value>93</Value></HeartRateBpm>
          </Trackpoint>
          <Trackpoint>
            <Time>2026-08-30T12:08:16Z</Time>
            <Position><LatitudeDegrees>45.8647832</LatitudeDegrees><LongitudeDegrees>10.8748890</LongitudeDegrees></Position>
            <AltitudeMeters>65.80</AltitudeMeters>
            <HeartRateBpm><Value>93</Value></HeartRateBpm>
          </Trackpoint>
          <Trackpoint>
            <Time>2026-08-30T12:08:17Z</Time>
            <Position><LatitudeDegrees>45.8647850</LatitudeDegrees><LongitudeDegrees>10.8748756</LongitudeDegrees></Position>
            <AltitudeMeters>66.00</AltitudeMeters>
            <HeartRateBpm><Value>93</Value></HeartRateBpm>
          </Trackpoint>
          <Trackpoint>
            <Time>2026-08-30T12:08:18Z</Time>
            <Position><LatitudeDegrees>45.8647848</LatitudeDegrees><LongitudeDegrees>10.8748671</LongitudeDegrees></Position>
            <AltitudeMeters>66.00</AltitudeMeters>
            <HeartRateBpm><Value>93</Value></HeartRateBpm>
          </Trackpoint>
          <Trackpoint>
            <Time>2026-08-30T12:08:19Z</Time>
            <Position><LatitudeDegrees>45.8647846</LatitudeDegrees><LongitudeDegrees>10.8748678</LongitudeDegrees></Position>
            <AltitudeMeters>66.00</AltitudeMeters>
            <HeartRateBpm><Value>93</Value></HeartRateBpm>
          </Trackpoint>
          <Trackpoint>
            <Time>2026-08-30T12:08:20Z</Time>
            <Position><LatitudeDegrees>45.8647859</LatitudeDegrees><LongitudeDegrees>10.8748687</LongitudeDegrees></Position>
            <AltitudeMeters>66.20</AltitudeMeters>
            <HeartRateBpm><Value>93</Value></HeartRateBpm>
          </Trackpoint>
          <Trackpoint>
            <Time>2026-08-30T12:08:21Z</Time>
            <Position><LatitudeDegrees>45.8647876</LatitudeDegrees><LongitudeDegrees>10.8748578</LongitudeDegrees></Position>
            <AltitudeMeters>66.20</AltitudeMeters>
            <HeartRateBpm><Value>93</Value></HeartRateBpm>
          </Trackpoint>
          <Trackpoint>
            <Time>2026-08-30T12:08:22Z</Time>
            <Position><LatitudeDegrees>45.8647861</LatitudeDegrees><LongitudeDegrees>10.8748508</LongitudeDegrees></Position>
            <AltitudeMeters>66.20</AltitudeMeters>
            <HeartRateBpm><Value>94</Value></HeartRateBpm>
          </Trackpoint>
          <Trackpoint>
            <Time>2026-08-30T12:08:23Z</Time>
            <Position><LatitudeDegrees>45.8647892</LatitudeDegrees><LongitudeDegrees>10.8748465</LongitudeDegrees></Position>
            <AltitudeMeters>66.40</AltitudeMeters>
            <HeartRateBpm><Value>94</Value></HeartRateBpm>
          </Trackpoint>
          <Trackpoint>
            <Time>2026-08-30T12:08:24Z</Time>
            <Position><LatitudeDegrees>45.8647837</LatitudeDegrees><LongitudeDegrees>10.8748414</LongitudeDegrees></Position>
            <AltitudeMeters>66.00</AltitudeMeters>
            <HeartRateBpm><Value>91</Value></HeartRateBpm>
          </Trackpoint>
          <Trackpoint>
            <Time>2026-08-30T12:08:25Z</Time>
            <Position><LatitudeDegrees>45.8647808</LatitudeDegrees><LongitudeDegrees>10.8748363</LongitudeDegrees></Position>
            <AltitudeMeters>65.80</AltitudeMeters>
            <HeartRateBpm><Value>90</Value></HeartRateBpm>
          </Trackpoint>
          <Trackpoint>
            <Time>2026-08-30T12:08:26Z</Time>
            <Position><LatitudeDegrees>45.8647833</LatitudeDegrees><LongitudeDegrees>10.8748393</LongitudeDegrees></Position>
            <AltitudeMeters>65.60</AltitudeMeters>
            <HeartRateBpm><Value>89</Value></HeartRateBpm>
          </Trackpoint>
          <Trackpoint>
            <Time>2026-08-30T12:08:27Z</Time>
            <Position><LatitudeDegrees>45.8647845</LatitudeDegrees><LongitudeDegrees>10.8748412</LongitudeDegrees></Position>
            <AltitudeMeters>65.20</AltitudeMeters>
            <HeartRateBpm><Value>89</Value></HeartRateBpm>
          </Trackpoint>
          <Trackpoint>
            <Time>2026-08-30T12:08:28Z</Time>
            <Position><LatitudeDegrees>45.8647880</LatitudeDegrees><LongitudeDegrees>10.8748414</LongitudeDegrees></Position>
            <AltitudeMeters>65.00</AltitudeMeters>
            <HeartRateBpm><Value>90</Value></HeartRateBpm>
          </Trackpoint>
          <Trackpoint>
            <Time>2026-08-30T12:08:29Z</Time>
            <Position><LatitudeDegrees>45.8647922</LatitudeDegrees><LongitudeDegrees>10.8748405</LongitudeDegrees></Position>
            <AltitudeMeters>64.80</AltitudeMeters>
            <HeartRateBpm><Value>91</Value></HeartRateBpm>
          </Trackpoint>
          <Trackpoint>
            <Time>2026-08-30T12:08:30Z</Time>
            <Position><LatitudeDegrees>45.8647919</LatitudeDegrees><LongitudeDegrees>10.8748383</LongitudeDegrees></Position>
            <AltitudeMeters>64.80</AltitudeMeters>
            <HeartRateBpm><Value>93</Value></HeartRateBpm>
          </Trackpoint>
          <Trackpoint>
            <Time>2026-08-30T12:08:31Z</Time>
            <Position><LatitudeDegrees>45.8647925</LatitudeDegrees><LongitudeDegrees>10.8748331</LongitudeDegrees></Position>
            <AltitudeMeters>64.80</AltitudeMeters>
            <HeartRateBpm><Value>93</Value></HeartRateBpm>
          </Trackpoint>
          <Trackpoint>
            <Time>2026-08-30T12:08:32Z</Time>
            <Position><LatitudeDegrees>45.8647925</LatitudeDegrees><LongitudeDegrees>10.8748331</LongitudeDegrees></Position>
            <AltitudeMeters>64.80</AltitudeMeters>
            <HeartRateBpm><Value>94</Value></HeartRateBpm>
          </Trackpoint>
          <Trackpoint>
            <Time>2026-08-30T12:08:33Z</Time>
            <Position><LatitudeDegrees>45.8647925</LatitudeDegrees><LongitudeDegrees>10.8748331</LongitudeDegrees></Position>
            <AltitudeMeters>64.80</AltitudeMeters>
            <HeartRateBpm><Value>96</Value></HeartRateBpm>
          </Trackpoint>
          <Trackpoint>
            <Time>2026-08-30T12:08:34Z</Time>
            <Position><LatitudeDegrees>45.8647918</LatitudeDegrees><LongitudeDegrees>10.8748353</LongitudeDegrees></Position>
            <AltitudeMeters>64.80</AltitudeMeters>
            <HeartRateBpm><Value>97</Value></HeartRateBpm>
          </Trackpoint>
          <Trackpoint>
            <Time>2026-08-30T12:08:35Z</Time>
            <Position><LatitudeDegrees>45.8647940</LatitudeDegrees><LongitudeDegrees>10.8748312</LongitudeDegrees></Position>
            <AltitudeMeters>64.80</AltitudeMeters>
            <HeartRateBpm><Value>98</Value></HeartRateBpm>
          </Trackpoint>
          <Trackpoint>
            <Time>2026-08-30T12:08:36Z</Time>
            <Position><LatitudeDegrees>45.8647970</LatitudeDegrees><LongitudeDegrees>10.8748266</LongitudeDegrees></Position>
            <AltitudeMeters>65.00</AltitudeMeters>
            <HeartRateBpm><Value>98</Value></HeartRateBpm>
          </Trackpoint>
          <Trackpoint>
            <Time>2026-08-30T12:08:37Z</Time>
            <Position><LatitudeDegrees>45.8647925</LatitudeDegrees><LongitudeDegrees>10.8748331</LongitudeDegrees></Position>
            <AltitudeMeters>64.80</AltitudeMeters>
            <HeartRateBpm><Value>97</Value></HeartRateBpm>
          </Trackpoint>
          <Trackpoint>
            <Time>2026-08-30T12:08:38Z</Time>
            <Position><LatitudeDegrees>45.8647961</LatitudeDegrees><LongitudeDegrees>10.8748280</LongitudeDegrees></Position>
            <AltitudeMeters>64.80</AltitudeMeters>
            <HeartRateBpm><Value>97</Value></HeartRateBpm>
          </Trackpoint>
          <Trackpoint>
            <Time>2026-08-30T12:08:39Z</Time>
            <Position><LatitudeDegrees>45.8647988</LatitudeDegrees><LongitudeDegrees>10.8748320</LongitudeDegrees></Position>
            <AltitudeMeters>64.80</AltitudeMeters>
            <HeartRateBpm><Value>98</Value></HeartRateBpm>
          </Trackpoint>
          <Trackpoint>
            <Time>2026-08-30T12:08:40Z</Time>
            <Position><LatitudeDegrees>45.8648067</LatitudeDegrees><LongitudeDegrees>10.8748290</LongitudeDegrees></Position>
            <AltitudeMeters>64.80</AltitudeMeters>
            <HeartRateBpm><Value>97</Value></HeartRateBpm>
          </Trackpoint>
          <Trackpoint>
            <Time>2026-08-30T12:08:41Z</Time>
            <Position><LatitudeDegrees>45.8648104</LatitudeDegrees><LongitudeDegrees>10.8748231</LongitudeDegrees></Position>
            <AltitudeMeters>65.00</AltitudeMeters>
            <HeartRateBpm><Value>98</Value></HeartRateBpm>
          </Trackpoint>
          <Trackpoint>
            <Time>2026-08-30T12:08:42Z</Time>
            <Position><LatitudeDegrees>45.8648141</LatitudeDegrees><LongitudeDegrees>10.8748149</LongitudeDegrees></Position>
            <AltitudeMeters>65.00</AltitudeMeters>
            <HeartRateBpm><Value>99</Value></HeartRateBpm>
          </Trackpoint>
          <Trackpoint>
            <Time>2026-08-30T12:08:43Z</Time>
            <Position><LatitudeDegrees>45.8648231</LatitudeDegrees><LongitudeDegrees>10.8748055</LongitudeDegrees></Position>
            <AltitudeMeters>65.00</AltitudeMeters>
            <HeartRateBpm><Value>100</Value></HeartRateBpm>
          </Trackpoint>
          <Trackpoint>
            <Time>2026-08-30T12:08:44Z</Time>
            <Position><LatitudeDegrees>45.8648267</LatitudeDegrees><LongitudeDegrees>10.8747992</LongitudeDegrees></Position>
            <AltitudeMeters>64.80</AltitudeMeters>
            <HeartRateBpm><Value>100</Value></HeartRateBpm>
          </Trackpoint>
          <Trackpoint>
            <Time>2026-08-30T12:08:45Z</Time>
            <Position><LatitudeDegrees>45.8648302</LatitudeDegrees><LongitudeDegrees>10.8747837</LongitudeDegrees></Position>
            <AltitudeMeters>64.80</AltitudeMeters>
            <HeartRateBpm><Value>99</Value></HeartRateBpm>
          </Trackpoint>
          <Trackpoint>
            <Time>2026-08-30T12:08:46Z</Time>
            <Position><LatitudeDegrees>45.8648345</LatitudeDegrees><LongitudeDegrees>10.8747740</LongitudeDegrees></Position>
            <AltitudeMeters>64.20</AltitudeMeters>
            <HeartRateBpm><Value>99</Value></HeartRateBpm>
          </Trackpoint>
          <Trackpoint>
            <Time>2026-08-30T12:08:47Z</Time>
            <Position><LatitudeDegrees>45.8648387</LatitudeDegrees><LongitudeDegrees>10.8747611</LongitudeDegrees></Position>
            <AltitudeMeters>63.40</AltitudeMeters>
            <HeartRateBpm><Value>99</Value></HeartRateBpm>
          </Trackpoint>
          <Trackpoint>
            <Time>2026-08-30T12:08:48Z</Time>
            <Position><LatitudeDegrees>45.8648428</LatitudeDegrees><LongitudeDegrees>10.8747455</LongitudeDegrees></Position>
            <AltitudeMeters>62.80</AltitudeMeters>
            <HeartRateBpm><Value>98</Value></HeartRateBpm>
          </Trackpoint>
          <Trackpoint>
            <Time>2026-08-30T12:08:49Z</Time>
            <Position><LatitudeDegrees>45.8648463</LatitudeDegrees><LongitudeDegrees>10.8747316</LongitudeDegrees></Position>
            <AltitudeMeters>61.60</AltitudeMeters>
            <HeartRateBpm><Value>98</Value></HeartRateBpm>
          </Trackpoint>
          <Trackpoint>
            <Time>2026-08-30T12:08:50Z</Time>
            <Position><LatitudeDegrees>45.8648516</LatitudeDegrees><LongitudeDegrees>10.8747151</LongitudeDegrees></Position>
            <AltitudeMeters>61.40</AltitudeMeters>
            <HeartRateBpm><Value>102</Value></HeartRateBpm>
          </Trackpoint>
          <Trackpoint>
            <Time>2026-08-30T12:08:51Z</Time>
            <Position><LatitudeDegrees>45.8648512</LatitudeDegrees><LongitudeDegrees>10.8747018</LongitudeDegrees></Position>
            <AltitudeMeters>61.40</AltitudeMeters>
            <HeartRateBpm><Value>107</Value></HeartRateBpm>
          </Trackpoint>
          <Trackpoint>
            <Time>2026-08-30T12:08:52Z</Time>
            <Position><LatitudeDegrees>45.8648591</LatitudeDegrees><LongitudeDegrees>10.8746797</LongitudeDegrees></Position>
            <AltitudeMeters>61.40</AltitudeMeters>
            <HeartRateBpm><Value>110</Value></HeartRateBpm>
          </Trackpoint>
          <Trackpoint>
            <Time>2026-08-30T12:08:53Z</Time>
            <Position><LatitudeDegrees>45.8648743</LatitudeDegrees><LongitudeDegrees>10.8746603</LongitudeDegrees></Position>
            <AltitudeMeters>61.40</AltitudeMeters>
            <HeartRateBpm><Value>113</Value></HeartRateBpm>
          </Trackpoint>
          <Trackpoint>
            <Time>2026-08-30T12:08:54Z</Time>
            <Position><LatitudeDegrees>45.8648914</LatitudeDegrees><LongitudeDegrees>10.8746274</LongitudeDegrees></Position>
            <AltitudeMeters>61.40</AltitudeMeters>
            <HeartRateBpm><Value>115</Value></HeartRateBpm>
          </Trackpoint>
          <Trackpoint>
            <Time>2026-08-30T12:08:55Z</Time>
            <Position><LatitudeDegrees>45.8649121</LatitudeDegrees><LongitudeDegrees>10.8745980</LongitudeDegrees></Position>
            <AltitudeMeters>61.40</AltitudeMeters>
            <HeartRateBpm><Value>117</Value></HeartRateBpm>
          </Trackpoint>
          <Trackpoint>
            <Time>2026-08-30T12:08:56Z</Time>
            <Position><LatitudeDegrees>45.8649374</LatitudeDegrees><LongitudeDegrees>10.8745697</LongitudeDegrees></Position>
            <AltitudeMeters>61.40</AltitudeMeters>
            <HeartRateBpm><Value>118</Value></HeartRateBpm>
          </Trackpoint>
          <Trackpoint>
            <Time>2026-08-30T12:08:57Z</Time>
            <Position><LatitudeDegrees>45.8649604</LatitudeDegrees><LongitudeDegrees>10.8745368</LongitudeDegrees></Position>
            <AltitudeMeters>61.60</AltitudeMeters>
            <HeartRateBpm><Value>119</Value></HeartRateBpm>
          </Trackpoint>
          <Trackpoint>
            <Time>2026-08-30T12:08:58Z</Time>
            <Position><LatitudeDegrees>45.8649796</LatitudeDegrees><LongitudeDegrees>10.8744943</LongitudeDegrees></Position>
            <AltitudeMeters>62.00</AltitudeMeters>
            <HeartRateBpm><Value>119</Value></HeartRateBpm>
          </Trackpoint>
          <Trackpoint>
            <Time>2026-08-30T12:08:59Z</Time>
            <Position><LatitudeDegrees>45.8649922</LatitudeDegrees><LongitudeDegrees>10.8744412</LongitudeDegrees></Position>
            <AltitudeMeters>63.00</AltitudeMeters>
            <HeartRateBpm><Value>120</Value></HeartRateBpm>
          </Trackpoint>
          <Trackpoint>
            <Time>2026-08-30T12:09:00Z</Time>
            <Position><LatitudeDegrees>45.8650083</LatitudeDegrees><LongitudeDegrees>10.8743876</LongitudeDegrees></Position>
            <AltitudeMeters>64.20</AltitudeMeters>
            <HeartRateBpm><Value>120</Value></HeartRateBpm>
          </Trackpoint>
          <Trackpoint>
            <Time>2026-08-30T12:09:01Z</Time>
            <Position><LatitudeDegrees>45.8650152</LatitudeDegrees><LongitudeDegrees>10.8743164</LongitudeDegrees></Position>
            <AltitudeMeters>65.40</AltitudeMeters>
            <HeartRateBpm><Value>120</Value></HeartRateBpm>
          </Trackpoint>
          <Trackpoint>
            <Time>2026-08-30T12:09:02Z</Time>
            <Position><LatitudeDegrees>45.8650076</LatitudeDegrees><LongitudeDegrees>10.8742442</LongitudeDegrees></Position>
            <AltitudeMeters>66.80</AltitudeMeters>
            <HeartRateBpm><Value>121</Value></HeartRateBpm>
          </Trackpoint>
          <Trackpoint>
            <Time>2026-08-30T12:09:03Z</Time>
            <Position><LatitudeDegrees>45.8649994</LatitudeDegrees><LongitudeDegrees>10.8741726</LongitudeDegrees></Position>
            <AltitudeMeters>67.40</AltitudeMeters>
            <HeartRateBpm><Value>121</Value></HeartRateBpm>
          </Trackpoint>
          <Trackpoint>
            <Time>2026-08-30T12:09:04Z</Time>
            <Position><LatitudeDegrees>45.8649938</LatitudeDegrees><LongitudeDegrees>10.8741029</LongitudeDegrees></Position>
            <AltitudeMeters>67.20</AltitudeMeters>
            <HeartRateBpm><Value>121</Value></HeartRateBpm>
          </Trackpoint>
          <Trackpoint>
            <Time>2026-08-30T12:09:05Z</Time>
            <Position><LatitudeDegrees>45.8649894</LatitudeDegrees><LongitudeDegrees>10.8740277</LongitudeDegrees></Position>
            <AltitudeMeters>66.80</AltitudeMeters>
            <HeartRateBpm><Value>122</Value></HeartRateBpm>
          </Trackpoint>
          <Trackpoint>
            <Time>2026-08-30T12:09:06Z</Time>
            <Position><LatitudeDegrees>45.8649836</LatitudeDegrees><LongitudeDegrees>10.8739460</LongitudeDegrees></Position>
            <AltitudeMeters>66.40</AltitudeMeters>
            <HeartRateBpm><Value>122</Value></HeartRateBpm>
          </Trackpoint>
          <Trackpoint>
            <Time>2026-08-30T12:09:07Z</Time>
            <Position><LatitudeDegrees>45.8649806</LatitudeDegrees><LongitudeDegrees>10.8738779</LongitudeDegrees></Position>
            <AltitudeMeters>65.00</AltitudeMeters>
            <HeartRateBpm><Value>123</Value></HeartRateBpm>
          </Trackpoint>
          <Trackpoint>
            <Time>2026-08-30T12:09:08Z</Time>
            <Position><LatitudeDegrees>45.8649791</LatitudeDegrees><LongitudeDegrees>10.8737985</LongitudeDegrees></Position>
            <AltitudeMeters>64.60</AltitudeMeters>
            <HeartRateBpm><Value>124</Value></HeartRateBpm>
          </Trackpoint>
          <Trackpoint>
            <Time>2026-08-30T12:09:09Z</Time>
            <Position><LatitudeDegrees>45.8649781</LatitudeDegrees><LongitudeDegrees>10.8737110</LongitudeDegrees></Position>
            <AltitudeMeters>64.60</AltitudeMeters>
            <HeartRateBpm><Value>126</Value></HeartRateBpm>
          </Trackpoint>
          <Trackpoint>
            <Time>2026-08-30T12:09:10Z</Time>
            <Position><LatitudeDegrees>45.8649786</LatitudeDegrees><LongitudeDegrees>10.8736265</LongitudeDegrees></Position>
            <AltitudeMeters>65.20</AltitudeMeters>
            <HeartRateBpm><Value>127</Value></HeartRateBpm>
          </Trackpoint>
          <Trackpoint>
            <Time>2026-08-30T12:09:11Z</Time>
            <Position><LatitudeDegrees>45.8649827</LatitudeDegrees><LongitudeDegrees>10.8735437</LongitudeDegrees></Position>
            <AltitudeMeters>65.60</AltitudeMeters>
            <HeartRateBpm><Value>127</Value></HeartRateBpm>
          </Trackpoint>
          <Trackpoint>
            <Time>2026-08-30T12:09:12Z</Time>
            <Position><LatitudeDegrees>45.8649848</LatitudeDegrees><LongitudeDegrees>10.8734664</LongitudeDegrees></Position>
            <AltitudeMeters>66.40</AltitudeMeters>
            <HeartRateBpm><Value>127</Value></HeartRateBpm>
          </Trackpoint>
          <Trackpoint>
            <Time>2026-08-30T12:09:13Z</Time>
            <Position><LatitudeDegrees>45.8649890</LatitudeDegrees><LongitudeDegrees>10.8733877</LongitudeDegrees></Position>
            <AltitudeMeters>67.00</AltitudeMeters>
            <HeartRateBpm><Value>127</Value></HeartRateBpm>
          </Trackpoint>
          <Trackpoint>
            <Time>2026-08-30T12:09:14Z</Time>
            <Position><LatitudeDegrees>45.8649900</LatitudeDegrees><LongitudeDegrees>10.8733087</LongitudeDegrees></Position>
            <AltitudeMeters>67.00</AltitudeMeters>
            <HeartRateBpm><Value>126</Value></HeartRateBpm>
          </Trackpoint>
          <Trackpoint>
            <Time>2026-08-30T12:09:15Z</Time>
            <Position><LatitudeDegrees>45.8649969</LatitudeDegrees><LongitudeDegrees>10.8732387</LongitudeDegrees></Position>
            <AltitudeMeters>67.20</AltitudeMeters>
            <HeartRateBpm><Value>126</Value></HeartRateBpm>
          </Trackpoint>
          <Trackpoint>
            <Time>2026-08-30T12:09:16Z</Time>
            <Position><LatitudeDegrees>45.8650040</LatitudeDegrees><LongitudeDegrees>10.8731609</LongitudeDegrees></Position>
            <AltitudeMeters>67.60</AltitudeMeters>
            <HeartRateBpm><Value>126</Value></HeartRateBpm>
          </Trackpoint>
          <Trackpoint>
            <Time>2026-08-30T12:09:17Z</Time>
            <Position><LatitudeDegrees>45.8650117</LatitudeDegrees><LongitudeDegrees>10.8730838</LongitudeDegrees></Position>
            <AltitudeMeters>67.60</AltitudeMeters>
            <HeartRateBpm><Value>126</Value></HeartRateBpm>
          </Trackpoint>
          <Trackpoint>
            <Time>2026-08-30T12:09:18Z</Time>
            <Position><LatitudeDegrees>45.8650186</LatitudeDegrees><LongitudeDegrees>10.8730144</LongitudeDegrees></Position>
            <AltitudeMeters>67.40</AltitudeMeters>
            <HeartRateBpm><Value>126</Value></HeartRateBpm>
          </Trackpoint>
          <Trackpoint>
            <Time>2026-08-30T12:09:19Z</Time>
            <Position><LatitudeDegrees>45.8650379</LatitudeDegrees><LongitudeDegrees>10.8729391</LongitudeDegrees></Position>
            <AltitudeMeters>66.80</AltitudeMeters>
            <HeartRateBpm><Value>126</Value></HeartRateBpm>
          </Trackpoint>
          <Trackpoint>
            <Time>2026-08-30T12:09:20Z</Time>
            <Position><LatitudeDegrees>45.8650544</LatitudeDegrees><LongitudeDegrees>10.8728501</LongitudeDegrees></Position>
            <AltitudeMeters>66.40</AltitudeMeters>
            <HeartRateBpm><Value>126</Value></HeartRateBpm>
          </Trackpoint>
          <Trackpoint>
            <Time>2026-08-30T12:09:21Z</Time>
            <Position><LatitudeDegrees>45.8650578</LatitudeDegrees><LongitudeDegrees>10.8727683</LongitudeDegrees></Position>
            <AltitudeMeters>66.00</AltitudeMeters>
            <HeartRateBpm><Value>126</Value></HeartRateBpm>
          </Trackpoint>
          <Trackpoint>
            <Time>2026-08-30T12:09:22Z</Time>
            <Position><LatitudeDegrees>45.8650699</LatitudeDegrees><LongitudeDegrees>10.8726868</LongitudeDegrees></Position>
            <AltitudeMeters>66.00</AltitudeMeters>
            <HeartRateBpm><Value>126</Value></HeartRateBpm>
          </Trackpoint>
          <Trackpoint>
            <Time>2026-08-30T12:09:23Z</Time>
            <Position><LatitudeDegrees>45.8650707</LatitudeDegrees><LongitudeDegrees>10.8726112</LongitudeDegrees></Position>
            <AltitudeMeters>66.20</AltitudeMeters>
            <HeartRateBpm><Value>126</Value></HeartRateBpm>
          </Trackpoint>
          <Trackpoint>
            <Time>2026-08-30T12:09:24Z</Time>
            <Position><LatitudeDegrees>45.8650674</LatitudeDegrees><LongitudeDegrees>10.8725391</LongitudeDegrees></Position>
            <AltitudeMeters>66.40</AltitudeMeters>
            <HeartRateBpm><Value>126</Value></HeartRateBpm>
          </Trackpoint>
          <Trackpoint>
            <Time>2026-08-30T12:09:25Z</Time>
            <Position><LatitudeDegrees>45.8650645</LatitudeDegrees><LongitudeDegrees>10.8724591</LongitudeDegrees></Position>
            <AltitudeMeters>66.20</AltitudeMeters>
            <HeartRateBpm><Value>126</Value></HeartRateBpm>
          </Trackpoint>
          <Trackpoint>
            <Time>2026-08-30T12:09:26Z</Time>
            <Position><LatitudeDegrees>45.8650657</LatitudeDegrees><LongitudeDegrees>10.8723772</LongitudeDegrees></Position>
            <AltitudeMeters>66.20</AltitudeMeters>
            <HeartRateBpm><Value>125</Value></HeartRateBpm>
          </Trackpoint>
          <Trackpoint>
            <Time>2026-08-30T12:09:27Z</Time>
            <Position><LatitudeDegrees>45.8650740</LatitudeDegrees><LongitudeDegrees>10.8722959</LongitudeDegrees></Position>
            <AltitudeMeters>66.00</AltitudeMeters>
            <HeartRateBpm><Value>126</Value></HeartRateBpm>
          </Trackpoint>
          <Trackpoint>
            <Time>2026-08-30T12:09:28Z</Time>
            <Position><LatitudeDegrees>45.8650685</LatitudeDegrees><LongitudeDegrees>10.8722180</LongitudeDegrees></Position>
            <AltitudeMeters>66.00</AltitudeMeters>
            <HeartRateBpm><Value>125</Value></HeartRateBpm>
          </Trackpoint>
          <Trackpoint>
            <Time>2026-08-30T12:09:29Z</Time>
            <Position><LatitudeDegrees>45.8650695</LatitudeDegrees><LongitudeDegrees>10.8721455</LongitudeDegrees></Position>
            <AltitudeMeters>66.20</AltitudeMeters>
            <HeartRateBpm><Value>125</Value></HeartRateBpm>
          </Trackpoint>
          <Trackpoint>
            <Time>2026-08-30T12:09:30Z</Time>
            <Position><LatitudeDegrees>45.8650681</LatitudeDegrees><LongitudeDegrees>10.8720733</LongitudeDegrees></Position>
            <AltitudeMeters>66.60</AltitudeMeters>
            <HeartRateBpm><Value>124</Value></HeartRateBpm>
          </Trackpoint>
          <Trackpoint>
            <Time>2026-08-30T12:09:31Z</Time>
            <Position><LatitudeDegrees>45.8650655</LatitudeDegrees><LongitudeDegrees>10.8719961</LongitudeDegrees></Position>
            <AltitudeMeters>67.00</AltitudeMeters>
            <HeartRateBpm><Value>124</Value></HeartRateBpm>
          </Trackpoint>
          <Trackpoint>
            <Time>2026-08-30T12:09:32Z</Time>
            <Position><LatitudeDegrees>45.8650697</LatitudeDegrees><LongitudeDegrees>10.8719212</LongitudeDegrees></Position>
            <AltitudeMeters>67.00</AltitudeMeters>
            <HeartRateBpm><Value>124</Value></HeartRateBpm>
          </Trackpoint>
          <Trackpoint>
            <Time>2026-08-30T12:09:33Z</Time>
            <Position><LatitudeDegrees>45.8650821</LatitudeDegrees><LongitudeDegrees>10.8718486</LongitudeDegrees></Position>
            <AltitudeMeters>67.00</AltitudeMeters>
            <HeartRateBpm><Value>124</Value></HeartRateBpm>
          </Trackpoint>
          <Trackpoint>
            <Time>2026-08-30T12:09:34Z</Time>
            <Position><LatitudeDegrees>45.8651053</LatitudeDegrees><LongitudeDegrees>10.8717800</LongitudeDegrees></Position>
            <AltitudeMeters>66.60</AltitudeMeters>
            <HeartRateBpm><Value>124</Value></HeartRateBpm>
          </Trackpoint>
          <Trackpoint>
            <Time>2026-08-30T12:09:35Z</Time>
            <Position><LatitudeDegrees>45.8651328</LatitudeDegrees><LongitudeDegrees>10.8717054</LongitudeDegrees></Position>
            <AltitudeMeters>66.40</AltitudeMeters>
            <HeartRateBpm><Value>123</Value></HeartRateBpm>
          </Trackpoint>
          <Trackpoint>
            <Time>2026-08-30T12:09:36Z</Time>
            <Position><LatitudeDegrees>45.8651593</LatitudeDegrees><LongitudeDegrees>10.8716287</LongitudeDegrees></Position>
            <AltitudeMeters>65.80</AltitudeMeters>
            <HeartRateBpm><Value>123</Value></HeartRateBpm>
          </Trackpoint>
          <Trackpoint>
            <Time>2026-08-30T12:09:37Z</Time>
            <Position><LatitudeDegrees>45.8651847</LatitudeDegrees><LongitudeDegrees>10.8715577</LongitudeDegrees></Position>
            <AltitudeMeters>66.00</AltitudeMeters>
            <HeartRateBpm><Value>123</Value></HeartRateBpm>
          </Trackpoint>
          <Trackpoint>
            <Time>2026-08-30T12:09:38Z</Time>
            <Position><LatitudeDegrees>45.8652068</LatitudeDegrees><LongitudeDegrees>10.8714885</LongitudeDegrees></Position>
            <AltitudeMeters>66.40</AltitudeMeters>
            <HeartRateBpm><Value>122</Value></HeartRateBpm>
          </Trackpoint>
          <Trackpoint>
            <Time>2026-08-30T12:09:39Z</Time>
            <Position><LatitudeDegrees>45.8652233</LatitudeDegrees><LongitudeDegrees>10.8714187</LongitudeDegrees></Position>
            <AltitudeMeters>66.40</AltitudeMeters>
            <HeartRateBpm><Value>122</Value></HeartRateBpm>
          </Trackpoint>
          <Trackpoint>
            <Time>2026-08-30T12:09:40Z</Time>
            <Position><LatitudeDegrees>45.8652313</LatitudeDegrees><LongitudeDegrees>10.8713371</LongitudeDegrees></Position>
            <AltitudeMeters>66.40</AltitudeMeters>
            <HeartRateBpm><Value>120</Value></HeartRateBpm>
          </Trackpoint>
          <Trackpoint>
            <Time>2026-08-30T12:09:41Z</Time>
            <Position><LatitudeDegrees>45.8652204</LatitudeDegrees><LongitudeDegrees>10.8712593</LongitudeDegrees></Position>
            <AltitudeMeters>66.60</AltitudeMeters>
            <HeartRateBpm><Value>119</Value></HeartRateBpm>
          </Trackpoint>
          <Trackpoint>
            <Time>2026-08-30T12:09:42Z</Time>
            <Position><LatitudeDegrees>45.8652101</LatitudeDegrees><LongitudeDegrees>10.8711892</LongitudeDegrees></Position>
            <AltitudeMeters>66.40</AltitudeMeters>
            <HeartRateBpm><Value>117</Value></HeartRateBpm>
          </Trackpoint>
          <Trackpoint>
            <Time>2026-08-30T12:09:43Z</Time>
            <Position><LatitudeDegrees>45.8652062</LatitudeDegrees><LongitudeDegrees>10.8711095</LongitudeDegrees></Position>
            <AltitudeMeters>66.00</AltitudeMeters>
            <HeartRateBpm><Value>114</Value></HeartRateBpm>
          </Trackpoint>
          <Trackpoint>
            <Time>2026-08-30T12:09:44Z</Time>
            <Position><LatitudeDegrees>45.8652038</LatitudeDegrees><LongitudeDegrees>10.8710270</LongitudeDegrees></Position>
            <AltitudeMeters>65.00</AltitudeMeters>
            <HeartRateBpm><Value>113</Value></HeartRateBpm>
          </Trackpoint>
          <Trackpoint>
            <Time>2026-08-30T12:09:45Z</Time>
            <Position><LatitudeDegrees>45.8651991</LatitudeDegrees><LongitudeDegrees>10.8709492</LongitudeDegrees></Position>
            <AltitudeMeters>65.00</AltitudeMeters>
            <HeartRateBpm><Value>112</Value></HeartRateBpm>
          </Trackpoint>
          <Trackpoint>
            <Time>2026-08-30T12:09:46Z</Time>
            <Position><LatitudeDegrees>45.8651966</LatitudeDegrees><LongitudeDegrees>10.8708703</LongitudeDegrees></Position>
            <AltitudeMeters>64.80</AltitudeMeters>
            <HeartRateBpm><Value>112</Value></HeartRateBpm>
          </Trackpoint>
          <Trackpoint>
            <Time>2026-08-30T12:09:47Z</Time>
            <Position><LatitudeDegrees>45.8651981</LatitudeDegrees><LongitudeDegrees>10.8708017</LongitudeDegrees></Position>
            <AltitudeMeters>65.00</AltitudeMeters>
            <HeartRateBpm><Value>112</Value></HeartRateBpm>
          </Trackpoint>
          <Trackpoint>
            <Time>2026-08-30T12:09:48Z</Time>
            <Position><LatitudeDegrees>45.8652053</LatitudeDegrees><LongitudeDegrees>10.8707377</LongitudeDegrees></Position>
            <AltitudeMeters>65.40</AltitudeMeters>
            <HeartRateBpm><Value>112</Value></HeartRateBpm>
          </Trackpoint>
          <Trackpoint>
            <Time>2026-08-30T12:09:49Z</Time>
            <Position><LatitudeDegrees>45.8652097</LatitudeDegrees><LongitudeDegrees>10.8706716</LongitudeDegrees></Position>
            <AltitudeMeters>66.20</AltitudeMeters>
            <HeartRateBpm><Value>112</Value></HeartRateBpm>
          </Trackpoint>
          <Trackpoint>
            <Time>2026-08-30T12:09:50Z</Time>
            <Position><LatitudeDegrees>45.8652137</LatitudeDegrees><LongitudeDegrees>10.8705961</LongitudeDegrees></Position>
            <AltitudeMeters>67.00</AltitudeMeters>
            <HeartRateBpm><Value>112</Value></HeartRateBpm>
          </Trackpoint>
          <Trackpoint>
            <Time>2026-08-30T12:09:51Z</Time>
            <Position><LatitudeDegrees>45.8652224</LatitudeDegrees><LongitudeDegrees>10.8705293</LongitudeDegrees></Position>
            <AltitudeMeters>67.60</AltitudeMeters>
            <HeartRateBpm><Value>112</Value></HeartRateBpm>
          </Trackpoint>
          <Trackpoint>
            <Time>2026-08-30T12:09:52Z</Time>
            <Position><LatitudeDegrees>45.8652369</LatitudeDegrees><LongitudeDegrees>10.8704692</LongitudeDegrees></Position>
            <AltitudeMeters>68.20</AltitudeMeters>
            <HeartRateBpm><Value>112</Value></HeartRateBpm>
          </Trackpoint>
          <Trackpoint>
            <Time>2026-08-30T12:09:53Z</Time>
            <Position><LatitudeDegrees>45.8652482</LatitudeDegrees><LongitudeDegrees>10.8703971</LongitudeDegrees></Position>
            <AltitudeMeters>68.20</AltitudeMeters>
            <HeartRateBpm><Value>112</Value></HeartRateBpm>
          </Trackpoint>
          <Trackpoint>
            <Time>2026-08-30T12:09:54Z</Time>
            <Position><LatitudeDegrees>45.8652536</LatitudeDegrees><LongitudeDegrees>10.8703368</LongitudeDegrees></Position>
            <AltitudeMeters>67.60</AltitudeMeters>
            <HeartRateBpm><Value>113</Value></HeartRateBpm>
          </Trackpoint>
          <Trackpoint>
            <Time>2026-08-30T12:09:55Z</Time>
            <Position><LatitudeDegrees>45.8652588</LatitudeDegrees><LongitudeDegrees>10.8702703</LongitudeDegrees></Position>
            <AltitudeMeters>67.00</AltitudeMeters>
            <HeartRateBpm><Value>113</Value></HeartRateBpm>
          </Trackpoint>
          <Trackpoint>
            <Time>2026-08-30T12:09:56Z</Time>
            <Position><LatitudeDegrees>45.8652583</LatitudeDegrees><LongitudeDegrees>10.8701956</LongitudeDegrees></Position>
            <AltitudeMeters>67.20</AltitudeMeters>
            <HeartRateBpm><Value>114</Value></HeartRateBpm>
          </Trackpoint>
          <Trackpoint>
            <Time>2026-08-30T12:09:57Z</Time>
            <Position><LatitudeDegrees>45.8652655</LatitudeDegrees><LongitudeDegrees>10.8701268</LongitudeDegrees></Position>
            <AltitudeMeters>67.40</AltitudeMeters>
            <HeartRateBpm><Value>113</Value></HeartRateBpm>
          </Trackpoint>
          <Trackpoint>
            <Time>2026-08-30T12:09:58Z</Time>
            <Position><LatitudeDegrees>45.8652779</LatitudeDegrees><LongitudeDegrees>10.8700586</LongitudeDegrees></Position>
            <AltitudeMeters>67.60</AltitudeMeters>
            <HeartRateBpm><Value>113</Value></HeartRateBpm>
          </Trackpoint>
          <Trackpoint>
            <Time>2026-08-30T12:09:59Z</Time>
            <Position><LatitudeDegrees>45.8652851</LatitudeDegrees><LongitudeDegrees>10.8699919</LongitudeDegrees></Position>
            <AltitudeMeters>67.20</AltitudeMeters>
            <HeartRateBpm><Value>113</Value></HeartRateBpm>
          </Trackpoint>
          <Trackpoint>
            <Time>2026-08-30T12:10:00Z</Time>
            <Position><LatitudeDegrees>45.8652982</LatitudeDegrees><LongitudeDegrees>10.8699238</LongitudeDegrees></Position>
            <AltitudeMeters>66.60</AltitudeMeters>
            <HeartRateBpm><Value>114</Value></HeartRateBpm>
          </Trackpoint>
          <Trackpoint>
            <Time>2026-08-30T12:10:01Z</Time>
            <Position><LatitudeDegrees>45.8653158</LatitudeDegrees><LongitudeDegrees>10.8698588</LongitudeDegrees></Position>
            <AltitudeMeters>65.20</AltitudeMeters>
            <HeartRateBpm><Value>114</Value></HeartRateBpm>
          </Trackpoint>
          <Trackpoint>
            <Time>2026-08-30T12:10:02Z</Time>
            <Position><LatitudeDegrees>45.8653463</LatitudeDegrees><LongitudeDegrees>10.8697950</LongitudeDegrees></Position>
            <AltitudeMeters>64.20</AltitudeMeters>
            <HeartRateBpm><Value>114</Value></HeartRateBpm>
          </Trackpoint>
          <Trackpoint>
            <Time>2026-08-30T12:10:03Z</Time>
            <Position><LatitudeDegrees>45.8653831</LatitudeDegrees><LongitudeDegrees>10.8697435</LongitudeDegrees></Position>
            <AltitudeMeters>63.60</AltitudeMeters>
            <HeartRateBpm><Value>113</Value></HeartRateBpm>
          </Trackpoint>
          <Trackpoint>
            <Time>2026-08-30T12:10:04Z</Time>
            <Position><LatitudeDegrees>45.8654280</LatitudeDegrees><LongitudeDegrees>10.8697229</LongitudeDegrees></Position>
            <AltitudeMeters>63.80</AltitudeMeters>
            <HeartRateBpm><Value>112</Value></HeartRateBpm>
          </Trackpoint>
          <Trackpoint>
            <Time>2026-08-30T12:10:05Z</Time>
            <Position><LatitudeDegrees>45.8654756</LatitudeDegrees><LongitudeDegrees>10.8697296</LongitudeDegrees></Position>
            <AltitudeMeters>64.00</AltitudeMeters>
            <HeartRateBpm><Value>111</Value></HeartRateBpm>
          </Trackpoint>
          <Trackpoint>
            <Time>2026-08-30T12:10:06Z</Time>
            <Position><LatitudeDegrees>45.8655159</LatitudeDegrees><LongitudeDegrees>10.8697507</LongitudeDegrees></Position>
            <AltitudeMeters>64.20</AltitudeMeters>
            <HeartRateBpm><Value>107</Value></HeartRateBpm>
          </Trackpoint>
          <Trackpoint>
            <Time>2026-08-30T12:10:07Z</Time>
            <Position><LatitudeDegrees>45.8655448</LatitudeDegrees><LongitudeDegrees>10.8697755</LongitudeDegrees></Position>
            <AltitudeMeters>64.40</AltitudeMeters>
            <HeartRateBpm><Value>105</Value></HeartRateBpm>
          </Trackpoint>
          <Trackpoint>
            <Time>2026-08-30T12:10:08Z</Time>
            <Position><LatitudeDegrees>45.8655646</LatitudeDegrees><LongitudeDegrees>10.8698203</LongitudeDegrees></Position>
            <AltitudeMeters>64.80</AltitudeMeters>
            <HeartRateBpm><Value>105</Value></HeartRateBpm>
          </Trackpoint>
          <Trackpoint>
            <Time>2026-08-30T12:10:09Z</Time>
            <Position><LatitudeDegrees>45.8655761</LatitudeDegrees><LongitudeDegrees>10.8698801</LongitudeDegrees></Position>
            <AltitudeMeters>65.00</AltitudeMeters>
            <HeartRateBpm><Value>105</Value></HeartRateBpm>
          </Trackpoint>
          <Trackpoint>
            <Time>2026-08-30T12:10:10Z</Time>
            <Position><LatitudeDegrees>45.8655749</LatitudeDegrees><LongitudeDegrees>10.8699405</LongitudeDegrees></Position>
            <AltitudeMeters>65.20</AltitudeMeters>
            <HeartRateBpm><Value>105</Value></HeartRateBpm>
          </Trackpoint>
          <Trackpoint>
            <Time>2026-08-30T12:10:11Z</Time>
            <Position><LatitudeDegrees>45.8655650</LatitudeDegrees><LongitudeDegrees>10.8700028</LongitudeDegrees></Position>
            <AltitudeMeters>65.60</AltitudeMeters>
            <HeartRateBpm><Value>106</Value></HeartRateBpm>
          </Trackpoint>
          <Trackpoint>
            <Time>2026-08-30T12:10:12Z</Time>
            <Position><LatitudeDegrees>45.8655459</LatitudeDegrees><LongitudeDegrees>10.8700740</LongitudeDegrees></Position>
            <AltitudeMeters>65.80</AltitudeMeters>
            <HeartRateBpm><Value>106</Value></HeartRateBpm>
          </Trackpoint>
          <Trackpoint>
            <Time>2026-08-30T12:10:13Z</Time>
            <Position><LatitudeDegrees>45.8655253</LatitudeDegrees><LongitudeDegrees>10.8701363</LongitudeDegrees></Position>
            <AltitudeMeters>66.60</AltitudeMeters>
            <HeartRateBpm><Value>106</Value></HeartRateBpm>
          </Trackpoint>
          <Trackpoint>
            <Time>2026-08-30T12:10:14Z</Time>
            <Position><LatitudeDegrees>45.8655017</LatitudeDegrees><LongitudeDegrees>10.8701949</LongitudeDegrees></Position>
            <AltitudeMeters>67.00</AltitudeMeters>
            <HeartRateBpm><Value>106</Value></HeartRateBpm>
          </Trackpoint>
          <Trackpoint>
            <Time>2026-08-30T12:10:15Z</Time>
            <Position><LatitudeDegrees>45.8654768</LatitudeDegrees><LongitudeDegrees>10.8702555</LongitudeDegrees></Position>
            <AltitudeMeters>67.40</AltitudeMeters>
            <HeartRateBpm><Value>105</Value></HeartRateBpm>
          </Trackpoint>
          <Trackpoint>
            <Time>2026-08-30T12:10:16Z</Time>
            <Position><LatitudeDegrees>45.8654447</LatitudeDegrees><LongitudeDegrees>10.8703143</LongitudeDegrees></Position>
            <AltitudeMeters>67.60</AltitudeMeters>
            <HeartRateBpm><Value>106</Value></HeartRateBpm>
          </Trackpoint>
          <Trackpoint>
            <Time>2026-08-30T12:10:17Z</Time>
            <Position><LatitudeDegrees>45.8654175</LatitudeDegrees><LongitudeDegrees>10.8703800</LongitudeDegrees></Position>
            <AltitudeMeters>67.60</AltitudeMeters>
            <HeartRateBpm><Value>106</Value></HeartRateBpm>
          </Trackpoint>
          <Trackpoint>
            <Time>2026-08-30T12:10:18Z</Time>
            <Position><LatitudeDegrees>45.8653967</LatitudeDegrees><LongitudeDegrees>10.8704467</LongitudeDegrees></Position>
            <AltitudeMeters>67.60</AltitudeMeters>
            <HeartRateBpm><Value>106</Value></HeartRateBpm>
          </Trackpoint>
          <Trackpoint>
            <Time>2026-08-30T12:10:19Z</Time>
            <Position><LatitudeDegrees>45.8653818</LatitudeDegrees><LongitudeDegrees>10.8705107</LongitudeDegrees></Position>
            <AltitudeMeters>67.20</AltitudeMeters>
            <HeartRateBpm><Value>106</Value></HeartRateBpm>
          </Trackpoint>
          <Trackpoint>
            <Time>2026-08-30T12:10:20Z</Time>
            <Position><LatitudeDegrees>45.8653661</LatitudeDegrees><LongitudeDegrees>10.8705735</LongitudeDegrees></Position>
            <AltitudeMeters>66.80</AltitudeMeters>
            <HeartRateBpm><Value>106</Value></HeartRateBpm>
          </Trackpoint>
          <Trackpoint>
            <Time>2026-08-30T12:10:21Z</Time>
            <Position><LatitudeDegrees>45.8653466</LatitudeDegrees><LongitudeDegrees>10.8706471</LongitudeDegrees></Position>
            <AltitudeMeters>66.60</AltitudeMeters>
            <HeartRateBpm><Value>106</Value></HeartRateBpm>
          </Trackpoint>
          <Trackpoint>
            <Time>2026-08-30T12:10:22Z</Time>
            <Position><LatitudeDegrees>45.8653282</LatitudeDegrees><LongitudeDegrees>10.8707140</LongitudeDegrees></Position>
            <AltitudeMeters>66.80</AltitudeMeters>
            <HeartRateBpm><Value>106</Value></HeartRateBpm>
          </Trackpoint>
          <Trackpoint>
            <Time>2026-08-30T12:10:23Z</Time>
            <Position><LatitudeDegrees>45.8653017</LatitudeDegrees><LongitudeDegrees>10.8707744</LongitudeDegrees></Position>
            <AltitudeMeters>67.00</AltitudeMeters>
            <HeartRateBpm><Value>106</Value></HeartRateBpm>
          </Trackpoint>
          <Trackpoint>
            <Time>2026-08-30T12:10:24Z</Time>
            <Position><LatitudeDegrees>45.8652663</LatitudeDegrees><LongitudeDegrees>10.8708185</LongitudeDegrees></Position>
            <AltitudeMeters>67.60</AltitudeMeters>
            <HeartRateBpm><Value>106</Value></HeartRateBpm>
          </Trackpoint>
          <Trackpoint>
            <Time>2026-08-30T12:10:25Z</Time>
            <Position><LatitudeDegrees>45.8652270</LatitudeDegrees><LongitudeDegrees>10.8708579</LongitudeDegrees></Position>
            <AltitudeMeters>67.80</AltitudeMeters>
            <HeartRateBpm><Value>106</Value></HeartRateBpm>
          </Trackpoint>
          <Trackpoint>
            <Time>2026-08-30T12:10:26Z</Time>
            <Position><LatitudeDegrees>45.8651986</LatitudeDegrees><LongitudeDegrees>10.8709158</LongitudeDegrees></Position>
            <AltitudeMeters>68.00</AltitudeMeters>
            <HeartRateBpm><Value>106</Value></HeartRateBpm>
          </Trackpoint>
          <Trackpoint>
            <Time>2026-08-30T12:10:27Z</Time>
            <Position><LatitudeDegrees>45.8651743</LatitudeDegrees><LongitudeDegrees>10.8709756</LongitudeDegrees></Position>
            <AltitudeMeters>67.80</AltitudeMeters>
            <HeartRateBpm><Value>105</Value></HeartRateBpm>
          </Trackpoint>
          <Trackpoint>
            <Time>2026-08-30T12:10:28Z</Time>
            <Position><LatitudeDegrees>45.8651474</LatitudeDegrees><LongitudeDegrees>10.8710342</LongitudeDegrees></Position>
            <AltitudeMeters>67.40</AltitudeMeters>
            <HeartRateBpm><Value>105</Value></HeartRateBpm>
          </Trackpoint>
          <Trackpoint>
            <Time>2026-08-30T12:10:29Z</Time>
            <Position><LatitudeDegrees>45.8651142</LatitudeDegrees><LongitudeDegrees>10.8710957</LongitudeDegrees></Position>
            <AltitudeMeters>67.20</AltitudeMeters>
            <HeartRateBpm><Value>105</Value></HeartRateBpm>
          </Trackpoint>
          <Trackpoint>
            <Time>2026-08-30T12:10:30Z</Time>
            <Position><LatitudeDegrees>45.8650847</LatitudeDegrees><LongitudeDegrees>10.8711536</LongitudeDegrees></Position>
            <AltitudeMeters>67.20</AltitudeMeters>
            <HeartRateBpm><Value>106</Value></HeartRateBpm>
          </Trackpoint>
          <Trackpoint>
            <Time>2026-08-30T12:10:31Z</Time>
            <Position><LatitudeDegrees>45.8650578</LatitudeDegrees><LongitudeDegrees>10.8712118</LongitudeDegrees></Position>
            <AltitudeMeters>67.20</AltitudeMeters>
            <HeartRateBpm><Value>106</Value></HeartRateBpm>
          </Trackpoint>
          <Trackpoint>
            <Time>2026-08-30T12:10:32Z</Time>
            <Position><LatitudeDegrees>45.8650341</LatitudeDegrees><LongitudeDegrees>10.8712743</LongitudeDegrees></Position>
            <AltitudeMeters>67.40</AltitudeMeters>
            <HeartRateBpm><Value>106</Value></HeartRateBpm>
          </Trackpoint>
          <Trackpoint>
            <Time>2026-08-30T12:10:33Z</Time>
            <Position><LatitudeDegrees>45.8650081</LatitudeDegrees><LongitudeDegrees>10.8713389</LongitudeDegrees></Position>
            <AltitudeMeters>67.60</AltitudeMeters>
            <HeartRateBpm><Value>106</Value></HeartRateBpm>
          </Trackpoint>
          <Trackpoint>
            <Time>2026-08-30T12:10:34Z</Time>
            <Position><LatitudeDegrees>45.8649856</LatitudeDegrees><LongitudeDegrees>10.8714021</LongitudeDegrees></Position>
            <AltitudeMeters>67.60</AltitudeMeters>
            <HeartRateBpm><Value>109</Value></HeartRateBpm>
          </Trackpoint>
          <Trackpoint>
            <Time>2026-08-30T12:10:35Z</Time>
            <Position><LatitudeDegrees>45.8649634</LatitudeDegrees><LongitudeDegrees>10.8714681</LongitudeDegrees></Position>
            <AltitudeMeters>67.60</AltitudeMeters>
            <HeartRateBpm><Value>110</Value></HeartRateBpm>
          </Trackpoint>
          <Trackpoint>
            <Time>2026-08-30T12:10:36Z</Time>
            <Position><LatitudeDegrees>45.8649443</LatitudeDegrees><LongitudeDegrees>10.8715281</LongitudeDegrees></Position>
            <AltitudeMeters>67.60</AltitudeMeters>
            <HeartRateBpm><Value>110</Value></HeartRateBpm>
          </Trackpoint>
          <Trackpoint>
            <Time>2026-08-30T12:10:37Z</Time>
            <Position><LatitudeDegrees>45.8649184</LatitudeDegrees><LongitudeDegrees>10.8715940</LongitudeDegrees></Position>
            <AltitudeMeters>67.40</AltitudeMeters>
            <HeartRateBpm><Value>110</Value></HeartRateBpm>
          </Trackpoint>
          <Trackpoint>
            <Time>2026-08-30T12:10:38Z</Time>
            <Position><LatitudeDegrees>45.8648872</LatitudeDegrees><LongitudeDegrees>10.8716552</LongitudeDegrees></Position>
            <AltitudeMeters>67.20</AltitudeMeters>
            <HeartRateBpm><Value>111</Value></HeartRateBpm>
          </Trackpoint>
          <Trackpoint>
            <Time>2026-08-30T12:10:39Z</Time>
            <Position><LatitudeDegrees>45.8648587</LatitudeDegrees><LongitudeDegrees>10.8717103</LongitudeDegrees></Position>
            <AltitudeMeters>67.20</AltitudeMeters>
            <HeartRateBpm><Value>110</Value></HeartRateBpm>
          </Trackpoint>
          <Trackpoint>
            <Time>2026-08-30T12:10:40Z</Time>
            <Position><LatitudeDegrees>45.8648358</LatitudeDegrees><LongitudeDegrees>10.8717782</LongitudeDegrees></Position>
            <AltitudeMeters>67.00</AltitudeMeters>
            <HeartRateBpm><Value>110</Value></HeartRateBpm>
          </Trackpoint>
          <Trackpoint>
            <Time>2026-08-30T12:10:41Z</Time>
            <Position><LatitudeDegrees>45.8648101</LatitudeDegrees><LongitudeDegrees>10.8718489</LongitudeDegrees></Position>
            <AltitudeMeters>67.00</AltitudeMeters>
            <HeartRateBpm><Value>110</Value></HeartRateBpm>
          </Trackpoint>
          <Trackpoint>
            <Time>2026-08-30T12:10:42Z</Time>
            <Position><LatitudeDegrees>45.8647838</LatitudeDegrees><LongitudeDegrees>10.8719146</LongitudeDegrees></Position>
            <AltitudeMeters>66.80</AltitudeMeters>
            <HeartRateBpm><Value>110</Value></HeartRateBpm>
          </Trackpoint>
          <Trackpoint>
            <Time>2026-08-30T12:10:43Z</Time>
            <Position><LatitudeDegrees>45.8647530</LatitudeDegrees><LongitudeDegrees>10.8719735</LongitudeDegrees></Position>
            <AltitudeMeters>67.00</AltitudeMeters>
            <HeartRateBpm><Value>109</Value></HeartRateBpm>
          </Trackpoint>
          <Trackpoint>
            <Time>2026-08-30T12:10:44Z</Time>
            <Position><LatitudeDegrees>45.8647221</LatitudeDegrees><LongitudeDegrees>10.8720256</LongitudeDegrees></Position>
            <AltitudeMeters>67.20</AltitudeMeters>
            <HeartRateBpm><Value>109</Value></HeartRateBpm>
          </Trackpoint>
          <Trackpoint>
            <Time>2026-08-30T12:10:45Z</Time>
            <Position><LatitudeDegrees>45.8646976</LatitudeDegrees><LongitudeDegrees>10.8720861</LongitudeDegrees></Position>
            <AltitudeMeters>67.20</AltitudeMeters>
            <HeartRateBpm><Value>108</Value></HeartRateBpm>
          </Trackpoint>
          <Trackpoint>
            <Time>2026-08-30T12:10:46Z</Time>
            <Position><LatitudeDegrees>45.8646733</LatitudeDegrees><LongitudeDegrees>10.8721573</LongitudeDegrees></Position>
            <AltitudeMeters>67.40</AltitudeMeters>
            <HeartRateBpm><Value>109</Value></HeartRateBpm>
          </Trackpoint>
          <Trackpoint>
            <Time>2026-08-30T12:10:47Z</Time>
            <Position><LatitudeDegrees>45.8646484</LatitudeDegrees><LongitudeDegrees>10.8722231</LongitudeDegrees></Position>
            <AltitudeMeters>67.80</AltitudeMeters>
            <HeartRateBpm><Value>109</Value></HeartRateBpm>
          </Trackpoint>
          <Trackpoint>
            <Time>2026-08-30T12:10:48Z</Time>
            <Position><LatitudeDegrees>45.8646283</LatitudeDegrees><LongitudeDegrees>10.8722909</LongitudeDegrees></Position>
            <AltitudeMeters>68.00</AltitudeMeters>
            <HeartRateBpm><Value>108</Value></HeartRateBpm>
          </Trackpoint>
          <Trackpoint>
            <Time>2026-08-30T12:10:49Z</Time>
            <Position><LatitudeDegrees>45.8646117</LatitudeDegrees><LongitudeDegrees>10.8723565</LongitudeDegrees></Position>
            <AltitudeMeters>67.80</AltitudeMeters>
            <HeartRateBpm><Value>108</Value></HeartRateBpm>
          </Trackpoint>
          <Trackpoint>
            <Time>2026-08-30T12:10:50Z</Time>
            <Position><LatitudeDegrees>45.8645883</LatitudeDegrees><LongitudeDegrees>10.8724286</LongitudeDegrees></Position>
            <AltitudeMeters>67.80</AltitudeMeters>
            <HeartRateBpm><Value>108</Value></HeartRateBpm>
          </Trackpoint>
          <Trackpoint>
            <Time>2026-08-30T12:10:51Z</Time>
            <Position><LatitudeDegrees>45.8645692</LatitudeDegrees><LongitudeDegrees>10.8724996</LongitudeDegrees></Position>
            <AltitudeMeters>67.40</AltitudeMeters>
            <HeartRateBpm><Value>108</Value></HeartRateBpm>
          </Trackpoint>
          <Trackpoint>
            <Time>2026-08-30T12:10:52Z</Time>
            <Position><LatitudeDegrees>45.8645453</LatitudeDegrees><LongitudeDegrees>10.8725714</LongitudeDegrees></Position>
            <AltitudeMeters>67.20</AltitudeMeters>
            <HeartRateBpm><Value>108</Value></HeartRateBpm>
          </Trackpoint>
          <Trackpoint>
            <Time>2026-08-30T12:10:53Z</Time>
            <Position><LatitudeDegrees>45.8645202</LatitudeDegrees><LongitudeDegrees>10.8726491</LongitudeDegrees></Position>
            <AltitudeMeters>67.00</AltitudeMeters>
            <HeartRateBpm><Value>107</Value></HeartRateBpm>
          </Trackpoint>
          <Trackpoint>
            <Time>2026-08-30T12:10:54Z</Time>
            <Position><LatitudeDegrees>45.8645049</LatitudeDegrees><LongitudeDegrees>10.8727307</LongitudeDegrees></Position>
            <AltitudeMeters>66.80</AltitudeMeters>
            <HeartRateBpm><Value>107</Value></HeartRateBpm>
          </Trackpoint>
          <Trackpoint>
            <Time>2026-08-30T12:10:55Z</Time>
            <Position><LatitudeDegrees>45.8644901</LatitudeDegrees><LongitudeDegrees>10.8728096</LongitudeDegrees></Position>
            <AltitudeMeters>66.80</AltitudeMeters>
            <HeartRateBpm><Value>108</Value></HeartRateBpm>
          </Trackpoint>
          <Trackpoint>
            <Time>2026-08-30T12:10:56Z</Time>
            <Position><LatitudeDegrees>45.8644647</LatitudeDegrees><LongitudeDegrees>10.8728858</LongitudeDegrees></Position>
            <AltitudeMeters>67.00</AltitudeMeters>
            <HeartRateBpm><Value>108</Value></HeartRateBpm>
          </Trackpoint>
          <Trackpoint>
            <Time>2026-08-30T12:10:57Z</Time>
            <Position><LatitudeDegrees>45.8644407</LatitudeDegrees><LongitudeDegrees>10.8729470</LongitudeDegrees></Position>
            <AltitudeMeters>67.20</AltitudeMeters>
            <HeartRateBpm><Value>108</Value></HeartRateBpm>
          </Trackpoint>
          <Trackpoint>
            <Time>2026-08-30T12:10:58Z</Time>
            <Position><LatitudeDegrees>45.8644145</LatitudeDegrees><LongitudeDegrees>10.8730059</LongitudeDegrees></Position>
            <AltitudeMeters>67.00</AltitudeMeters>
            <HeartRateBpm><Value>108</Value></HeartRateBpm>
          </Trackpoint>
          <Trackpoint>
            <Time>2026-08-30T12:10:59Z</Time>
            <Position><LatitudeDegrees>45.8643875</LatitudeDegrees><LongitudeDegrees>10.8730824</LongitudeDegrees></Position>
            <AltitudeMeters>66.80</AltitudeMeters>
            <HeartRateBpm><Value>108</Value></HeartRateBpm>
          </Trackpoint>
          <Trackpoint>
            <Time>2026-08-30T12:11:00Z</Time>
            <Position><LatitudeDegrees>45.8643709</LatitudeDegrees><LongitudeDegrees>10.8731414</LongitudeDegrees></Position>
            <AltitudeMeters>66.80</AltitudeMeters>
            <HeartRateBpm><Value>109</Value></HeartRateBpm>
          </Trackpoint>
          <Trackpoint>
            <Time>2026-08-30T12:11:01Z</Time>
            <Position><LatitudeDegrees>45.8643501</LatitudeDegrees><LongitudeDegrees>10.8732066</LongitudeDegrees></Position>
            <AltitudeMeters>66.60</AltitudeMeters>
            <HeartRateBpm><Value>109</Value></HeartRateBpm>
          </Trackpoint>
          <Trackpoint>
            <Time>2026-08-30T12:11:02Z</Time>
            <Position><LatitudeDegrees>45.8643326</LatitudeDegrees><LongitudeDegrees>10.8732810</LongitudeDegrees></Position>
            <AltitudeMeters>66.00</AltitudeMeters>
            <HeartRateBpm><Value>109</Value></HeartRateBpm>
          </Trackpoint>
          <Trackpoint>
            <Time>2026-08-30T12:11:03Z</Time>
            <Position><LatitudeDegrees>45.8643124</LatitudeDegrees><LongitudeDegrees>10.8733579</LongitudeDegrees></Position>
            <AltitudeMeters>65.80</AltitudeMeters>
            <HeartRateBpm><Value>108</Value></HeartRateBpm>
          </Trackpoint>
          <Trackpoint>
            <Time>2026-08-30T12:11:04Z</Time>
            <Position><LatitudeDegrees>45.8642890</LatitudeDegrees><LongitudeDegrees>10.8734308</LongitudeDegrees></Position>
            <AltitudeMeters>65.80</AltitudeMeters>
            <HeartRateBpm><Value>108</Value></HeartRateBpm>
          </Trackpoint>
          <Trackpoint>
            <Time>2026-08-30T12:11:05Z</Time>
            <Position><LatitudeDegrees>45.8642631</LatitudeDegrees><LongitudeDegrees>10.8734951</LongitudeDegrees></Position>
            <AltitudeMeters>65.80</AltitudeMeters>
            <HeartRateBpm><Value>108</Value></HeartRateBpm>
          </Trackpoint>
          <Trackpoint>
            <Time>2026-08-30T12:11:06Z</Time>
            <Position><LatitudeDegrees>45.8642403</LatitudeDegrees><LongitudeDegrees>10.8735611</LongitudeDegrees></Position>
            <AltitudeMeters>65.60</AltitudeMeters>
            <HeartRateBpm><Value>108</Value></HeartRateBpm>
          </Trackpoint>
          <Trackpoint>
            <Time>2026-08-30T12:11:07Z</Time>
            <Position><LatitudeDegrees>45.8642186</LatitudeDegrees><LongitudeDegrees>10.8736207</LongitudeDegrees></Position>
            <AltitudeMeters>65.80</AltitudeMeters>
            <HeartRateBpm><Value>108</Value></HeartRateBpm>
          </Trackpoint>
          <Trackpoint>
            <Time>2026-08-30T12:11:08Z</Time>
            <Position><LatitudeDegrees>45.8641900</LatitudeDegrees><LongitudeDegrees>10.8736794</LongitudeDegrees></Position>
            <AltitudeMeters>66.20</AltitudeMeters>
            <HeartRateBpm><Value>108</Value></HeartRateBpm>
          </Trackpoint>
          <Trackpoint>
            <Time>2026-08-30T12:11:09Z</Time>
            <Position><LatitudeDegrees>45.8641641</LatitudeDegrees><LongitudeDegrees>10.8737310</LongitudeDegrees></Position>
            <AltitudeMeters>66.00</AltitudeMeters>
            <HeartRateBpm><Value>107</Value></HeartRateBpm>
          </Trackpoint>
          <Trackpoint>
            <Time>2026-08-30T12:11:10Z</Time>
            <Position><LatitudeDegrees>45.8641561</LatitudeDegrees><LongitudeDegrees>10.8737944</LongitudeDegrees></Position>
            <AltitudeMeters>65.80</AltitudeMeters>
            <HeartRateBpm><Value>107</Value></HeartRateBpm>
          </Trackpoint>
          <Trackpoint>
            <Time>2026-08-30T12:11:11Z</Time>
            <Position><LatitudeDegrees>45.8641526</LatitudeDegrees><LongitudeDegrees>10.8738548</LongitudeDegrees></Position>
            <AltitudeMeters>65.60</AltitudeMeters>
            <HeartRateBpm><Value>106</Value></HeartRateBpm>
          </Trackpoint>
          <Trackpoint>
            <Time>2026-08-30T12:11:12Z</Time>
            <Position><LatitudeDegrees>45.8641423</LatitudeDegrees><LongitudeDegrees>10.8739106</LongitudeDegrees></Position>
            <AltitudeMeters>65.40</AltitudeMeters>
            <HeartRateBpm><Value>106</Value></HeartRateBpm>
          </Trackpoint>
          <Trackpoint>
            <Time>2026-08-30T12:11:13Z</Time>
            <Position><LatitudeDegrees>45.8641404</LatitudeDegrees><LongitudeDegrees>10.8739750</LongitudeDegrees></Position>
            <AltitudeMeters>65.20</AltitudeMeters>
            <HeartRateBpm><Value>106</Value></HeartRateBpm>
          </Trackpoint>
          <Trackpoint>
            <Time>2026-08-30T12:11:14Z</Time>
            <Position><LatitudeDegrees>45.8641481</LatitudeDegrees><LongitudeDegrees>10.8740445</LongitudeDegrees></Position>
            <AltitudeMeters>65.20</AltitudeMeters>
            <HeartRateBpm><Value>106</Value></HeartRateBpm>
          </Trackpoint>
          <Trackpoint>
            <Time>2026-08-30T12:11:15Z</Time>
            <Position><LatitudeDegrees>45.8641585</LatitudeDegrees><LongitudeDegrees>10.8741146</LongitudeDegrees></Position>
            <AltitudeMeters>65.00</AltitudeMeters>
            <HeartRateBpm><Value>106</Value></HeartRateBpm>
          </Trackpoint>
          <Trackpoint>
            <Time>2026-08-30T12:11:16Z</Time>
            <Position><LatitudeDegrees>45.8641853</LatitudeDegrees><LongitudeDegrees>10.8741574</LongitudeDegrees></Position>
            <AltitudeMeters>64.80</AltitudeMeters>
            <HeartRateBpm><Value>107</Value></HeartRateBpm>
          </Trackpoint>
          <Trackpoint>
            <Time>2026-08-30T12:11:17Z</Time>
            <Position><LatitudeDegrees>45.8642264</LatitudeDegrees><LongitudeDegrees>10.8741850</LongitudeDegrees></Position>
            <AltitudeMeters>64.40</AltitudeMeters>
            <HeartRateBpm><Value>107</Value></HeartRateBpm>
          </Trackpoint>
          <Trackpoint>
            <Time>2026-08-30T12:11:18Z</Time>
            <Position><LatitudeDegrees>45.8642637</LatitudeDegrees><LongitudeDegrees>10.8741795</LongitudeDegrees></Position>
            <AltitudeMeters>63.80</AltitudeMeters>
            <HeartRateBpm><Value>108</Value></HeartRateBpm>
          </Trackpoint>
          <Trackpoint>
            <Time>2026-08-30T12:11:19Z</Time>
            <Position><LatitudeDegrees>45.8642847</LatitudeDegrees><LongitudeDegrees>10.8741487</LongitudeDegrees></Position>
            <AltitudeMeters>63.40</AltitudeMeters>
            <HeartRateBpm><Value>108</Value></HeartRateBpm>
          </Trackpoint>
          <Trackpoint>
            <Time>2026-08-30T12:11:20Z</Time>
            <Position><LatitudeDegrees>45.8643156</LatitudeDegrees><LongitudeDegrees>10.8741099</LongitudeDegrees></Position>
            <AltitudeMeters>63.00</AltitudeMeters>
            <HeartRateBpm><Value>108</Value></HeartRateBpm>
          </Trackpoint>
          <Trackpoint>
            <Time>2026-08-30T12:11:21Z</Time>
            <Position><LatitudeDegrees>45.8643279</LatitudeDegrees><LongitudeDegrees>10.8740612</LongitudeDegrees></Position>
            <AltitudeMeters>62.80</AltitudeMeters>
            <HeartRateBpm><Value>108</Value></HeartRateBpm>
          </Trackpoint>
          <Trackpoint>
            <Time>2026-08-30T12:11:22Z</Time>
            <Position><LatitudeDegrees>45.8643433</LatitudeDegrees><LongitudeDegrees>10.8739917</LongitudeDegrees></Position>
            <AltitudeMeters>62.80</AltitudeMeters>
            <HeartRateBpm><Value>109</Value></HeartRateBpm>
          </Trackpoint>
          <Trackpoint>
            <Time>2026-08-30T12:11:23Z</Time>
            <Position><LatitudeDegrees>45.8643559</LatitudeDegrees><LongitudeDegrees>10.8739255</LongitudeDegrees></Position>
            <AltitudeMeters>63.40</AltitudeMeters>
            <HeartRateBpm><Value>109</Value></HeartRateBpm>
          </Trackpoint>
          <Trackpoint>
            <Time>2026-08-30T12:11:24Z</Time>
            <Position><LatitudeDegrees>45.8643602</LatitudeDegrees><LongitudeDegrees>10.8738570</LongitudeDegrees></Position>
            <AltitudeMeters>64.20</AltitudeMeters>
            <HeartRateBpm><Value>110</Value></HeartRateBpm>
          </Trackpoint>
          <Trackpoint>
            <Time>2026-08-30T12:11:25Z</Time>
            <Position><LatitudeDegrees>45.8643640</LatitudeDegrees><LongitudeDegrees>10.8737870</LongitudeDegrees></Position>
            <AltitudeMeters>65.00</AltitudeMeters>
            <HeartRateBpm><Value>110</Value></HeartRateBpm>
          </Trackpoint>
          <Trackpoint>
            <Time>2026-08-30T12:11:26Z</Time>
            <Position><LatitudeDegrees>45.8643658</LatitudeDegrees><LongitudeDegrees>10.8737078</LongitudeDegrees></Position>
            <AltitudeMeters>65.00</AltitudeMeters>
            <HeartRateBpm><Value>110</Value></HeartRateBpm>
          </Trackpoint>
          <Trackpoint>
            <Time>2026-08-30T12:11:27Z</Time>
            <Position><LatitudeDegrees>45.8643698</LatitudeDegrees><LongitudeDegrees>10.8736269</LongitudeDegrees></Position>
            <AltitudeMeters>65.20</AltitudeMeters>
            <HeartRateBpm><Value>110</Value></HeartRateBpm>
          </Trackpoint>
          <Trackpoint>
            <Time>2026-08-30T12:11:28Z</Time>
            <Position><LatitudeDegrees>45.8643768</LatitudeDegrees><LongitudeDegrees>10.8735466</LongitudeDegrees></Position>
            <AltitudeMeters>65.20</AltitudeMeters>
            <HeartRateBpm><Value>110</Value></HeartRateBpm>
          </Trackpoint>
          <Trackpoint>
            <Time>2026-08-30T12:11:29Z</Time>
            <Position><LatitudeDegrees>45.8643785</LatitudeDegrees><LongitudeDegrees>10.8734702</LongitudeDegrees></Position>
            <AltitudeMeters>65.00</AltitudeMeters>
            <HeartRateBpm><Value>110</Value></HeartRateBpm>
          </Trackpoint>
          <Trackpoint>
            <Time>2026-08-30T12:11:30Z</Time>
            <Position><LatitudeDegrees>45.8643763</LatitudeDegrees><LongitudeDegrees>10.8733857</LongitudeDegrees></Position>
            <AltitudeMeters>64.40</AltitudeMeters>
            <HeartRateBpm><Value>110</Value></HeartRateBpm>
          </Trackpoint>
          <Trackpoint>
            <Time>2026-08-30T12:11:31Z</Time>
            <Position><LatitudeDegrees>45.8643709</LatitudeDegrees><LongitudeDegrees>10.8733078</LongitudeDegrees></Position>
            <AltitudeMeters>64.60</AltitudeMeters>
            <HeartRateBpm><Value>110</Value></HeartRateBpm>
          </Trackpoint>
          <Trackpoint>
            <Time>2026-08-30T12:11:32Z</Time>
            <Position><LatitudeDegrees>45.8643727</LatitudeDegrees><LongitudeDegrees>10.8732366</LongitudeDegrees></Position>
            <AltitudeMeters>65.00</AltitudeMeters>
            <HeartRateBpm><Value>110</Value></HeartRateBpm>
          </Trackpoint>
          <Trackpoint>
            <Time>2026-08-30T12:11:33Z</Time>
            <Position><LatitudeDegrees>45.8643744</LatitudeDegrees><LongitudeDegrees>10.8731611</LongitudeDegrees></Position>
            <AltitudeMeters>64.80</AltitudeMeters>
            <HeartRateBpm><Value>109</Value></HeartRateBpm>
          </Trackpoint>
          <Trackpoint>
            <Time>2026-08-30T12:11:34Z</Time>
            <Position><LatitudeDegrees>45.8643800</LatitudeDegrees><LongitudeDegrees>10.8730887</LongitudeDegrees></Position>
            <AltitudeMeters>64.80</AltitudeMeters>
            <HeartRateBpm><Value>108</Value></HeartRateBpm>
          </Trackpoint>
          <Trackpoint>
            <Time>2026-08-30T12:11:35Z</Time>
            <Position><LatitudeDegrees>45.8643880</LatitudeDegrees><LongitudeDegrees>10.8730202</LongitudeDegrees></Position>
            <AltitudeMeters>65.20</AltitudeMeters>
            <HeartRateBpm><Value>107</Value></HeartRateBpm>
          </Trackpoint>
          <Trackpoint>
            <Time>2026-08-30T12:11:36Z</Time>
            <Position><LatitudeDegrees>45.8643916</LatitudeDegrees><LongitudeDegrees>10.8729533</LongitudeDegrees></Position>
            <AltitudeMeters>65.20</AltitudeMeters>
            <HeartRateBpm><Value>106</Value></HeartRateBpm>
          </Trackpoint>
          <Trackpoint>
            <Time>2026-08-30T12:11:37Z</Time>
            <Position><LatitudeDegrees>45.8643986</LatitudeDegrees><LongitudeDegrees>10.8728879</LongitudeDegrees></Position>
            <AltitudeMeters>65.00</AltitudeMeters>
            <HeartRateBpm><Value>106</Value></HeartRateBpm>
          </Trackpoint>
          <Trackpoint>
            <Time>2026-08-30T12:11:38Z</Time>
            <Position><LatitudeDegrees>45.8644116</LatitudeDegrees><LongitudeDegrees>10.8728184</LongitudeDegrees></Position>
            <AltitudeMeters>65.00</AltitudeMeters>
            <HeartRateBpm><Value>106</Value></HeartRateBpm>
          </Trackpoint>
          <Trackpoint>
            <Time>2026-08-30T12:11:39Z</Time>
            <Position><LatitudeDegrees>45.8644149</LatitudeDegrees><LongitudeDegrees>10.8727537</LongitudeDegrees></Position>
            <AltitudeMeters>64.80</AltitudeMeters>
            <HeartRateBpm><Value>107</Value></HeartRateBpm>
          </Trackpoint>
          <Trackpoint>
            <Time>2026-08-30T12:11:40Z</Time>
            <Position><LatitudeDegrees>45.8644166</LatitudeDegrees><LongitudeDegrees>10.8726844</LongitudeDegrees></Position>
            <AltitudeMeters>64.60</AltitudeMeters>
            <HeartRateBpm><Value>107</Value></HeartRateBpm>
          </Trackpoint>
          <Trackpoint>
            <Time>2026-08-30T12:11:41Z</Time>
            <Position><LatitudeDegrees>45.8644203</LatitudeDegrees><LongitudeDegrees>10.8726118</LongitudeDegrees></Position>
            <AltitudeMeters>64.80</AltitudeMeters>
            <HeartRateBpm><Value>108</Value></HeartRateBpm>
          </Trackpoint>
          <Trackpoint>
            <Time>2026-08-30T12:11:42Z</Time>
            <Position><LatitudeDegrees>45.8644219</LatitudeDegrees><LongitudeDegrees>10.8725409</LongitudeDegrees></Position>
            <AltitudeMeters>65.00</AltitudeMeters>
            <HeartRateBpm><Value>109</Value></HeartRateBpm>
          </Trackpoint>
          <Trackpoint>
            <Time>2026-08-30T12:11:43Z</Time>
            <Position><LatitudeDegrees>45.8644299</LatitudeDegrees><LongitudeDegrees>10.8724665</LongitudeDegrees></Position>
            <AltitudeMeters>65.00</AltitudeMeters>
            <HeartRateBpm><Value>110</Value></HeartRateBpm>
          </Trackpoint>
          <Trackpoint>
            <Time>2026-08-30T12:11:44Z</Time>
            <Position><LatitudeDegrees>45.8644409</LatitudeDegrees><LongitudeDegrees>10.8723978</LongitudeDegrees></Position>
            <AltitudeMeters>64.80</AltitudeMeters>
            <HeartRateBpm><Value>111</Value></HeartRateBpm>
          </Trackpoint>
          <Trackpoint>
            <Time>2026-08-30T12:11:45Z</Time>
            <Position><LatitudeDegrees>45.8644577</LatitudeDegrees><LongitudeDegrees>10.8723238</LongitudeDegrees></Position>
            <AltitudeMeters>64.40</AltitudeMeters>
            <HeartRateBpm><Value>111</Value></HeartRateBpm>
          </Trackpoint>
          <Trackpoint>
            <Time>2026-08-30T12:11:46Z</Time>
            <Position><LatitudeDegrees>45.8644667</LatitudeDegrees><LongitudeDegrees>10.8722478</LongitudeDegrees></Position>
            <AltitudeMeters>64.20</AltitudeMeters>
            <HeartRateBpm><Value>109</Value></HeartRateBpm>
          </Trackpoint>
          <Trackpoint>
            <Time>2026-08-30T12:11:47Z</Time>
            <Position><LatitudeDegrees>45.8644942</LatitudeDegrees><LongitudeDegrees>10.8721782</LongitudeDegrees></Position>
            <AltitudeMeters>64.00</AltitudeMeters>
            <HeartRateBpm><Value>106</Value></HeartRateBpm>
          </Trackpoint>
          <Trackpoint>
            <Time>2026-08-30T12:11:48Z</Time>
            <Position><LatitudeDegrees>45.8645333</LatitudeDegrees><LongitudeDegrees>10.8721164</LongitudeDegrees></Position>
            <AltitudeMeters>63.60</AltitudeMeters>
            <HeartRateBpm><Value>106</Value></HeartRateBpm>
          </Trackpoint>
          <Trackpoint>
            <Time>2026-08-30T12:11:49Z</Time>
            <Position><LatitudeDegrees>45.8645833</LatitudeDegrees><LongitudeDegrees>10.8720943</LongitudeDegrees></Position>
            <AltitudeMeters>63.40</AltitudeMeters>
            <HeartRateBpm><Value>105</Value></HeartRateBpm>
          </Trackpoint>
          <Trackpoint>
            <Time>2026-08-30T12:11:50Z</Time>
            <Position><LatitudeDegrees>45.8646263</LatitudeDegrees><LongitudeDegrees>10.8721204</LongitudeDegrees></Position>
            <AltitudeMeters>63.80</AltitudeMeters>
            <HeartRateBpm><Value>105</Value></HeartRateBpm>
          </Trackpoint>
          <Trackpoint>
            <Time>2026-08-30T12:11:51Z</Time>
            <Position><LatitudeDegrees>45.8646473</LatitudeDegrees><LongitudeDegrees>10.8721775</LongitudeDegrees></Position>
            <AltitudeMeters>64.00</AltitudeMeters>
            <HeartRateBpm><Value>105</Value></HeartRateBpm>
          </Trackpoint>
          <Trackpoint>
            <Time>2026-08-30T12:11:52Z</Time>
            <Position><LatitudeDegrees>45.8646538</LatitudeDegrees><LongitudeDegrees>10.8722394</LongitudeDegrees></Position>
            <AltitudeMeters>64.40</AltitudeMeters>
            <HeartRateBpm><Value>104</Value></HeartRateBpm>
          </Trackpoint>
          <Trackpoint>
            <Time>2026-08-30T12:11:53Z</Time>
            <Position><LatitudeDegrees>45.8646516</LatitudeDegrees><LongitudeDegrees>10.8723087</LongitudeDegrees></Position>
            <AltitudeMeters>65.40</AltitudeMeters>
            <HeartRateBpm><Value>105</Value></HeartRateBpm>
          </Trackpoint>
          <Trackpoint>
            <Time>2026-08-30T12:11:54Z</Time>
            <Position><LatitudeDegrees>45.8646448</LatitudeDegrees><LongitudeDegrees>10.8723780</LongitudeDegrees></Position>
            <AltitudeMeters>66.00</AltitudeMeters>
            <HeartRateBpm><Value>105</Value></HeartRateBpm>
          </Trackpoint>
          <Trackpoint>
            <Time>2026-08-30T12:11:55Z</Time>
            <Position><LatitudeDegrees>45.8646278</LatitudeDegrees><LongitudeDegrees>10.8724502</LongitudeDegrees></Position>
            <AltitudeMeters>66.40</AltitudeMeters>
            <HeartRateBpm><Value>106</Value></HeartRateBpm>
          </Trackpoint>
          <Trackpoint>
            <Time>2026-08-30T12:11:56Z</Time>
            <Position><LatitudeDegrees>45.8646068</LatitudeDegrees><LongitudeDegrees>10.8725211</LongitudeDegrees></Position>
            <AltitudeMeters>67.00</AltitudeMeters>
            <HeartRateBpm><Value>109</Value></HeartRateBpm>
          </Trackpoint>
          <Trackpoint>
            <Time>2026-08-30T12:11:57Z</Time>
            <Position><LatitudeDegrees>45.8645756</LatitudeDegrees><LongitudeDegrees>10.8725766</LongitudeDegrees></Position>
            <AltitudeMeters>67.20</AltitudeMeters>
            <HeartRateBpm><Value>110</Value></HeartRateBpm>
          </Trackpoint>
          <Trackpoint>
            <Time>2026-08-30T12:11:58Z</Time>
            <Position><LatitudeDegrees>45.8645406</LatitudeDegrees><LongitudeDegrees>10.8726352</LongitudeDegrees></Position>
            <AltitudeMeters>67.20</AltitudeMeters>
            <HeartRateBpm><Value>111</Value></HeartRateBpm>
          </Trackpoint>
          <Trackpoint>
            <Time>2026-08-30T12:11:59Z</Time>
            <Position><LatitudeDegrees>45.8645102</LatitudeDegrees><LongitudeDegrees>10.8726980</LongitudeDegrees></Position>
            <AltitudeMeters>67.20</AltitudeMeters>
            <HeartRateBpm><Value>112</Value></HeartRateBpm>
          </Trackpoint>
          <Trackpoint>
            <Time>2026-08-30T12:12:00Z</Time>
            <Position><LatitudeDegrees>45.8644802</LatitudeDegrees><LongitudeDegrees>10.8727635</LongitudeDegrees></Position>
            <AltitudeMeters>67.20</AltitudeMeters>
            <HeartRateBpm><Value>113</Value></HeartRateBpm>
          </Trackpoint>
          <Trackpoint>
            <Time>2026-08-30T12:12:01Z</Time>
            <Position><LatitudeDegrees>45.8644479</LatitudeDegrees><LongitudeDegrees>10.8728305</LongitudeDegrees></Position>
            <AltitudeMeters>66.80</AltitudeMeters>
            <HeartRateBpm><Value>114</Value></HeartRateBpm>
          </Trackpoint>
          <Trackpoint>
            <Time>2026-08-30T12:12:02Z</Time>
            <Position><LatitudeDegrees>45.8644156</LatitudeDegrees><LongitudeDegrees>10.8728964</LongitudeDegrees></Position>
            <AltitudeMeters>67.00</AltitudeMeters>
            <HeartRateBpm><Value>113</Value></HeartRateBpm>
          </Trackpoint>
          <Trackpoint>
            <Time>2026-08-30T12:12:03Z</Time>
            <Position><LatitudeDegrees>45.8643830</LatitudeDegrees><LongitudeDegrees>10.8729505</LongitudeDegrees></Position>
            <AltitudeMeters>67.00</AltitudeMeters>
            <HeartRateBpm><Value>113</Value></HeartRateBpm>
          </Trackpoint>
          <Trackpoint>
            <Time>2026-08-30T12:12:04Z</Time>
            <Position><LatitudeDegrees>45.8643640</LatitudeDegrees><LongitudeDegrees>10.8730159</LongitudeDegrees></Position>
            <AltitudeMeters>67.00</AltitudeMeters>
            <HeartRateBpm><Value>113</Value></HeartRateBpm>
          </Trackpoint>
          <Trackpoint>
            <Time>2026-08-30T12:12:05Z</Time>
            <Position><LatitudeDegrees>45.8643548</LatitudeDegrees><LongitudeDegrees>10.8730925</LongitudeDegrees></Position>
            <AltitudeMeters>66.80</AltitudeMeters>
            <HeartRateBpm><Value>113</Value></HeartRateBpm>
          </Trackpoint>
          <Trackpoint>
            <Time>2026-08-30T12:12:06Z</Time>
            <Position><LatitudeDegrees>45.8643429</LatitudeDegrees><LongitudeDegrees>10.8731791</LongitudeDegrees></Position>
            <AltitudeMeters>66.60</AltitudeMeters>
            <HeartRateBpm><Value>112</Value></HeartRateBpm>
          </Trackpoint>
          <Trackpoint>
            <Time>2026-08-30T12:12:07Z</Time>
            <Position><LatitudeDegrees>45.8643218</LatitudeDegrees><LongitudeDegrees>10.8732493</LongitudeDegrees></Position>
            <AltitudeMeters>66.20</AltitudeMeters>
            <HeartRateBpm><Value>112</Value></HeartRateBpm>
          </Trackpoint>
          <Trackpoint>
            <Time>2026-08-30T12:12:08Z</Time>
            <Position><LatitudeDegrees>45.8643039</LatitudeDegrees><LongitudeDegrees>10.8733186</LongitudeDegrees></Position>
            <AltitudeMeters>66.20</AltitudeMeters>
            <HeartRateBpm><Value>112</Value></HeartRateBpm>
          </Trackpoint>
          <Trackpoint>
            <Time>2026-08-30T12:12:09Z</Time>
            <Position><LatitudeDegrees>45.8642823</LatitudeDegrees><LongitudeDegrees>10.8733813</LongitudeDegrees></Position>
            <AltitudeMeters>66.00</AltitudeMeters>
            <HeartRateBpm><Value>113</Value></HeartRateBpm>
          </Trackpoint>
          <Trackpoint>
            <Time>2026-08-30T12:12:10Z</Time>
            <Position><LatitudeDegrees>45.8642828</LatitudeDegrees><LongitudeDegrees>10.8734427</LongitudeDegrees></Position>
            <AltitudeMeters>65.80</AltitudeMeters>
            <HeartRateBpm><Value>113</Value></HeartRateBpm>
          </Trackpoint>
          <Trackpoint>
            <Time>2026-08-30T12:12:11Z</Time>
            <Position><LatitudeDegrees>45.8643081</LatitudeDegrees><LongitudeDegrees>10.8735071</LongitudeDegrees></Position>
            <AltitudeMeters>65.40</AltitudeMeters>
            <HeartRateBpm><Value>114</Value></HeartRateBpm>
          </Trackpoint>
          <Trackpoint>
            <Time>2026-08-30T12:12:12Z</Time>
            <Position><LatitudeDegrees>45.8643450</LatitudeDegrees><LongitudeDegrees>10.8735291</LongitudeDegrees></Position>
            <AltitudeMeters>64.80</AltitudeMeters>
            <HeartRateBpm><Value>113</Value></HeartRateBpm>
          </Trackpoint>
          <Trackpoint>
            <Time>2026-08-30T12:12:13Z</Time>
            <Position><LatitudeDegrees>45.8643844</LatitudeDegrees><LongitudeDegrees>10.8735195</LongitudeDegrees></Position>
            <AltitudeMeters>64.20</AltitudeMeters>
            <HeartRateBpm><Value>113</Value></HeartRateBpm>
          </Trackpoint>
          <Trackpoint>
            <Time>2026-08-30T12:12:14Z</Time>
            <Position><LatitudeDegrees>45.8644267</LatitudeDegrees><LongitudeDegrees>10.8734854</LongitudeDegrees></Position>
            <AltitudeMeters>63.40</AltitudeMeters>
            <HeartRateBpm><Value>112</Value></HeartRateBpm>
          </Trackpoint>
          <Trackpoint>
            <Time>2026-08-30T12:12:15Z</Time>
            <Position><LatitudeDegrees>45.8644486</LatitudeDegrees><LongitudeDegrees>10.8734284</LongitudeDegrees></Position>
            <AltitudeMeters>63.40</AltitudeMeters>
            <HeartRateBpm><Value>112</Value></HeartRateBpm>
          </Trackpoint>
          <Trackpoint>
            <Time>2026-08-30T12:12:16Z</Time>
            <Position><LatitudeDegrees>45.8644546</LatitudeDegrees><LongitudeDegrees>10.8733581</LongitudeDegrees></Position>
            <AltitudeMeters>62.60</AltitudeMeters>
            <HeartRateBpm><Value>112</Value></HeartRateBpm>
          </Trackpoint>
          <Trackpoint>
            <Time>2026-08-30T12:12:17Z</Time>
            <Position><LatitudeDegrees>45.8644641</LatitudeDegrees><LongitudeDegrees>10.8732849</LongitudeDegrees></Position>
            <AltitudeMeters>62.40</AltitudeMeters>
            <HeartRateBpm><Value>113</Value></HeartRateBpm>
          </Trackpoint>
          <Trackpoint>
            <Time>2026-08-30T12:12:18Z</Time>
            <Position><LatitudeDegrees>45.8644681</LatitudeDegrees><LongitudeDegrees>10.8732098</LongitudeDegrees></Position>
            <AltitudeMeters>62.20</AltitudeMeters>
            <HeartRateBpm><Value>112</Value></HeartRateBpm>
          </Trackpoint>
          <Trackpoint>
            <Time>2026-08-30T12:12:19Z</Time>
            <Position><LatitudeDegrees>45.8644661</LatitudeDegrees><LongitudeDegrees>10.8731253</LongitudeDegrees></Position>
            <AltitudeMeters>63.60</AltitudeMeters>
            <HeartRateBpm><Value>112</Value></HeartRateBpm>
          </Trackpoint>
          <Trackpoint>
            <Time>2026-08-30T12:12:20Z</Time>
            <Position><LatitudeDegrees>45.8644685</LatitudeDegrees><LongitudeDegrees>10.8730429</LongitudeDegrees></Position>
            <AltitudeMeters>64.60</AltitudeMeters>
            <HeartRateBpm><Value>113</Value></HeartRateBpm>
          </Trackpoint>
          <Trackpoint>
            <Time>2026-08-30T12:12:21Z</Time>
            <Position><LatitudeDegrees>45.8644775</LatitudeDegrees><LongitudeDegrees>10.8729642</LongitudeDegrees></Position>
            <AltitudeMeters>65.80</AltitudeMeters>
            <HeartRateBpm><Value>113</Value></HeartRateBpm>
          </Trackpoint>
          <Trackpoint>
            <Time>2026-08-30T12:12:22Z</Time>
            <Position><LatitudeDegrees>45.8644773</LatitudeDegrees><LongitudeDegrees>10.8728706</LongitudeDegrees></Position>
            <AltitudeMeters>64.80</AltitudeMeters>
            <HeartRateBpm><Value>113</Value></HeartRateBpm>
          </Trackpoint>
          <Trackpoint>
            <Time>2026-08-30T12:12:23Z</Time>
            <Position><LatitudeDegrees>45.8644885</LatitudeDegrees><LongitudeDegrees>10.8727817</LongitudeDegrees></Position>
            <AltitudeMeters>64.80</AltitudeMeters>
            <HeartRateBpm><Value>113</Value></HeartRateBpm>
          </Trackpoint>
          <Trackpoint>
            <Time>2026-08-30T12:12:24Z</Time>
            <Position><LatitudeDegrees>45.8644993</LatitudeDegrees><LongitudeDegrees>10.8726918</LongitudeDegrees></Position>
            <AltitudeMeters>64.20</AltitudeMeters>
            <HeartRateBpm><Value>114</Value></HeartRateBpm>
          </Trackpoint>
          <Trackpoint>
            <Time>2026-08-30T12:12:25Z</Time>
            <Position><LatitudeDegrees>45.8645078</LatitudeDegrees><LongitudeDegrees>10.8726051</LongitudeDegrees></Position>
            <AltitudeMeters>64.40</AltitudeMeters>
            <HeartRateBpm><Value>115</Value></HeartRateBpm>
          </Trackpoint>
          <Trackpoint>
            <Time>2026-08-30T12:12:26Z</Time>
            <Position><LatitudeDegrees>45.8645180</LatitudeDegrees><LongitudeDegrees>10.8725191</LongitudeDegrees></Position>
            <AltitudeMeters>64.60</AltitudeMeters>
            <HeartRateBpm><Value>115</Value></HeartRateBpm>
          </Trackpoint>
          <Trackpoint>
            <Time>2026-08-30T12:12:27Z</Time>
            <Position><LatitudeDegrees>45.8645298</LatitudeDegrees><LongitudeDegrees>10.8724277</LongitudeDegrees></Position>
            <AltitudeMeters>64.80</AltitudeMeters>
            <HeartRateBpm><Value>116</Value></HeartRateBpm>
          </Trackpoint>
          <Trackpoint>
            <Time>2026-08-30T12:12:28Z</Time>
            <Position><LatitudeDegrees>45.8645333</LatitudeDegrees><LongitudeDegrees>10.8723492</LongitudeDegrees></Position>
            <AltitudeMeters>65.00</AltitudeMeters>
            <HeartRateBpm><Value>116</Value></HeartRateBpm>
          </Trackpoint>
          <Trackpoint>
            <Time>2026-08-30T12:12:29Z</Time>
            <Position><LatitudeDegrees>45.8645405</LatitudeDegrees><LongitudeDegrees>10.8722666</LongitudeDegrees></Position>
            <AltitudeMeters>64.60</AltitudeMeters>
            <HeartRateBpm><Value>115</Value></HeartRateBpm>
          </Trackpoint>
          <Trackpoint>
            <Time>2026-08-30T12:12:30Z</Time>
            <Position><LatitudeDegrees>45.8645492</LatitudeDegrees><LongitudeDegrees>10.8721878</LongitudeDegrees></Position>
            <AltitudeMeters>64.40</AltitudeMeters>
            <HeartRateBpm><Value>114</Value></HeartRateBpm>
          </Trackpoint>
          <Trackpoint>
            <Time>2026-08-30T12:12:31Z</Time>
            <Position><LatitudeDegrees>45.8645505</LatitudeDegrees><LongitudeDegrees>10.8721018</LongitudeDegrees></Position>
            <AltitudeMeters>64.20</AltitudeMeters>
            <HeartRateBpm><Value>114</Value></HeartRateBpm>
          </Trackpoint>
          <Trackpoint>
            <Time>2026-08-30T12:12:32Z</Time>
            <Position><LatitudeDegrees>45.8645497</LatitudeDegrees><LongitudeDegrees>10.8720164</LongitudeDegrees></Position>
            <AltitudeMeters>64.20</AltitudeMeters>
            <HeartRateBpm><Value>113</Value></HeartRateBpm>
          </Trackpoint>
          <Trackpoint>
            <Time>2026-08-30T12:12:33Z</Time>
            <Position><LatitudeDegrees>45.8645403</LatitudeDegrees><LongitudeDegrees>10.8719349</LongitudeDegrees></Position>
            <AltitudeMeters>64.40</AltitudeMeters>
            <HeartRateBpm><Value>113</Value></HeartRateBpm>
          </Trackpoint>
          <Trackpoint>
            <Time>2026-08-30T12:12:34Z</Time>
            <Position><LatitudeDegrees>45.8645379</LatitudeDegrees><LongitudeDegrees>10.8718580</LongitudeDegrees></Position>
            <AltitudeMeters>64.20</AltitudeMeters>
            <HeartRateBpm><Value>113</Value></HeartRateBpm>
          </Trackpoint>
          <Trackpoint>
            <Time>2026-08-30T12:12:35Z</Time>
            <Position><LatitudeDegrees>45.8645403</LatitudeDegrees><LongitudeDegrees>10.8717820</LongitudeDegrees></Position>
            <AltitudeMeters>64.20</AltitudeMeters>
            <HeartRateBpm><Value>113</Value></HeartRateBpm>
          </Trackpoint>
          <Trackpoint>
            <Time>2026-08-30T12:12:36Z</Time>
            <Position><LatitudeDegrees>45.8645450</LatitudeDegrees><LongitudeDegrees>10.8717011</LongitudeDegrees></Position>
            <AltitudeMeters>64.40</AltitudeMeters>
            <HeartRateBpm><Value>112</Value></HeartRateBpm>
          </Trackpoint>
          <Trackpoint>
            <Time>2026-08-30T12:12:37Z</Time>
            <Position><LatitudeDegrees>45.8645535</LatitudeDegrees><LongitudeDegrees>10.8716258</LongitudeDegrees></Position>
            <AltitudeMeters>64.40</AltitudeMeters>
            <HeartRateBpm><Value>112</Value></HeartRateBpm>
          </Trackpoint>
          <Trackpoint>
            <Time>2026-08-30T12:12:38Z</Time>
            <Position><LatitudeDegrees>45.8645595</LatitudeDegrees><LongitudeDegrees>10.8715526</LongitudeDegrees></Position>
            <AltitudeMeters>64.40</AltitudeMeters>
            <HeartRateBpm><Value>112</Value></HeartRateBpm>
          </Trackpoint>
          <Trackpoint>
            <Time>2026-08-30T12:12:39Z</Time>
            <Position><LatitudeDegrees>45.8645641</LatitudeDegrees><LongitudeDegrees>10.8714812</LongitudeDegrees></Position>
            <AltitudeMeters>64.40</AltitudeMeters>
            <HeartRateBpm><Value>112</Value></HeartRateBpm>
          </Trackpoint>
          <Trackpoint>
            <Time>2026-08-30T12:12:40Z</Time>
            <Position><LatitudeDegrees>45.8645659</LatitudeDegrees><LongitudeDegrees>10.8713986</LongitudeDegrees></Position>
            <AltitudeMeters>64.40</AltitudeMeters>
            <HeartRateBpm><Value>112</Value></HeartRateBpm>
          </Trackpoint>
          <Trackpoint>
            <Time>2026-08-30T12:12:41Z</Time>
            <Position><LatitudeDegrees>45.8645695</LatitudeDegrees><LongitudeDegrees>10.8713246</LongitudeDegrees></Position>
            <AltitudeMeters>64.20</AltitudeMeters>
            <HeartRateBpm><Value>112</Value></HeartRateBpm>
          </Trackpoint>
          <Trackpoint>
            <Time>2026-08-30T12:12:42Z</Time>
            <Position><LatitudeDegrees>45.8645700</LatitudeDegrees><LongitudeDegrees>10.8712482</LongitudeDegrees></Position>
            <AltitudeMeters>63.20</AltitudeMeters>
            <HeartRateBpm><Value>113</Value></HeartRateBpm>
          </Trackpoint>
          <Trackpoint>
            <Time>2026-08-30T12:12:43Z</Time>
            <Position><LatitudeDegrees>45.8645781</LatitudeDegrees><LongitudeDegrees>10.8711709</LongitudeDegrees></Position>
            <AltitudeMeters>62.60</AltitudeMeters>
            <HeartRateBpm><Value>113</Value></HeartRateBpm>
          </Trackpoint>
          <Trackpoint>
            <Time>2026-08-30T12:12:44Z</Time>
            <Position><LatitudeDegrees>45.8645891</LatitudeDegrees><LongitudeDegrees>10.8710925</LongitudeDegrees></Position>
            <AltitudeMeters>62.60</AltitudeMeters>
            <HeartRateBpm><Value>114</Value></HeartRateBpm>
          </Trackpoint>
          <Trackpoint>
            <Time>2026-08-30T12:12:45Z</Time>
            <Position><LatitudeDegrees>45.8645979</LatitudeDegrees><LongitudeDegrees>10.8710145</LongitudeDegrees></Position>
            <AltitudeMeters>62.40</AltitudeMeters>
            <HeartRateBpm><Value>114</Value></HeartRateBpm>
          </Trackpoint>
          <Trackpoint>
            <Time>2026-08-30T12:12:46Z</Time>
            <Position><LatitudeDegrees>45.8646009</LatitudeDegrees><LongitudeDegrees>10.8709297</LongitudeDegrees></Position>
            <AltitudeMeters>62.40</AltitudeMeters>
            <HeartRateBpm><Value>114</Value></HeartRateBpm>
          </Trackpoint>
          <Trackpoint>
            <Time>2026-08-30T12:12:47Z</Time>
            <Position><LatitudeDegrees>45.8645923</LatitudeDegrees><LongitudeDegrees>10.8708482</LongitudeDegrees></Position>
            <AltitudeMeters>62.00</AltitudeMeters>
            <HeartRateBpm><Value>113</Value></HeartRateBpm>
          </Trackpoint>
          <Trackpoint>
            <Time>2026-08-30T12:12:48Z</Time>
            <Position><LatitudeDegrees>45.8645966</LatitudeDegrees><LongitudeDegrees>10.8707734</LongitudeDegrees></Position>
            <AltitudeMeters>61.80</AltitudeMeters>
            <HeartRateBpm><Value>113</Value></HeartRateBpm>
          </Trackpoint>
          <Trackpoint>
            <Time>2026-08-30T12:12:49Z</Time>
            <Position><LatitudeDegrees>45.8646080</LatitudeDegrees><LongitudeDegrees>10.8706973</LongitudeDegrees></Position>
            <AltitudeMeters>61.80</AltitudeMeters>
            <HeartRateBpm><Value>114</Value></HeartRateBpm>
          </Trackpoint>
          <Trackpoint>
            <Time>2026-08-30T12:12:50Z</Time>
            <Position><LatitudeDegrees>45.8646221</LatitudeDegrees><LongitudeDegrees>10.8706272</LongitudeDegrees></Position>
            <AltitudeMeters>61.60</AltitudeMeters>
            <HeartRateBpm><Value>114</Value></HeartRateBpm>
          </Trackpoint>
          <Trackpoint>
            <Time>2026-08-30T12:12:51Z</Time>
            <Position><LatitudeDegrees>45.8646402</LatitudeDegrees><LongitudeDegrees>10.8705649</LongitudeDegrees></Position>
            <AltitudeMeters>61.40</AltitudeMeters>
            <HeartRateBpm><Value>114</Value></HeartRateBpm>
          </Trackpoint>
          <Trackpoint>
            <Time>2026-08-30T12:12:52Z</Time>
            <Position><LatitudeDegrees>45.8646742</LatitudeDegrees><LongitudeDegrees>10.8705239</LongitudeDegrees></Position>
            <AltitudeMeters>61.80</AltitudeMeters>
            <HeartRateBpm><Value>115</Value></HeartRateBpm>
          </Trackpoint>
          <Trackpoint>
            <Time>2026-08-30T12:12:53Z</Time>
            <Position><LatitudeDegrees>45.8647224</LatitudeDegrees><LongitudeDegrees>10.8705132</LongitudeDegrees></Position>
            <AltitudeMeters>62.40</AltitudeMeters>
            <HeartRateBpm><Value>115</Value></HeartRateBpm>
          </Trackpoint>
          <Trackpoint>
            <Time>2026-08-30T12:12:54Z</Time>
            <Position><LatitudeDegrees>45.8647661</LatitudeDegrees><LongitudeDegrees>10.8705309</LongitudeDegrees></Position>
            <AltitudeMeters>62.80</AltitudeMeters>
            <HeartRateBpm><Value>116</Value></HeartRateBpm>
          </Trackpoint>
          <Trackpoint>
            <Time>2026-08-30T12:12:55Z</Time>
            <Position><LatitudeDegrees>45.8647845</LatitudeDegrees><LongitudeDegrees>10.8705856</LongitudeDegrees></Position>
            <AltitudeMeters>63.20</AltitudeMeters>
            <HeartRateBpm><Value>116</Value></HeartRateBpm>
          </Trackpoint>
          <Trackpoint>
            <Time>2026-08-30T12:12:56Z</Time>
            <Position><LatitudeDegrees>45.8647953</LatitudeDegrees><LongitudeDegrees>10.8706488</LongitudeDegrees></Position>
            <AltitudeMeters>63.80</AltitudeMeters>
            <HeartRateBpm><Value>115</Value></HeartRateBpm>
          </Trackpoint>
          <Trackpoint>
            <Time>2026-08-30T12:12:57Z</Time>
            <Position><LatitudeDegrees>45.8647942</LatitudeDegrees><LongitudeDegrees>10.8707139</LongitudeDegrees></Position>
            <AltitudeMeters>64.40</AltitudeMeters>
            <HeartRateBpm><Value>114</Value></HeartRateBpm>
          </Trackpoint>
          <Trackpoint>
            <Time>2026-08-30T12:12:58Z</Time>
            <Position><LatitudeDegrees>45.8647927</LatitudeDegrees><LongitudeDegrees>10.8707863</LongitudeDegrees></Position>
            <AltitudeMeters>65.00</AltitudeMeters>
            <HeartRateBpm><Value>114</Value></HeartRateBpm>
          </Trackpoint>
          <Trackpoint>
            <Time>2026-08-30T12:12:59Z</Time>
            <Position><LatitudeDegrees>45.8647768</LatitudeDegrees><LongitudeDegrees>10.8708596</LongitudeDegrees></Position>
            <AltitudeMeters>65.20</AltitudeMeters>
            <HeartRateBpm><Value>114</Value></HeartRateBpm>
          </Trackpoint>
          <Trackpoint>
            <Time>2026-08-30T12:13:00Z</Time>
            <Position><LatitudeDegrees>45.8647497</LatitudeDegrees><LongitudeDegrees>10.8709239</LongitudeDegrees></Position>
            <AltitudeMeters>65.40</AltitudeMeters>
            <HeartRateBpm><Value>115</Value></HeartRateBpm>
          </Trackpoint>
          <Trackpoint>
            <Time>2026-08-30T12:13:01Z</Time>
            <Position><LatitudeDegrees>45.8647218</LatitudeDegrees><LongitudeDegrees>10.8709863</LongitudeDegrees></Position>
            <AltitudeMeters>65.80</AltitudeMeters>
            <HeartRateBpm><Value>114</Value></HeartRateBpm>
          </Trackpoint>
          <Trackpoint>
            <Time>2026-08-30T12:13:02Z</Time>
            <Position><LatitudeDegrees>45.8646816</LatitudeDegrees><LongitudeDegrees>10.8710304</LongitudeDegrees></Position>
            <AltitudeMeters>66.20</AltitudeMeters>
            <HeartRateBpm><Value>114</Value></HeartRateBpm>
          </Trackpoint>
          <Trackpoint>
            <Time>2026-08-30T12:13:03Z</Time>
            <Position><LatitudeDegrees>45.8646546</LatitudeDegrees><LongitudeDegrees>10.8710889</LongitudeDegrees></Position>
            <AltitudeMeters>66.20</AltitudeMeters>
            <HeartRateBpm><Value>114</Value></HeartRateBpm>
          </Trackpoint>
          <Trackpoint>
            <Time>2026-08-30T12:13:04Z</Time>
            <Position><LatitudeDegrees>45.8646317</LatitudeDegrees><LongitudeDegrees>10.8711516</LongitudeDegrees></Position>
            <AltitudeMeters>66.00</AltitudeMeters>
            <HeartRateBpm><Value>114</Value></HeartRateBpm>
          </Trackpoint>
          <Trackpoint>
            <Time>2026-08-30T12:13:05Z</Time>
            <Position><LatitudeDegrees>45.8646145</LatitudeDegrees><LongitudeDegrees>10.8712166</LongitudeDegrees></Position>
            <AltitudeMeters>66.20</AltitudeMeters>
            <HeartRateBpm><Value>113</Value></HeartRateBpm>
          </Trackpoint>
          <Trackpoint>
            <Time>2026-08-30T12:13:06Z</Time>
            <Position><LatitudeDegrees>45.8645905</LatitudeDegrees><LongitudeDegrees>10.8712815</LongitudeDegrees></Position>
            <AltitudeMeters>65.80</AltitudeMeters>
            <HeartRateBpm><Value>112</Value></HeartRateBpm>
          </Trackpoint>
          <Trackpoint>
            <Time>2026-08-30T12:13:07Z</Time>
            <Position><LatitudeDegrees>45.8645605</LatitudeDegrees><LongitudeDegrees>10.8713409</LongitudeDegrees></Position>
            <AltitudeMeters>65.60</AltitudeMeters>
            <HeartRateBpm><Value>112</Value></HeartRateBpm>
          </Trackpoint>
          <Trackpoint>
            <Time>2026-08-30T12:13:08Z</Time>
            <Position><LatitudeDegrees>45.8645371</LatitudeDegrees><LongitudeDegrees>10.8713959</LongitudeDegrees></Position>
            <AltitudeMeters>65.60</AltitudeMeters>
            <HeartRateBpm><Value>112</Value></HeartRateBpm>
          </Trackpoint>
          <Trackpoint>
            <Time>2026-08-30T12:13:09Z</Time>
            <Position><LatitudeDegrees>45.8645116</LatitudeDegrees><LongitudeDegrees>10.8714626</LongitudeDegrees></Position>
            <AltitudeMeters>66.00</AltitudeMeters>
            <HeartRateBpm><Value>112</Value></HeartRateBpm>
          </Trackpoint>
          <Trackpoint>
            <Time>2026-08-30T12:13:10Z</Time>
            <Position><LatitudeDegrees>45.8644823</LatitudeDegrees><LongitudeDegrees>10.8715250</LongitudeDegrees></Position>
            <AltitudeMeters>66.00</AltitudeMeters>
            <HeartRateBpm><Value>112</Value></HeartRateBpm>
          </Trackpoint>
          <Trackpoint>
            <Time>2026-08-30T12:13:11Z</Time>
            <Position><LatitudeDegrees>45.8644558</LatitudeDegrees><LongitudeDegrees>10.8715843</LongitudeDegrees></Position>
            <AltitudeMeters>66.00</AltitudeMeters>
            <HeartRateBpm><Value>112</Value></HeartRateBpm>
          </Trackpoint>
          <Trackpoint>
            <Time>2026-08-30T12:13:12Z</Time>
            <Position><LatitudeDegrees>45.8644353</LatitudeDegrees><LongitudeDegrees>10.8716458</LongitudeDegrees></Position>
            <AltitudeMeters>65.80</AltitudeMeters>
            <HeartRateBpm><Value>112</Value></HeartRateBpm>
          </Trackpoint>
          <Trackpoint>
            <Time>2026-08-30T12:13:13Z</Time>
            <Position><LatitudeDegrees>45.8644125</LatitudeDegrees><LongitudeDegrees>10.8717095</LongitudeDegrees></Position>
            <AltitudeMeters>65.80</AltitudeMeters>
            <HeartRateBpm><Value>112</Value></HeartRateBpm>
          </Trackpoint>
          <Trackpoint>
            <Time>2026-08-30T12:13:14Z</Time>
            <Position><LatitudeDegrees>45.8643929</LatitudeDegrees><LongitudeDegrees>10.8717718</LongitudeDegrees></Position>
            <AltitudeMeters>65.40</AltitudeMeters>
            <HeartRateBpm><Value>112</Value></HeartRateBpm>
          </Trackpoint>
          <Trackpoint>
            <Time>2026-08-30T12:13:15Z</Time>
            <Position><LatitudeDegrees>45.8643732</LatitudeDegrees><LongitudeDegrees>10.8718363</LongitudeDegrees></Position>
            <AltitudeMeters>65.20</AltitudeMeters>
            <HeartRateBpm><Value>112</Value></HeartRateBpm>
          </Trackpoint>
          <Trackpoint>
            <Time>2026-08-30T12:13:16Z</Time>
            <Position><LatitudeDegrees>45.8643547</LatitudeDegrees><LongitudeDegrees>10.8719115</LongitudeDegrees></Position>
            <AltitudeMeters>64.80</AltitudeMeters>
            <HeartRateBpm><Value>112</Value></HeartRateBpm>
          </Trackpoint>
          <Trackpoint>
            <Time>2026-08-30T12:13:17Z</Time>
            <Position><LatitudeDegrees>45.8643388</LatitudeDegrees><LongitudeDegrees>10.8719859</LongitudeDegrees></Position>
            <AltitudeMeters>65.00</AltitudeMeters>
            <HeartRateBpm><Value>113</Value></HeartRateBpm>
          </Trackpoint>
          <Trackpoint>
            <Time>2026-08-30T12:13:18Z</Time>
            <Position><LatitudeDegrees>45.8643171</LatitudeDegrees><LongitudeDegrees>10.8720576</LongitudeDegrees></Position>
            <AltitudeMeters>65.40</AltitudeMeters>
            <HeartRateBpm><Value>112</Value></HeartRateBpm>
          </Trackpoint>
          <Trackpoint>
            <Time>2026-08-30T12:13:19Z</Time>
            <Position><LatitudeDegrees>45.8642922</LatitudeDegrees><LongitudeDegrees>10.8721304</LongitudeDegrees></Position>
            <AltitudeMeters>65.60</AltitudeMeters>
            <HeartRateBpm><Value>112</Value></HeartRateBpm>
          </Trackpoint>
          <Trackpoint>
            <Time>2026-08-30T12:13:20Z</Time>
            <Position><LatitudeDegrees>45.8642678</LatitudeDegrees><LongitudeDegrees>10.8721978</LongitudeDegrees></Position>
            <AltitudeMeters>66.00</AltitudeMeters>
            <HeartRateBpm><Value>112</Value></HeartRateBpm>
          </Trackpoint>
          <Trackpoint>
            <Time>2026-08-30T12:13:21Z</Time>
            <Position><LatitudeDegrees>45.8642341</LatitudeDegrees><LongitudeDegrees>10.8722635</LongitudeDegrees></Position>
            <AltitudeMeters>66.20</AltitudeMeters>
            <HeartRateBpm><Value>111</Value></HeartRateBpm>
          </Trackpoint>
          <Trackpoint>
            <Time>2026-08-30T12:13:22Z</Time>
            <Position><LatitudeDegrees>45.8641993</LatitudeDegrees><LongitudeDegrees>10.8723268</LongitudeDegrees></Position>
            <AltitudeMeters>66.20</AltitudeMeters>
            <HeartRateBpm><Value>110</Value></HeartRateBpm>
          </Trackpoint>
          <Trackpoint>
            <Time>2026-08-30T12:13:23Z</Time>
            <Position><LatitudeDegrees>45.8641740</LatitudeDegrees><LongitudeDegrees>10.8723907</LongitudeDegrees></Position>
            <AltitudeMeters>65.40</AltitudeMeters>
            <HeartRateBpm><Value>110</Value></HeartRateBpm>
          </Trackpoint>
          <Trackpoint>
            <Time>2026-08-30T12:13:24Z</Time>
            <Position><LatitudeDegrees>45.8641485</LatitudeDegrees><LongitudeDegrees>10.8724642</LongitudeDegrees></Position>
            <AltitudeMeters>65.40</AltitudeMeters>
            <HeartRateBpm><Value>111</Value></HeartRateBpm>
          </Trackpoint>
          <Trackpoint>
            <Time>2026-08-30T12:13:25Z</Time>
            <Position><LatitudeDegrees>45.8641184</LatitudeDegrees><LongitudeDegrees>10.8725238</LongitudeDegrees></Position>
            <AltitudeMeters>65.20</AltitudeMeters>
            <HeartRateBpm><Value>111</Value></HeartRateBpm>
          </Trackpoint>
          <Trackpoint>
            <Time>2026-08-30T12:13:26Z</Time>
            <Position><LatitudeDegrees>45.8640918</LatitudeDegrees><LongitudeDegrees>10.8725835</LongitudeDegrees></Position>
            <AltitudeMeters>65.20</AltitudeMeters>
            <HeartRateBpm><Value>111</Value></HeartRateBpm>
          </Trackpoint>
          <Trackpoint>
            <Time>2026-08-30T12:13:27Z</Time>
            <Position><LatitudeDegrees>45.8640713</LatitudeDegrees><LongitudeDegrees>10.8726532</LongitudeDegrees></Position>
            <AltitudeMeters>65.00</AltitudeMeters>
            <HeartRateBpm><Value>110</Value></HeartRateBpm>
          </Trackpoint>
          <Trackpoint>
            <Time>2026-08-30T12:13:28Z</Time>
            <Position><LatitudeDegrees>45.8640565</LatitudeDegrees><LongitudeDegrees>10.8727256</LongitudeDegrees></Position>
            <AltitudeMeters>65.00</AltitudeMeters>
            <HeartRateBpm><Value>110</Value></HeartRateBpm>
          </Trackpoint>
          <Trackpoint>
            <Time>2026-08-30T12:13:29Z</Time>
            <Position><LatitudeDegrees>45.8640419</LatitudeDegrees><LongitudeDegrees>10.8727983</LongitudeDegrees></Position>
            <AltitudeMeters>64.80</AltitudeMeters>
            <HeartRateBpm><Value>110</Value></HeartRateBpm>
          </Trackpoint>
          <Trackpoint>
            <Time>2026-08-30T12:13:30Z</Time>
            <Position><LatitudeDegrees>45.8640246</LatitudeDegrees><LongitudeDegrees>10.8728703</LongitudeDegrees></Position>
            <AltitudeMeters>64.60</AltitudeMeters>
            <HeartRateBpm><Value>110</Value></HeartRateBpm>
          </Trackpoint>
          <Trackpoint>
            <Time>2026-08-30T12:13:31Z</Time>
            <Position><LatitudeDegrees>45.8640094</LatitudeDegrees><LongitudeDegrees>10.8729443</LongitudeDegrees></Position>
            <AltitudeMeters>64.20</AltitudeMeters>
            <HeartRateBpm><Value>110</Value></HeartRateBpm>
          </Trackpoint>
          <Trackpoint>
            <Time>2026-08-30T12:13:32Z</Time>
            <Position><LatitudeDegrees>45.8639883</LatitudeDegrees><LongitudeDegrees>10.8730154</LongitudeDegrees></Position>
            <AltitudeMeters>64.40</AltitudeMeters>
            <HeartRateBpm><Value>111</Value></HeartRateBpm>
          </Trackpoint>
          <Trackpoint>
            <Time>2026-08-30T12:13:33Z</Time>
            <Position><LatitudeDegrees>45.8639652</LatitudeDegrees><LongitudeDegrees>10.8730815</LongitudeDegrees></Position>
            <AltitudeMeters>64.20</AltitudeMeters>
            <HeartRateBpm><Value>111</Value></HeartRateBpm>
          </Trackpoint>
          <Trackpoint>
            <Time>2026-08-30T12:13:34Z</Time>
            <Position><LatitudeDegrees>45.8639617</LatitudeDegrees><LongitudeDegrees>10.8731521</LongitudeDegrees></Position>
            <AltitudeMeters>63.80</AltitudeMeters>
            <HeartRateBpm><Value>111</Value></HeartRateBpm>
          </Trackpoint>
          <Trackpoint>
            <Time>2026-08-30T12:13:35Z</Time>
            <Position><LatitudeDegrees>45.8639729</LatitudeDegrees><LongitudeDegrees>10.8732279</LongitudeDegrees></Position>
            <AltitudeMeters>63.60</AltitudeMeters>
            <HeartRateBpm><Value>112</Value></HeartRateBpm>
          </Trackpoint>
          <Trackpoint>
            <Time>2026-08-30T12:13:36Z</Time>
            <Position><LatitudeDegrees>45.8640054</LatitudeDegrees><LongitudeDegrees>10.8732799</LongitudeDegrees></Position>
            <AltitudeMeters>63.20</AltitudeMeters>
            <HeartRateBpm><Value>112</Value></HeartRateBpm>
          </Trackpoint>
          <Trackpoint>
            <Time>2026-08-30T12:13:37Z</Time>
            <Position><LatitudeDegrees>45.8640492</LatitudeDegrees><LongitudeDegrees>10.8733024</LongitudeDegrees></Position>
            <AltitudeMeters>62.60</AltitudeMeters>
            <HeartRateBpm><Value>112</Value></HeartRateBpm>
          </Trackpoint>
          <Trackpoint>
            <Time>2026-08-30T12:13:38Z</Time>
            <Position><LatitudeDegrees>45.8640914</LatitudeDegrees><LongitudeDegrees>10.8733048</LongitudeDegrees></Position>
            <AltitudeMeters>62.00</AltitudeMeters>
            <HeartRateBpm><Value>112</Value></HeartRateBpm>
          </Trackpoint>
          <Trackpoint>
            <Time>2026-08-30T12:13:39Z</Time>
            <Position><LatitudeDegrees>45.8641335</LatitudeDegrees><LongitudeDegrees>10.8732743</LongitudeDegrees></Position>
            <AltitudeMeters>61.60</AltitudeMeters>
            <HeartRateBpm><Value>112</Value></HeartRateBpm>
          </Trackpoint>
          <Trackpoint>
            <Time>2026-08-30T12:13:40Z</Time>
            <Position><LatitudeDegrees>45.8641725</LatitudeDegrees><LongitudeDegrees>10.8732243</LongitudeDegrees></Position>
            <AltitudeMeters>61.60</AltitudeMeters>
            <HeartRateBpm><Value>112</Value></HeartRateBpm>
          </Trackpoint>
          <Trackpoint>
            <Time>2026-08-30T12:13:41Z</Time>
            <Position><LatitudeDegrees>45.8641867</LatitudeDegrees><LongitudeDegrees>10.8731644</LongitudeDegrees></Position>
            <AltitudeMeters>62.00</AltitudeMeters>
            <HeartRateBpm><Value>112</Value></HeartRateBpm>
          </Trackpoint>
          <Trackpoint>
            <Time>2026-08-30T12:13:42Z</Time>
            <Position><LatitudeDegrees>45.8641999</LatitudeDegrees><LongitudeDegrees>10.8730898</LongitudeDegrees></Position>
            <AltitudeMeters>62.00</AltitudeMeters>
            <HeartRateBpm><Value>112</Value></HeartRateBpm>
          </Trackpoint>
          <Trackpoint>
            <Time>2026-08-30T12:13:43Z</Time>
            <Position><LatitudeDegrees>45.8641988</LatitudeDegrees><LongitudeDegrees>10.8730155</LongitudeDegrees></Position>
            <AltitudeMeters>62.20</AltitudeMeters>
            <HeartRateBpm><Value>112</Value></HeartRateBpm>
          </Trackpoint>
          <Trackpoint>
            <Time>2026-08-30T12:13:44Z</Time>
            <Position><LatitudeDegrees>45.8641928</LatitudeDegrees><LongitudeDegrees>10.8729466</LongitudeDegrees></Position>
            <AltitudeMeters>62.00</AltitudeMeters>
            <HeartRateBpm><Value>112</Value></HeartRateBpm>
          </Trackpoint>
          <Trackpoint>
            <Time>2026-08-30T12:13:45Z</Time>
            <Position><LatitudeDegrees>45.8641892</LatitudeDegrees><LongitudeDegrees>10.8728731</LongitudeDegrees></Position>
            <AltitudeMeters>61.80</AltitudeMeters>
            <HeartRateBpm><Value>112</Value></HeartRateBpm>
          </Trackpoint>
          <Trackpoint>
            <Time>2026-08-30T12:13:46Z</Time>
            <Position><LatitudeDegrees>45.8641932</LatitudeDegrees><LongitudeDegrees>10.8727990</LongitudeDegrees></Position>
            <AltitudeMeters>61.00</AltitudeMeters>
            <HeartRateBpm><Value>112</Value></HeartRateBpm>
          </Trackpoint>
          <Trackpoint>
            <Time>2026-08-30T12:13:47Z</Time>
            <Position><LatitudeDegrees>45.8641998</LatitudeDegrees><LongitudeDegrees>10.8727218</LongitudeDegrees></Position>
            <AltitudeMeters>61.60</AltitudeMeters>
            <HeartRateBpm><Value>111</Value></HeartRateBpm>
          </Trackpoint>
          <Trackpoint>
            <Time>2026-08-30T12:13:48Z</Time>
            <Position><LatitudeDegrees>45.8642020</LatitudeDegrees><LongitudeDegrees>10.8726420</LongitudeDegrees></Position>
            <AltitudeMeters>62.00</AltitudeMeters>
            <HeartRateBpm><Value>112</Value></HeartRateBpm>
          </Trackpoint>
          <Trackpoint>
            <Time>2026-08-30T12:13:49Z</Time>
            <Position><LatitudeDegrees>45.8642085</LatitudeDegrees><LongitudeDegrees>10.8725715</LongitudeDegrees></Position>
            <AltitudeMeters>62.80</AltitudeMeters>
            <HeartRateBpm><Value>111</Value></HeartRateBpm>
          </Trackpoint>
          <Trackpoint>
            <Time>2026-08-30T12:13:50Z</Time>
            <Position><LatitudeDegrees>45.8642094</LatitudeDegrees><LongitudeDegrees>10.8724957</LongitudeDegrees></Position>
            <AltitudeMeters>63.20</AltitudeMeters>
            <HeartRateBpm><Value>111</Value></HeartRateBpm>
          </Trackpoint>
          <Trackpoint>
            <Time>2026-08-30T12:13:51Z</Time>
            <Position><LatitudeDegrees>45.8642084</LatitudeDegrees><LongitudeDegrees>10.8724072</LongitudeDegrees></Position>
            <AltitudeMeters>63.60</AltitudeMeters>
            <HeartRateBpm><Value>110</Value></HeartRateBpm>
          </Trackpoint>
          <Trackpoint>
            <Time>2026-08-30T12:13:52Z</Time>
            <Position><LatitudeDegrees>45.8642024</LatitudeDegrees><LongitudeDegrees>10.8723297</LongitudeDegrees></Position>
            <AltitudeMeters>63.40</AltitudeMeters>
            <HeartRateBpm><Value>110</Value></HeartRateBpm>
          </Trackpoint>
          <Trackpoint>
            <Time>2026-08-30T12:13:53Z</Time>
            <Position><LatitudeDegrees>45.8642017</LatitudeDegrees><LongitudeDegrees>10.8722461</LongitudeDegrees></Position>
            <AltitudeMeters>62.60</AltitudeMeters>
            <HeartRateBpm><Value>110</Value></HeartRateBpm>
          </Trackpoint>
          <Trackpoint>
            <Time>2026-08-30T12:13:54Z</Time>
            <Position><LatitudeDegrees>45.8641996</LatitudeDegrees><LongitudeDegrees>10.8721708</LongitudeDegrees></Position>
            <AltitudeMeters>61.00</AltitudeMeters>
            <HeartRateBpm><Value>110</Value></HeartRateBpm>
          </Trackpoint>
          <Trackpoint>
            <Time>2026-08-30T12:13:55Z</Time>
            <Position><LatitudeDegrees>45.8642078</LatitudeDegrees><LongitudeDegrees>10.8720968</LongitudeDegrees></Position>
            <AltitudeMeters>59.60</AltitudeMeters>
            <HeartRateBpm><Value>110</Value></HeartRateBpm>
          </Trackpoint>
          <Trackpoint>
            <Time>2026-08-30T12:13:56Z</Time>
            <Position><LatitudeDegrees>45.8642137</LatitudeDegrees><LongitudeDegrees>10.8720174</LongitudeDegrees></Position>
            <AltitudeMeters>59.60</AltitudeMeters>
            <HeartRateBpm><Value>110</Value></HeartRateBpm>
          </Trackpoint>
          <Trackpoint>
            <Time>2026-08-30T12:13:57Z</Time>
            <Position><LatitudeDegrees>45.8642092</LatitudeDegrees><LongitudeDegrees>10.8719452</LongitudeDegrees></Position>
            <AltitudeMeters>59.00</AltitudeMeters>
            <HeartRateBpm><Value>110</Value></HeartRateBpm>
          </Trackpoint>
          <Trackpoint>
            <Time>2026-08-30T12:13:58Z</Time>
            <Position><LatitudeDegrees>45.8641947</LatitudeDegrees><LongitudeDegrees>10.8718789</LongitudeDegrees></Position>
            <AltitudeMeters>60.40</AltitudeMeters>
            <HeartRateBpm><Value>110</Value></HeartRateBpm>
          </Trackpoint>
          <Trackpoint>
            <Time>2026-08-30T12:13:59Z</Time>
            <Position><LatitudeDegrees>45.8641958</LatitudeDegrees><LongitudeDegrees>10.8717985</LongitudeDegrees></Position>
            <AltitudeMeters>61.60</AltitudeMeters>
            <HeartRateBpm><Value>110</Value></HeartRateBpm>
          </Trackpoint>
          <Trackpoint>
            <Time>2026-08-30T12:14:00Z</Time>
            <Position><LatitudeDegrees>45.8641928</LatitudeDegrees><LongitudeDegrees>10.8717200</LongitudeDegrees></Position>
            <AltitudeMeters>62.40</AltitudeMeters>
            <HeartRateBpm><Value>110</Value></HeartRateBpm>
          </Trackpoint>
          <Trackpoint>
            <Time>2026-08-30T12:14:01Z</Time>
            <Position><LatitudeDegrees>45.8641945</LatitudeDegrees><LongitudeDegrees>10.8716462</LongitudeDegrees></Position>
            <AltitudeMeters>62.60</AltitudeMeters>
            <HeartRateBpm><Value>111</Value></HeartRateBpm>
          </Trackpoint>
          <Trackpoint>
            <Time>2026-08-30T12:14:02Z</Time>
            <Position><LatitudeDegrees>45.8641969</LatitudeDegrees><LongitudeDegrees>10.8715706</LongitudeDegrees></Position>
            <AltitudeMeters>62.40</AltitudeMeters>
            <HeartRateBpm><Value>111</Value></HeartRateBpm>
          </Trackpoint>
          <Trackpoint>
            <Time>2026-08-30T12:14:03Z</Time>
            <Position><LatitudeDegrees>45.8642037</LatitudeDegrees><LongitudeDegrees>10.8714925</LongitudeDegrees></Position>
            <AltitudeMeters>62.20</AltitudeMeters>
            <HeartRateBpm><Value>112</Value></HeartRateBpm>
          </Trackpoint>
          <Trackpoint>
            <Time>2026-08-30T12:14:04Z</Time>
            <Position><LatitudeDegrees>45.8642071</LatitudeDegrees><LongitudeDegrees>10.8714184</LongitudeDegrees></Position>
            <AltitudeMeters>62.20</AltitudeMeters>
            <HeartRateBpm><Value>112</Value></HeartRateBpm>
          </Trackpoint>
          <Trackpoint>
            <Time>2026-08-30T12:14:05Z</Time>
            <Position><LatitudeDegrees>45.8642068</LatitudeDegrees><LongitudeDegrees>10.8713484</LongitudeDegrees></Position>
            <AltitudeMeters>62.60</AltitudeMeters>
            <HeartRateBpm><Value>112</Value></HeartRateBpm>
          </Trackpoint>
          <Trackpoint>
            <Time>2026-08-30T12:14:06Z</Time>
            <Position><LatitudeDegrees>45.8642064</LatitudeDegrees><LongitudeDegrees>10.8712760</LongitudeDegrees></Position>
            <AltitudeMeters>62.80</AltitudeMeters>
            <HeartRateBpm><Value>112</Value></HeartRateBpm>
          </Trackpoint>
          <Trackpoint>
            <Time>2026-08-30T12:14:07Z</Time>
            <Position><LatitudeDegrees>45.8642061</LatitudeDegrees><LongitudeDegrees>10.8712047</LongitudeDegrees></Position>
            <AltitudeMeters>62.80</AltitudeMeters>
            <HeartRateBpm><Value>112</Value></HeartRateBpm>
          </Trackpoint>
          <Trackpoint>
            <Time>2026-08-30T12:14:08Z</Time>
            <Position><LatitudeDegrees>45.8642129</LatitudeDegrees><LongitudeDegrees>10.8711277</LongitudeDegrees></Position>
            <AltitudeMeters>62.80</AltitudeMeters>
            <HeartRateBpm><Value>112</Value></HeartRateBpm>
          </Trackpoint>
          <Trackpoint>
            <Time>2026-08-30T12:14:09Z</Time>
            <Position><LatitudeDegrees>45.8642161</LatitudeDegrees><LongitudeDegrees>10.8710499</LongitudeDegrees></Position>
            <AltitudeMeters>62.40</AltitudeMeters>
            <HeartRateBpm><Value>112</Value></HeartRateBpm>
          </Trackpoint>
          <Trackpoint>
            <Time>2026-08-30T12:14:10Z</Time>
            <Position><LatitudeDegrees>45.8642191</LatitudeDegrees><LongitudeDegrees>10.8709719</LongitudeDegrees></Position>
            <AltitudeMeters>62.00</AltitudeMeters>
            <HeartRateBpm><Value>112</Value></HeartRateBpm>
          </Trackpoint>
          <Trackpoint>
            <Time>2026-08-30T12:14:11Z</Time>
            <Position><LatitudeDegrees>45.8642320</LatitudeDegrees><LongitudeDegrees>10.8708917</LongitudeDegrees></Position>
            <AltitudeMeters>62.20</AltitudeMeters>
            <HeartRateBpm><Value>112</Value></HeartRateBpm>
          </Trackpoint>
          <Trackpoint>
            <Time>2026-08-30T12:14:12Z</Time>
            <Position><LatitudeDegrees>45.8642484</LatitudeDegrees><LongitudeDegrees>10.8708149</LongitudeDegrees></Position>
            <AltitudeMeters>62.00</AltitudeMeters>
            <HeartRateBpm><Value>112</Value></HeartRateBpm>
          </Trackpoint>
          <Trackpoint>
            <Time>2026-08-30T12:14:13Z</Time>
            <Position><LatitudeDegrees>45.8642771</LatitudeDegrees><LongitudeDegrees>10.8707486</LongitudeDegrees></Position>
            <AltitudeMeters>61.80</AltitudeMeters>
            <HeartRateBpm><Value>112</Value></HeartRateBpm>
          </Trackpoint>
          <Trackpoint>
            <Time>2026-08-30T12:14:14Z</Time>
            <Position><LatitudeDegrees>45.8643149</LatitudeDegrees><LongitudeDegrees>10.8707090</LongitudeDegrees></Position>
            <AltitudeMeters>61.60</AltitudeMeters>
            <HeartRateBpm><Value>112</Value></HeartRateBpm>
          </Trackpoint>
          <Trackpoint>
            <Time>2026-08-30T12:14:15Z</Time>
            <Position><LatitudeDegrees>45.8643630</LatitudeDegrees><LongitudeDegrees>10.8707142</LongitudeDegrees></Position>
            <AltitudeMeters>61.60</AltitudeMeters>
            <HeartRateBpm><Value>112</Value></HeartRateBpm>
          </Trackpoint>
          <Trackpoint>
            <Time>2026-08-30T12:14:16Z</Time>
            <Position><LatitudeDegrees>45.8644045</LatitudeDegrees><LongitudeDegrees>10.8707524</LongitudeDegrees></Position>
            <AltitudeMeters>61.80</AltitudeMeters>
            <HeartRateBpm><Value>112</Value></HeartRateBpm>
          </Trackpoint>
          <Trackpoint>
            <Time>2026-08-30T12:14:17Z</Time>
            <Position><LatitudeDegrees>45.8644108</LatitudeDegrees><LongitudeDegrees>10.8708030</LongitudeDegrees></Position>
            <AltitudeMeters>62.20</AltitudeMeters>
            <HeartRateBpm><Value>112</Value></HeartRateBpm>
          </Trackpoint>
          <Trackpoint>
            <Time>2026-08-30T12:14:18Z</Time>
            <Position><LatitudeDegrees>45.8643999</LatitudeDegrees><LongitudeDegrees>10.8708700</LongitudeDegrees></Position>
            <AltitudeMeters>63.00</AltitudeMeters>
            <HeartRateBpm><Value>111</Value></HeartRateBpm>
          </Trackpoint>
          <Trackpoint>
            <Time>2026-08-30T12:14:19Z</Time>
            <Position><LatitudeDegrees>45.8643906</LatitudeDegrees><LongitudeDegrees>10.8709217</LongitudeDegrees></Position>
            <AltitudeMeters>63.60</AltitudeMeters>
            <HeartRateBpm><Value>110</Value></HeartRateBpm>
          </Trackpoint>
          <Trackpoint>
            <Time>2026-08-30T12:14:20Z</Time>
            <Position><LatitudeDegrees>45.8643932</LatitudeDegrees><LongitudeDegrees>10.8709818</LongitudeDegrees></Position>
            <AltitudeMeters>63.80</AltitudeMeters>
            <HeartRateBpm><Value>111</Value></HeartRateBpm>
          </Trackpoint>
          <Trackpoint>
            <Time>2026-08-30T12:14:21Z</Time>
            <Position><LatitudeDegrees>45.8644011</LatitudeDegrees><LongitudeDegrees>10.8710466</LongitudeDegrees></Position>
            <AltitudeMeters>64.00</AltitudeMeters>
            <HeartRateBpm><Value>111</Value></HeartRateBpm>
          </Trackpoint>
          <Trackpoint>
            <Time>2026-08-30T12:14:22Z</Time>
            <Position><LatitudeDegrees>45.8643907</LatitudeDegrees><LongitudeDegrees>10.8711127</LongitudeDegrees></Position>
            <AltitudeMeters>64.20</AltitudeMeters>
            <HeartRateBpm><Value>112</Value></HeartRateBpm>
          </Trackpoint>
          <Trackpoint>
            <Time>2026-08-30T12:14:23Z</Time>
            <Position><LatitudeDegrees>45.8643771</LatitudeDegrees><LongitudeDegrees>10.8711795</LongitudeDegrees></Position>
            <AltitudeMeters>64.40</AltitudeMeters>
            <HeartRateBpm><Value>114</Value></HeartRateBpm>
          </Trackpoint>
          <Trackpoint>
            <Time>2026-08-30T12:14:24Z</Time>
            <Position><LatitudeDegrees>45.8643553</LatitudeDegrees><LongitudeDegrees>10.8712386</LongitudeDegrees></Position>
            <AltitudeMeters>64.60</AltitudeMeters>
            <HeartRateBpm><Value>116</Value></HeartRateBpm>
          </Trackpoint>
          <Trackpoint>
            <Time>2026-08-30T12:14:25Z</Time>
            <Position><LatitudeDegrees>45.8643276</LatitudeDegrees><LongitudeDegrees>10.8712970</LongitudeDegrees></Position>
            <AltitudeMeters>64.80</AltitudeMeters>
            <HeartRateBpm><Value>117</Value></HeartRateBpm>
          </Trackpoint>
          <Trackpoint>
            <Time>2026-08-30T12:14:26Z</Time>
            <Position><LatitudeDegrees>45.8643058</LatitudeDegrees><LongitudeDegrees>10.8713513</LongitudeDegrees></Position>
            <AltitudeMeters>65.20</AltitudeMeters>
            <HeartRateBpm><Value>117</Value></HeartRateBpm>
          </Trackpoint>
          <Trackpoint>
            <Time>2026-08-30T12:14:27Z</Time>
            <Position><LatitudeDegrees>45.8642839</LatitudeDegrees><LongitudeDegrees>10.8714204</LongitudeDegrees></Position>
            <AltitudeMeters>65.20</AltitudeMeters>
            <HeartRateBpm><Value>118</Value></HeartRateBpm>
          </Trackpoint>
          <Trackpoint>
            <Time>2026-08-30T12:14:28Z</Time>
            <Position><LatitudeDegrees>45.8642661</LatitudeDegrees><LongitudeDegrees>10.8714845</LongitudeDegrees></Position>
            <AltitudeMeters>65.20</AltitudeMeters>
            <HeartRateBpm><Value>118</Value></HeartRateBpm>
          </Trackpoint>
          <Trackpoint>
            <Time>2026-08-30T12:14:29Z</Time>
            <Position><LatitudeDegrees>45.8642478</LatitudeDegrees><LongitudeDegrees>10.8715512</LongitudeDegrees></Position>
            <AltitudeMeters>64.80</AltitudeMeters>
            <HeartRateBpm><Value>117</Value></HeartRateBpm>
          </Trackpoint>
          <Trackpoint>
            <Time>2026-08-30T12:14:30Z</Time>
            <Position><LatitudeDegrees>45.8642240</LatitudeDegrees><LongitudeDegrees>10.8716114</LongitudeDegrees></Position>
            <AltitudeMeters>64.60</AltitudeMeters>
            <HeartRateBpm><Value>116</Value></HeartRateBpm>
          </Trackpoint>
          <Trackpoint>
            <Time>2026-08-30T12:14:31Z</Time>
            <Position><LatitudeDegrees>45.8642010</LatitudeDegrees><LongitudeDegrees>10.8716715</LongitudeDegrees></Position>
            <AltitudeMeters>64.20</AltitudeMeters>
            <HeartRateBpm><Value>116</Value></HeartRateBpm>
          </Trackpoint>
          <Trackpoint>
            <Time>2026-08-30T12:14:32Z</Time>
            <Position><LatitudeDegrees>45.8641800</LatitudeDegrees><LongitudeDegrees>10.8717400</LongitudeDegrees></Position>
            <AltitudeMeters>64.20</AltitudeMeters>
            <HeartRateBpm><Value>116</Value></HeartRateBpm>
          </Trackpoint>
          <Trackpoint>
            <Time>2026-08-30T12:14:33Z</Time>
            <Position><LatitudeDegrees>45.8641652</LatitudeDegrees><LongitudeDegrees>10.8718163</LongitudeDegrees></Position>
            <AltitudeMeters>64.00</AltitudeMeters>
            <HeartRateBpm><Value>116</Value></HeartRateBpm>
          </Trackpoint>
          <Trackpoint>
            <Time>2026-08-30T12:14:34Z</Time>
            <Position><LatitudeDegrees>45.8641507</LatitudeDegrees><LongitudeDegrees>10.8718896</LongitudeDegrees></Position>
            <AltitudeMeters>64.20</AltitudeMeters>
            <HeartRateBpm><Value>115</Value></HeartRateBpm>
          </Trackpoint>
          <Trackpoint>
            <Time>2026-08-30T12:14:35Z</Time>
            <Position><LatitudeDegrees>45.8641299</LatitudeDegrees><LongitudeDegrees>10.8719607</LongitudeDegrees></Position>
            <AltitudeMeters>64.20</AltitudeMeters>
            <HeartRateBpm><Value>116</Value></HeartRateBpm>
          </Trackpoint>
          <Trackpoint>
            <Time>2026-08-30T12:14:36Z</Time>
            <Position><LatitudeDegrees>45.8641111</LatitudeDegrees><LongitudeDegrees>10.8720383</LongitudeDegrees></Position>
            <AltitudeMeters>64.20</AltitudeMeters>
            <HeartRateBpm><Value>116</Value></HeartRateBpm>
          </Trackpoint>
          <Trackpoint>
            <Time>2026-08-30T12:14:37Z</Time>
            <Position><LatitudeDegrees>45.8640896</LatitudeDegrees><LongitudeDegrees>10.8721099</LongitudeDegrees></Position>
            <AltitudeMeters>64.20</AltitudeMeters>
            <HeartRateBpm><Value>116</Value></HeartRateBpm>
          </Trackpoint>
          <Trackpoint>
            <Time>2026-08-30T12:14:38Z</Time>
            <Position><LatitudeDegrees>45.8640658</LatitudeDegrees><LongitudeDegrees>10.8721689</LongitudeDegrees></Position>
            <AltitudeMeters>64.40</AltitudeMeters>
            <HeartRateBpm><Value>116</Value></HeartRateBpm>
          </Trackpoint>
          <Trackpoint>
            <Time>2026-08-30T12:14:39Z</Time>
            <Position><LatitudeDegrees>45.8640363</LatitudeDegrees><LongitudeDegrees>10.8722314</LongitudeDegrees></Position>
            <AltitudeMeters>64.00</AltitudeMeters>
            <HeartRateBpm><Value>115</Value></HeartRateBpm>
          </Trackpoint>
          <Trackpoint>
            <Time>2026-08-30T12:14:40Z</Time>
            <Position><LatitudeDegrees>45.8640119</LatitudeDegrees><LongitudeDegrees>10.8723016</LongitudeDegrees></Position>
            <AltitudeMeters>64.00</AltitudeMeters>
            <HeartRateBpm><Value>115</Value></HeartRateBpm>
          </Trackpoint>
          <Trackpoint>
            <Time>2026-08-30T12:14:41Z</Time>
            <Position><LatitudeDegrees>45.8639940</LatitudeDegrees><LongitudeDegrees>10.8723690</LongitudeDegrees></Position>
            <AltitudeMeters>64.00</AltitudeMeters>
            <HeartRateBpm><Value>114</Value></HeartRateBpm>
          </Trackpoint>
          <Trackpoint>
            <Time>2026-08-30T12:14:42Z</Time>
            <Position><LatitudeDegrees>45.8639738</LatitudeDegrees><LongitudeDegrees>10.8724398</LongitudeDegrees></Position>
            <AltitudeMeters>64.00</AltitudeMeters>
            <HeartRateBpm><Value>114</Value></HeartRateBpm>
          </Trackpoint>
          <Trackpoint>
            <Time>2026-08-30T12:14:43Z</Time>
            <Position><LatitudeDegrees>45.8639571</LatitudeDegrees><LongitudeDegrees>10.8725134</LongitudeDegrees></Position>
            <AltitudeMeters>63.80</AltitudeMeters>
            <HeartRateBpm><Value>115</Value></HeartRateBpm>
          </Trackpoint>
          <Trackpoint>
            <Time>2026-08-30T12:14:44Z</Time>
            <Position><LatitudeDegrees>45.8639378</LatitudeDegrees><LongitudeDegrees>10.8725817</LongitudeDegrees></Position>
            <AltitudeMeters>63.80</AltitudeMeters>
            <HeartRateBpm><Value>115</Value></HeartRateBpm>
          </Trackpoint>
          <Trackpoint>
            <Time>2026-08-30T12:14:45Z</Time>
            <Position><LatitudeDegrees>45.8639290</LatitudeDegrees><LongitudeDegrees>10.8726460</LongitudeDegrees></Position>
            <AltitudeMeters>63.40</AltitudeMeters>
            <HeartRateBpm><Value>116</Value></HeartRateBpm>
          </Trackpoint>
          <Trackpoint>
            <Time>2026-08-30T12:14:46Z</Time>
            <Position><LatitudeDegrees>45.8639198</LatitudeDegrees><LongitudeDegrees>10.8727104</LongitudeDegrees></Position>
            <AltitudeMeters>63.40</AltitudeMeters>
            <HeartRateBpm><Value>116</Value></HeartRateBpm>
          </Trackpoint>
          <Trackpoint>
            <Time>2026-08-30T12:14:47Z</Time>
            <Position><LatitudeDegrees>45.8639131</LatitudeDegrees><LongitudeDegrees>10.8727797</LongitudeDegrees></Position>
            <AltitudeMeters>63.20</AltitudeMeters>
            <HeartRateBpm><Value>116</Value></HeartRateBpm>
          </Trackpoint>
          <Trackpoint>
            <Time>2026-08-30T12:14:48Z</Time>
            <Position><LatitudeDegrees>45.8639033</LatitudeDegrees><LongitudeDegrees>10.8728624</LongitudeDegrees></Position>
            <AltitudeMeters>62.80</AltitudeMeters>
            <HeartRateBpm><Value>116</Value></HeartRateBpm>
          </Trackpoint>
          <Trackpoint>
            <Time>2026-08-30T12:14:49Z</Time>
            <Position><LatitudeDegrees>45.8638877</LatitudeDegrees><LongitudeDegrees>10.8729418</LongitudeDegrees></Position>
            <AltitudeMeters>62.80</AltitudeMeters>
            <HeartRateBpm><Value>117</Value></HeartRateBpm>
          </Trackpoint>
          <Trackpoint>
            <Time>2026-08-30T12:14:50Z</Time>
            <Position><LatitudeDegrees>45.8638660</LatitudeDegrees><LongitudeDegrees>10.8729968</LongitudeDegrees></Position>
            <AltitudeMeters>63.20</AltitudeMeters>
            <HeartRateBpm><Value>117</Value></HeartRateBpm>
          </Trackpoint>
          <Trackpoint>
            <Time>2026-08-30T12:14:51Z</Time>
            <Position><LatitudeDegrees>45.8638434</LatitudeDegrees><LongitudeDegrees>10.8730604</LongitudeDegrees></Position>
            <AltitudeMeters>63.40</AltitudeMeters>
            <HeartRateBpm><Value>117</Value></HeartRateBpm>
          </Trackpoint>
          <Trackpoint>
            <Time>2026-08-30T12:14:52Z</Time>
            <Position><LatitudeDegrees>45.8638230</LatitudeDegrees><LongitudeDegrees>10.8731235</LongitudeDegrees></Position>
            <AltitudeMeters>63.40</AltitudeMeters>
            <HeartRateBpm><Value>117</Value></HeartRateBpm>
          </Trackpoint>
          <Trackpoint>
            <Time>2026-08-30T12:14:53Z</Time>
            <Position><LatitudeDegrees>45.8638213</LatitudeDegrees><LongitudeDegrees>10.8731809</LongitudeDegrees></Position>
            <AltitudeMeters>63.20</AltitudeMeters>
            <HeartRateBpm><Value>118</Value></HeartRateBpm>
          </Trackpoint>
          <Trackpoint>
            <Time>2026-08-30T12:14:54Z</Time>
            <Position><LatitudeDegrees>45.8638446</LatitudeDegrees><LongitudeDegrees>10.8732400</LongitudeDegrees></Position>
            <AltitudeMeters>62.80</AltitudeMeters>
            <HeartRateBpm><Value>117</Value></HeartRateBpm>
          </Trackpoint>
          <Trackpoint>
            <Time>2026-08-30T12:14:55Z</Time>
            <Position><LatitudeDegrees>45.8638887</LatitudeDegrees><LongitudeDegrees>10.8732780</LongitudeDegrees></Position>
            <AltitudeMeters>62.20</AltitudeMeters>
            <HeartRateBpm><Value>117</Value></HeartRateBpm>
          </Trackpoint>
          <Trackpoint>
            <Time>2026-08-30T12:14:56Z</Time>
            <Position><LatitudeDegrees>45.8639224</LatitudeDegrees><LongitudeDegrees>10.8732939</LongitudeDegrees></Position>
            <AltitudeMeters>61.60</AltitudeMeters>
            <HeartRateBpm><Value>117</Value></HeartRateBpm>
          </Trackpoint>
          <Trackpoint>
            <Time>2026-08-30T12:14:57Z</Time>
            <Position><LatitudeDegrees>45.8639511</LatitudeDegrees><LongitudeDegrees>10.8732682</LongitudeDegrees></Position>
            <AltitudeMeters>61.40</AltitudeMeters>
            <HeartRateBpm><Value>118</Value></HeartRateBpm>
          </Trackpoint>
          <Trackpoint>
            <Time>2026-08-30T12:14:58Z</Time>
            <Position><LatitudeDegrees>45.8639835</LatitudeDegrees><LongitudeDegrees>10.8732173</LongitudeDegrees></Position>
            <AltitudeMeters>61.20</AltitudeMeters>
            <HeartRateBpm><Value>118</Value></HeartRateBpm>
          </Trackpoint>
          <Trackpoint>
            <Time>2026-08-30T12:14:59Z</Time>
            <Position><LatitudeDegrees>45.8639959</LatitudeDegrees><LongitudeDegrees>10.8731661</LongitudeDegrees></Position>
            <AltitudeMeters>61.20</AltitudeMeters>
            <HeartRateBpm><Value>118</Value></HeartRateBpm>
          </Trackpoint>
          <Trackpoint>
            <Time>2026-08-30T12:15:00Z</Time>
            <Position><LatitudeDegrees>45.8640141</LatitudeDegrees><LongitudeDegrees>10.8731042</LongitudeDegrees></Position>
            <AltitudeMeters>61.20</AltitudeMeters>
            <HeartRateBpm><Value>119</Value></HeartRateBpm>
          </Trackpoint>
          <Trackpoint>
            <Time>2026-08-30T12:15:01Z</Time>
            <Position><LatitudeDegrees>45.8640257</LatitudeDegrees><LongitudeDegrees>10.8730274</LongitudeDegrees></Position>
            <AltitudeMeters>61.80</AltitudeMeters>
            <HeartRateBpm><Value>119</Value></HeartRateBpm>
          </Trackpoint>
          <Trackpoint>
            <Time>2026-08-30T12:15:02Z</Time>
            <Position><LatitudeDegrees>45.8640261</LatitudeDegrees><LongitudeDegrees>10.8729517</LongitudeDegrees></Position>
            <AltitudeMeters>62.20</AltitudeMeters>
            <HeartRateBpm><Value>120</Value></HeartRateBpm>
          </Trackpoint>
          <Trackpoint>
            <Time>2026-08-30T12:15:03Z</Time>
            <Position><LatitudeDegrees>45.8640321</LatitudeDegrees><LongitudeDegrees>10.8728744</LongitudeDegrees></Position>
            <AltitudeMeters>64.00</AltitudeMeters>
            <HeartRateBpm><Value>120</Value></HeartRateBpm>
          </Trackpoint>
          <Trackpoint>
            <Time>2026-08-30T12:15:04Z</Time>
            <Position><LatitudeDegrees>45.8640368</LatitudeDegrees><LongitudeDegrees>10.8727974</LongitudeDegrees></Position>
            <AltitudeMeters>64.40</AltitudeMeters>
            <HeartRateBpm><Value>119</Value></HeartRateBpm>
          </Trackpoint>
          <Trackpoint>
            <Time>2026-08-30T12:15:05Z</Time>
            <Position><LatitudeDegrees>45.8640480</LatitudeDegrees><LongitudeDegrees>10.8727108</LongitudeDegrees></Position>
            <AltitudeMeters>64.80</AltitudeMeters>
            <HeartRateBpm><Value>118</Value></HeartRateBpm>
          </Trackpoint>
          <Trackpoint>
            <Time>2026-08-30T12:15:06Z</Time>
            <Position><LatitudeDegrees>45.8640511</LatitudeDegrees><LongitudeDegrees>10.8726214</LongitudeDegrees></Position>
            <AltitudeMeters>65.00</AltitudeMeters>
            <HeartRateBpm><Value>118</Value></HeartRateBpm>
          </Trackpoint>
          <Trackpoint>
            <Time>2026-08-30T12:15:07Z</Time>
            <Position><LatitudeDegrees>45.8640416</LatitudeDegrees><LongitudeDegrees>10.8725391</LongitudeDegrees></Position>
            <AltitudeMeters>64.80</AltitudeMeters>
            <HeartRateBpm><Value>118</Value></HeartRateBpm>
          </Trackpoint>
          <Trackpoint>
            <Time>2026-08-30T12:15:08Z</Time>
            <Position><LatitudeDegrees>45.8640361</LatitudeDegrees><LongitudeDegrees>10.8724585</LongitudeDegrees></Position>
            <AltitudeMeters>64.00</AltitudeMeters>
            <HeartRateBpm><Value>118</Value></HeartRateBpm>
          </Trackpoint>
          <Trackpoint>
            <Time>2026-08-30T12:15:09Z</Time>
            <Position><LatitudeDegrees>45.8640345</LatitudeDegrees><LongitudeDegrees>10.8723813</LongitudeDegrees></Position>
            <AltitudeMeters>63.20</AltitudeMeters>
            <HeartRateBpm><Value>119</Value></HeartRateBpm>
          </Trackpoint>
          <Trackpoint>
            <Time>2026-08-30T12:15:10Z</Time>
            <Position><LatitudeDegrees>45.8640266</LatitudeDegrees><LongitudeDegrees>10.8723059</LongitudeDegrees></Position>
            <AltitudeMeters>63.00</AltitudeMeters>
            <HeartRateBpm><Value>119</Value></HeartRateBpm>
          </Trackpoint>
          <Trackpoint>
            <Time>2026-08-30T12:15:11Z</Time>
            <Position><LatitudeDegrees>45.8640210</LatitudeDegrees><LongitudeDegrees>10.8722366</LongitudeDegrees></Position>
            <AltitudeMeters>62.00</AltitudeMeters>
            <HeartRateBpm><Value>120</Value></HeartRateBpm>
          </Trackpoint>
          <Trackpoint>
            <Time>2026-08-30T12:15:12Z</Time>
            <Position><LatitudeDegrees>45.8640267</LatitudeDegrees><LongitudeDegrees>10.8721598</LongitudeDegrees></Position>
            <AltitudeMeters>61.40</AltitudeMeters>
            <HeartRateBpm><Value>120</Value></HeartRateBpm>
          </Trackpoint>
          <Trackpoint>
            <Time>2026-08-30T12:15:13Z</Time>
            <Position><LatitudeDegrees>45.8640285</LatitudeDegrees><LongitudeDegrees>10.8720906</LongitudeDegrees></Position>
            <AltitudeMeters>60.80</AltitudeMeters>
            <HeartRateBpm><Value>120</Value></HeartRateBpm>
          </Trackpoint>
          <Trackpoint>
            <Time>2026-08-30T12:15:14Z</Time>
            <Position><LatitudeDegrees>45.8640380</LatitudeDegrees><LongitudeDegrees>10.8720172</LongitudeDegrees></Position>
            <AltitudeMeters>60.80</AltitudeMeters>
            <HeartRateBpm><Value>119</Value></HeartRateBpm>
          </Trackpoint>
          <Trackpoint>
            <Time>2026-08-30T12:15:15Z</Time>
            <Position><LatitudeDegrees>45.8640477</LatitudeDegrees><LongitudeDegrees>10.8719340</LongitudeDegrees></Position>
            <AltitudeMeters>61.00</AltitudeMeters>
            <HeartRateBpm><Value>120</Value></HeartRateBpm>
          </Trackpoint>
          <Trackpoint>
            <Time>2026-08-30T12:15:16Z</Time>
            <Position><LatitudeDegrees>45.8640541</LatitudeDegrees><LongitudeDegrees>10.8718508</LongitudeDegrees></Position>
            <AltitudeMeters>61.80</AltitudeMeters>
            <HeartRateBpm><Value>120</Value></HeartRateBpm>
          </Trackpoint>
          <Trackpoint>
            <Time>2026-08-30T12:15:17Z</Time>
            <Position><LatitudeDegrees>45.8640601</LatitudeDegrees><LongitudeDegrees>10.8717825</LongitudeDegrees></Position>
            <AltitudeMeters>62.40</AltitudeMeters>
            <HeartRateBpm><Value>120</Value></HeartRateBpm>
          </Trackpoint>
          <Trackpoint>
            <Time>2026-08-30T12:15:18Z</Time>
            <Position><LatitudeDegrees>45.8640658</LatitudeDegrees><LongitudeDegrees>10.8717168</LongitudeDegrees></Position>
            <AltitudeMeters>63.00</AltitudeMeters>
            <HeartRateBpm><Value>120</Value></HeartRateBpm>
          </Trackpoint>
          <Trackpoint>
            <Time>2026-08-30T12:15:19Z</Time>
            <Position><LatitudeDegrees>45.8640776</LatitudeDegrees><LongitudeDegrees>10.8716446</LongitudeDegrees></Position>
            <AltitudeMeters>63.20</AltitudeMeters>
            <HeartRateBpm><Value>120</Value></HeartRateBpm>
          </Trackpoint>
          <Trackpoint>
            <Time>2026-08-30T12:15:20Z</Time>
            <Position><LatitudeDegrees>45.8640870</LatitudeDegrees><LongitudeDegrees>10.8715739</LongitudeDegrees></Position>
            <AltitudeMeters>62.20</AltitudeMeters>
            <HeartRateBpm><Value>120</Value></HeartRateBpm>
          </Trackpoint>
          <Trackpoint>
            <Time>2026-08-30T12:15:21Z</Time>
            <Position><LatitudeDegrees>45.8641150</LatitudeDegrees><LongitudeDegrees>10.8715165</LongitudeDegrees></Position>
            <AltitudeMeters>61.00</AltitudeMeters>
            <HeartRateBpm><Value>121</Value></HeartRateBpm>
          </Trackpoint>
          <Trackpoint>
            <Time>2026-08-30T12:15:22Z</Time>
            <Position><LatitudeDegrees>45.8641508</LatitudeDegrees><LongitudeDegrees>10.8714810</LongitudeDegrees></Position>
            <AltitudeMeters>60.60</AltitudeMeters>
            <HeartRateBpm><Value>120</Value></HeartRateBpm>
          </Trackpoint>
          <Trackpoint>
            <Time>2026-08-30T12:15:23Z</Time>
            <Position><LatitudeDegrees>45.8641964</LatitudeDegrees><LongitudeDegrees>10.8714755</LongitudeDegrees></Position>
            <AltitudeMeters>60.60</AltitudeMeters>
            <HeartRateBpm><Value>120</Value></HeartRateBpm>
          </Trackpoint>
          <Trackpoint>
            <Time>2026-08-30T12:15:24Z</Time>
            <Position><LatitudeDegrees>45.8642383</LatitudeDegrees><LongitudeDegrees>10.8714897</LongitudeDegrees></Position>
            <AltitudeMeters>60.60</AltitudeMeters>
            <HeartRateBpm><Value>119</Value></HeartRateBpm>
          </Trackpoint>
          <Trackpoint>
            <Time>2026-08-30T12:15:25Z</Time>
            <Position><LatitudeDegrees>45.8642589</LatitudeDegrees><LongitudeDegrees>10.8715043</LongitudeDegrees></Position>
            <AltitudeMeters>60.80</AltitudeMeters>
            <HeartRateBpm><Value>119</Value></HeartRateBpm>
          </Trackpoint>
          <Trackpoint>
            <Time>2026-08-30T12:15:26Z</Time>
            <Position><LatitudeDegrees>45.8642837</LatitudeDegrees><LongitudeDegrees>10.8715289</LongitudeDegrees></Position>
            <AltitudeMeters>61.20</AltitudeMeters>
            <HeartRateBpm><Value>118</Value></HeartRateBpm>
          </Trackpoint>
          <Trackpoint>
            <Time>2026-08-30T12:15:27Z</Time>
            <Position><LatitudeDegrees>45.8643035</LatitudeDegrees><LongitudeDegrees>10.8715298</LongitudeDegrees></Position>
            <AltitudeMeters>61.40</AltitudeMeters>
            <HeartRateBpm><Value>118</Value></HeartRateBpm>
          </Trackpoint>
          <Trackpoint>
            <Time>2026-08-30T12:15:28Z</Time>
            <Position><LatitudeDegrees>45.8643116</LatitudeDegrees><LongitudeDegrees>10.8715429</LongitudeDegrees></Position>
            <AltitudeMeters>61.20</AltitudeMeters>
            <HeartRateBpm><Value>117</Value></HeartRateBpm>
          </Trackpoint>
          <Trackpoint>
            <Time>2026-08-30T12:15:29Z</Time>
            <Position><LatitudeDegrees>45.8643190</LatitudeDegrees><LongitudeDegrees>10.8715582</LongitudeDegrees></Position>
            <AltitudeMeters>61.00</AltitudeMeters>
            <HeartRateBpm><Value>117</Value></HeartRateBpm>
          </Trackpoint>
          <Trackpoint>
            <Time>2026-08-30T12:15:30Z</Time>
            <Position><LatitudeDegrees>45.8643160</LatitudeDegrees><LongitudeDegrees>10.8715663</LongitudeDegrees></Position>
            <AltitudeMeters>60.80</AltitudeMeters>
            <HeartRateBpm><Value>117</Value></HeartRateBpm>
          </Trackpoint>
          <Trackpoint>
            <Time>2026-08-30T12:15:31Z</Time>
            <Position><LatitudeDegrees>45.8643046</LatitudeDegrees><LongitudeDegrees>10.8715592</LongitudeDegrees></Position>
            <AltitudeMeters>60.60</AltitudeMeters>
            <HeartRateBpm><Value>118</Value></HeartRateBpm>
          </Trackpoint>
          <Trackpoint>
            <Time>2026-08-30T12:15:32Z</Time>
            <Position><LatitudeDegrees>45.8643029</LatitudeDegrees><LongitudeDegrees>10.8715576</LongitudeDegrees></Position>
            <AltitudeMeters>60.60</AltitudeMeters>
            <HeartRateBpm><Value>118</Value></HeartRateBpm>
          </Trackpoint>
          <Trackpoint>
            <Time>2026-08-30T12:15:33Z</Time>
            <Position><LatitudeDegrees>45.8643186</LatitudeDegrees><LongitudeDegrees>10.8715409</LongitudeDegrees></Position>
            <AltitudeMeters>60.40</AltitudeMeters>
            <HeartRateBpm><Value>117</Value></HeartRateBpm>
          </Trackpoint>
          <Trackpoint>
            <Time>2026-08-30T12:15:34Z</Time>
            <Position><LatitudeDegrees>45.8643299</LatitudeDegrees><LongitudeDegrees>10.8715375</LongitudeDegrees></Position>
            <AltitudeMeters>60.40</AltitudeMeters>
            <HeartRateBpm><Value>117</Value></HeartRateBpm>
          </Trackpoint>
          <Trackpoint>
            <Time>2026-08-30T12:15:35Z</Time>
            <Position><LatitudeDegrees>45.8643309</LatitudeDegrees><LongitudeDegrees>10.8715421</LongitudeDegrees></Position>
            <AltitudeMeters>58.40</AltitudeMeters>
            <HeartRateBpm><Value>118</Value></HeartRateBpm>
          </Trackpoint>
          <Trackpoint>
            <Time>2026-08-30T12:15:36Z</Time>
            <Position><LatitudeDegrees>45.8643305</LatitudeDegrees><LongitudeDegrees>10.8715415</LongitudeDegrees></Position>
            <AltitudeMeters>56.60</AltitudeMeters>
            <HeartRateBpm><Value>119</Value></HeartRateBpm>
          </Trackpoint>
          <Trackpoint>
            <Time>2026-08-30T12:15:37Z</Time>
            <Position><LatitudeDegrees>45.8643331</LatitudeDegrees><LongitudeDegrees>10.8715394</LongitudeDegrees></Position>
            <AltitudeMeters>54.60</AltitudeMeters>
            <HeartRateBpm><Value>120</Value></HeartRateBpm>
          </Trackpoint>
          <Trackpoint>
            <Time>2026-08-30T12:15:38Z</Time>
            <Position><LatitudeDegrees>45.8643365</LatitudeDegrees><LongitudeDegrees>10.8715468</LongitudeDegrees></Position>
            <AltitudeMeters>52.80</AltitudeMeters>
            <HeartRateBpm><Value>120</Value></HeartRateBpm>
          </Trackpoint>
          <Trackpoint>
            <Time>2026-08-30T12:15:39Z</Time>
            <Position><LatitudeDegrees>45.8643407</LatitudeDegrees><LongitudeDegrees>10.8715471</LongitudeDegrees></Position>
            <AltitudeMeters>50.80</AltitudeMeters>
            <HeartRateBpm><Value>119</Value></HeartRateBpm>
          </Trackpoint>
          <Trackpoint>
            <Time>2026-08-30T12:15:40Z</Time>
            <Position><LatitudeDegrees>45.8643442</LatitudeDegrees><LongitudeDegrees>10.8715477</LongitudeDegrees></Position>
            <AltitudeMeters>49.00</AltitudeMeters>
            <HeartRateBpm><Value>116</Value></HeartRateBpm>
          </Trackpoint>
          <Trackpoint>
            <Time>2026-08-30T12:15:41Z</Time>
            <Position><LatitudeDegrees>45.8643442</LatitudeDegrees><LongitudeDegrees>10.8715477</LongitudeDegrees></Position>
            <AltitudeMeters>47.00</AltitudeMeters>
            <HeartRateBpm><Value>115</Value></HeartRateBpm>
          </Trackpoint>
          <Trackpoint>
            <Time>2026-08-30T12:15:46Z</Time>
            <Position><LatitudeDegrees>45.8643585</LatitudeDegrees><LongitudeDegrees>10.8715895</LongitudeDegrees></Position>
            <AltitudeMeters>38.00</AltitudeMeters>
            <HeartRateBpm><Value>115</Value></HeartRateBpm>
          </Trackpoint>
          <Trackpoint>
            <Time>2026-08-30T12:15:47Z</Time>
            <Position><LatitudeDegrees>45.8643540</LatitudeDegrees><LongitudeDegrees>10.8715916</LongitudeDegrees></Position>
            <AltitudeMeters>39.60</AltitudeMeters>
            <HeartRateBpm><Value>115</Value></HeartRateBpm>
          </Trackpoint>
          <Trackpoint>
            <Time>2026-08-30T12:15:48Z</Time>
            <Position><LatitudeDegrees>45.8643581</LatitudeDegrees><LongitudeDegrees>10.8715919</LongitudeDegrees></Position>
            <AltitudeMeters>41.00</AltitudeMeters>
            <HeartRateBpm><Value>114</Value></HeartRateBpm>
          </Trackpoint>
          <Trackpoint>
            <Time>2026-08-30T12:15:49Z</Time>
            <Position><LatitudeDegrees>45.8643647</LatitudeDegrees><LongitudeDegrees>10.8715888</LongitudeDegrees></Position>
            <AltitudeMeters>42.60</AltitudeMeters>
            <HeartRateBpm><Value>115</Value></HeartRateBpm>
          </Trackpoint>
          <Trackpoint>
            <Time>2026-08-30T12:15:50Z</Time>
            <Position><LatitudeDegrees>45.8643654</LatitudeDegrees><LongitudeDegrees>10.8715851</LongitudeDegrees></Position>
            <AltitudeMeters>44.20</AltitudeMeters>
            <HeartRateBpm><Value>115</Value></HeartRateBpm>
          </Trackpoint>
          <Trackpoint>
            <Time>2026-08-30T12:15:51Z</Time>
            <Position><LatitudeDegrees>45.8643692</LatitudeDegrees><LongitudeDegrees>10.8715933</LongitudeDegrees></Position>
            <AltitudeMeters>45.60</AltitudeMeters>
            <HeartRateBpm><Value>115</Value></HeartRateBpm>
          </Trackpoint>
          <Trackpoint>
            <Time>2026-08-30T12:15:52Z</Time>
            <Position><LatitudeDegrees>45.8643591</LatitudeDegrees><LongitudeDegrees>10.8715836</LongitudeDegrees></Position>
            <AltitudeMeters>47.20</AltitudeMeters>
            <HeartRateBpm><Value>115</Value></HeartRateBpm>
          </Trackpoint>
          <Trackpoint>
            <Time>2026-08-30T12:15:53Z</Time>
            <Position><LatitudeDegrees>45.8643679</LatitudeDegrees><LongitudeDegrees>10.8715772</LongitudeDegrees></Position>
            <AltitudeMeters>48.60</AltitudeMeters>
            <HeartRateBpm><Value>115</Value></HeartRateBpm>
          </Trackpoint>
          <Trackpoint>
            <Time>2026-08-30T12:15:54Z</Time>
            <Position><LatitudeDegrees>45.8643679</LatitudeDegrees><LongitudeDegrees>10.8715772</LongitudeDegrees></Position>
            <AltitudeMeters>50.20</AltitudeMeters>
            <HeartRateBpm><Value>115</Value></HeartRateBpm>
          </Trackpoint>
          <Trackpoint>
            <Time>2026-08-30T12:15:55Z</Time>
            <Position><LatitudeDegrees>45.8643707</LatitudeDegrees><LongitudeDegrees>10.8715860</LongitudeDegrees></Position>
            <AltitudeMeters>51.80</AltitudeMeters>
            <HeartRateBpm><Value>115</Value></HeartRateBpm>
          </Trackpoint>
          <Trackpoint>
            <Time>2026-08-30T12:15:56Z</Time>
            <Position><LatitudeDegrees>45.8643655</LatitudeDegrees><LongitudeDegrees>10.8715912</LongitudeDegrees></Position>
            <AltitudeMeters>53.20</AltitudeMeters>
            <HeartRateBpm><Value>115</Value></HeartRateBpm>
          </Trackpoint>
          <Trackpoint>
            <Time>2026-08-30T12:15:57Z</Time>
            <Position><LatitudeDegrees>45.8643673</LatitudeDegrees><LongitudeDegrees>10.8715914</LongitudeDegrees></Position>
            <AltitudeMeters>54.80</AltitudeMeters>
            <HeartRateBpm><Value>115</Value></HeartRateBpm>
          </Trackpoint>
          <Trackpoint>
            <Time>2026-08-30T12:15:58Z</Time>
            <Position><LatitudeDegrees>45.8643739</LatitudeDegrees><LongitudeDegrees>10.8715971</LongitudeDegrees></Position>
            <AltitudeMeters>56.40</AltitudeMeters>
            <HeartRateBpm><Value>114</Value></HeartRateBpm>
          </Trackpoint>
          <Trackpoint>
            <Time>2026-08-30T12:15:59Z</Time>
            <Position><LatitudeDegrees>45.8643821</LatitudeDegrees><LongitudeDegrees>10.8715974</LongitudeDegrees></Position>
            <AltitudeMeters>57.80</AltitudeMeters>
            <HeartRateBpm><Value>115</Value></HeartRateBpm>
          </Trackpoint>
          <Trackpoint>
            <Time>2026-08-30T12:16:00Z</Time>
            <Position><LatitudeDegrees>45.8643906</LatitudeDegrees><LongitudeDegrees>10.8716030</LongitudeDegrees></Position>
            <AltitudeMeters>59.40</AltitudeMeters>
            <HeartRateBpm><Value>115</Value></HeartRateBpm>
          </Trackpoint>
          <Trackpoint>
            <Time>2026-08-30T12:16:01Z</Time>
            <Position><LatitudeDegrees>45.8643964</LatitudeDegrees><LongitudeDegrees>10.8716153</LongitudeDegrees></Position>
            <AltitudeMeters>60.80</AltitudeMeters>
            <HeartRateBpm><Value>115</Value></HeartRateBpm>
          </Trackpoint>
          <Trackpoint>
            <Time>2026-08-30T12:16:02Z</Time>
            <Position><LatitudeDegrees>45.8643959</LatitudeDegrees><LongitudeDegrees>10.8716229</LongitudeDegrees></Position>
            <AltitudeMeters>62.40</AltitudeMeters>
            <HeartRateBpm><Value>115</Value></HeartRateBpm>
          </Trackpoint>
          <Trackpoint>
            <Time>2026-08-30T12:16:03Z</Time>
            <Position><LatitudeDegrees>45.8643975</LatitudeDegrees><LongitudeDegrees>10.8716302</LongitudeDegrees></Position>
            <AltitudeMeters>63.00</AltitudeMeters>
            <HeartRateBpm><Value>116</Value></HeartRateBpm>
          </Trackpoint>
          <Trackpoint>
            <Time>2026-08-30T12:16:04Z</Time>
            <Position><LatitudeDegrees>45.8643995</LatitudeDegrees><LongitudeDegrees>10.8716368</LongitudeDegrees></Position>
            <AltitudeMeters>64.00</AltitudeMeters>
            <HeartRateBpm><Value>117</Value></HeartRateBpm>
          </Trackpoint>
          <Trackpoint>
            <Time>2026-08-30T12:16:05Z</Time>
            <Position><LatitudeDegrees>45.8644085</LatitudeDegrees><LongitudeDegrees>10.8716506</LongitudeDegrees></Position>
            <AltitudeMeters>64.60</AltitudeMeters>
            <HeartRateBpm><Value>118</Value></HeartRateBpm>
          </Trackpoint>
          <Trackpoint>
            <Time>2026-08-30T12:16:06Z</Time>
            <Position><LatitudeDegrees>45.8644118</LatitudeDegrees><LongitudeDegrees>10.8716514</LongitudeDegrees></Position>
            <AltitudeMeters>65.20</AltitudeMeters>
            <HeartRateBpm><Value>118</Value></HeartRateBpm>
          </Trackpoint>
          <Trackpoint>
            <Time>2026-08-30T12:16:07Z</Time>
            <Position><LatitudeDegrees>45.8644114</LatitudeDegrees><LongitudeDegrees>10.8716619</LongitudeDegrees></Position>
            <AltitudeMeters>66.40</AltitudeMeters>
            <HeartRateBpm><Value>121</Value></HeartRateBpm>
          </Trackpoint>
          <Trackpoint>
            <Time>2026-08-30T12:16:08Z</Time>
            <Position><LatitudeDegrees>45.8644135</LatitudeDegrees><LongitudeDegrees>10.8716696</LongitudeDegrees></Position>
            <AltitudeMeters>67.60</AltitudeMeters>
            <HeartRateBpm><Value>123</Value></HeartRateBpm>
          </Trackpoint>
          <Trackpoint>
            <Time>2026-08-30T12:16:09Z</Time>
            <Position><LatitudeDegrees>45.8644147</LatitudeDegrees><LongitudeDegrees>10.8716794</LongitudeDegrees></Position>
            <AltitudeMeters>68.80</AltitudeMeters>
            <HeartRateBpm><Value>123</Value></HeartRateBpm>
          </Trackpoint>
          <Trackpoint>
            <Time>2026-08-30T12:16:10Z</Time>
            <Position><LatitudeDegrees>45.8644129</LatitudeDegrees><LongitudeDegrees>10.8716902</LongitudeDegrees></Position>
            <AltitudeMeters>69.40</AltitudeMeters>
            <HeartRateBpm><Value>123</Value></HeartRateBpm>
          </Trackpoint>
          <Trackpoint>
            <Time>2026-08-30T12:16:11Z</Time>
            <Position><LatitudeDegrees>45.8644135</LatitudeDegrees><LongitudeDegrees>10.8717053</LongitudeDegrees></Position>
            <AltitudeMeters>69.60</AltitudeMeters>
            <HeartRateBpm><Value>123</Value></HeartRateBpm>
          </Trackpoint>
          <Trackpoint>
            <Time>2026-08-30T12:16:12Z</Time>
            <Position><LatitudeDegrees>45.8644124</LatitudeDegrees><LongitudeDegrees>10.8717172</LongitudeDegrees></Position>
            <AltitudeMeters>69.80</AltitudeMeters>
            <HeartRateBpm><Value>123</Value></HeartRateBpm>
          </Trackpoint>
          <Trackpoint>
            <Time>2026-08-30T12:16:13Z</Time>
            <Position><LatitudeDegrees>45.8644119</LatitudeDegrees><LongitudeDegrees>10.8717276</LongitudeDegrees></Position>
            <AltitudeMeters>70.20</AltitudeMeters>
            <HeartRateBpm><Value>122</Value></HeartRateBpm>
          </Trackpoint>
          <Trackpoint>
            <Time>2026-08-30T12:16:14Z</Time>
            <Position><LatitudeDegrees>45.8644128</LatitudeDegrees><LongitudeDegrees>10.8717475</LongitudeDegrees></Position>
            <AltitudeMeters>70.60</AltitudeMeters>
            <HeartRateBpm><Value>121</Value></HeartRateBpm>
          </Trackpoint>
          <Trackpoint>
            <Time>2026-08-30T12:16:15Z</Time>
            <Position><LatitudeDegrees>45.8644143</LatitudeDegrees><LongitudeDegrees>10.8717595</LongitudeDegrees></Position>
            <AltitudeMeters>71.20</AltitudeMeters>
            <HeartRateBpm><Value>120</Value></HeartRateBpm>
          </Trackpoint>
          <Trackpoint>
            <Time>2026-08-30T12:16:16Z</Time>
            <Position><LatitudeDegrees>45.8644134</LatitudeDegrees><LongitudeDegrees>10.8717725</LongitudeDegrees></Position>
            <AltitudeMeters>71.20</AltitudeMeters>
            <HeartRateBpm><Value>119</Value></HeartRateBpm>
          </Trackpoint>
          <Trackpoint>
            <Time>2026-08-30T12:16:17Z</Time>
            <Position><LatitudeDegrees>45.8644144</LatitudeDegrees><LongitudeDegrees>10.8717724</LongitudeDegrees></Position>
            <AltitudeMeters>71.20</AltitudeMeters>
            <HeartRateBpm><Value>119</Value></HeartRateBpm>
          </Trackpoint>
          <Trackpoint>
            <Time>2026-08-30T12:16:18Z</Time>
            <Position><LatitudeDegrees>45.8644170</LatitudeDegrees><LongitudeDegrees>10.8717836</LongitudeDegrees></Position>
            <AltitudeMeters>71.00</AltitudeMeters>
            <HeartRateBpm><Value>119</Value></HeartRateBpm>
          </Trackpoint>
          <Trackpoint>
            <Time>2026-08-30T12:16:19Z</Time>
            <Position><LatitudeDegrees>45.8644175</LatitudeDegrees><LongitudeDegrees>10.8717947</LongitudeDegrees></Position>
            <AltitudeMeters>71.00</AltitudeMeters>
            <HeartRateBpm><Value>119</Value></HeartRateBpm>
          </Trackpoint>
          <Trackpoint>
            <Time>2026-08-30T12:16:20Z</Time>
            <Position><LatitudeDegrees>45.8644194</LatitudeDegrees><LongitudeDegrees>10.8718108</LongitudeDegrees></Position>
            <AltitudeMeters>70.80</AltitudeMeters>
            <HeartRateBpm><Value>119</Value></HeartRateBpm>
          </Trackpoint>
          <Trackpoint>
            <Time>2026-08-30T12:16:21Z</Time>
            <Position><LatitudeDegrees>45.8644226</LatitudeDegrees><LongitudeDegrees>10.8718244</LongitudeDegrees></Position>
            <AltitudeMeters>70.60</AltitudeMeters>
            <HeartRateBpm><Value>119</Value></HeartRateBpm>
          </Trackpoint>
          <Trackpoint>
            <Time>2026-08-30T12:16:22Z</Time>
            <Position><LatitudeDegrees>45.8644162</LatitudeDegrees><LongitudeDegrees>10.8718376</LongitudeDegrees></Position>
            <AltitudeMeters>70.20</AltitudeMeters>
            <HeartRateBpm><Value>118</Value></HeartRateBpm>
          </Trackpoint>
          <Trackpoint>
            <Time>2026-08-30T12:16:23Z</Time>
            <Position><LatitudeDegrees>45.8644114</LatitudeDegrees><LongitudeDegrees>10.8718422</LongitudeDegrees></Position>
            <AltitudeMeters>69.80</AltitudeMeters>
            <HeartRateBpm><Value>118</Value></HeartRateBpm>
          </Trackpoint>
          <Trackpoint>
            <Time>2026-08-30T12:16:24Z</Time>
            <Position><LatitudeDegrees>45.8644147</LatitudeDegrees><LongitudeDegrees>10.8718601</LongitudeDegrees></Position>
            <AltitudeMeters>69.40</AltitudeMeters>
            <HeartRateBpm><Value>118</Value></HeartRateBpm>
          </Trackpoint>
          <Trackpoint>
            <Time>2026-08-30T12:16:25Z</Time>
            <Position><LatitudeDegrees>45.8644129</LatitudeDegrees><LongitudeDegrees>10.8718722</LongitudeDegrees></Position>
            <AltitudeMeters>69.00</AltitudeMeters>
            <HeartRateBpm><Value>117</Value></HeartRateBpm>
          </Trackpoint>
          <Trackpoint>
            <Time>2026-08-30T12:16:26Z</Time>
            <Position><LatitudeDegrees>45.8644113</LatitudeDegrees><LongitudeDegrees>10.8718892</LongitudeDegrees></Position>
            <AltitudeMeters>68.60</AltitudeMeters>
            <HeartRateBpm><Value>117</Value></HeartRateBpm>
          </Trackpoint>
          <Trackpoint>
            <Time>2026-08-30T12:16:27Z</Time>
            <Position><LatitudeDegrees>45.8644076</LatitudeDegrees><LongitudeDegrees>10.8718967</LongitudeDegrees></Position>
            <AltitudeMeters>68.40</AltitudeMeters>
            <HeartRateBpm><Value>117</Value></HeartRateBpm>
          </Trackpoint>
          <Trackpoint>
            <Time>2026-08-30T12:16:28Z</Time>
            <Position><LatitudeDegrees>45.8644063</LatitudeDegrees><LongitudeDegrees>10.8719239</LongitudeDegrees></Position>
            <AltitudeMeters>68.20</AltitudeMeters>
            <HeartRateBpm><Value>117</Value></HeartRateBpm>
          </Trackpoint>
          <Trackpoint>
            <Time>2026-08-30T12:16:29Z</Time>
            <Position><LatitudeDegrees>45.8644052</LatitudeDegrees><LongitudeDegrees>10.8719578</LongitudeDegrees></Position>
            <AltitudeMeters>67.80</AltitudeMeters>
            <HeartRateBpm><Value>117</Value></HeartRateBpm>
          </Trackpoint>
          <Trackpoint>
            <Time>2026-08-30T12:16:30Z</Time>
            <Position><LatitudeDegrees>45.8644145</LatitudeDegrees><LongitudeDegrees>10.8719939</LongitudeDegrees></Position>
            <AltitudeMeters>67.40</AltitudeMeters>
            <HeartRateBpm><Value>117</Value></HeartRateBpm>
          </Trackpoint>
          <Trackpoint>
            <Time>2026-08-30T12:16:31Z</Time>
            <Position><LatitudeDegrees>45.8644165</LatitudeDegrees><LongitudeDegrees>10.8720372</LongitudeDegrees></Position>
            <AltitudeMeters>66.60</AltitudeMeters>
            <HeartRateBpm><Value>117</Value></HeartRateBpm>
          </Trackpoint>
          <Trackpoint>
            <Time>2026-08-30T12:16:32Z</Time>
            <Position><LatitudeDegrees>45.8644201</LatitudeDegrees><LongitudeDegrees>10.8720869</LongitudeDegrees></Position>
            <AltitudeMeters>65.60</AltitudeMeters>
            <HeartRateBpm><Value>117</Value></HeartRateBpm>
          </Trackpoint>
          <Trackpoint>
            <Time>2026-08-30T12:16:33Z</Time>
            <Position><LatitudeDegrees>45.8644238</LatitudeDegrees><LongitudeDegrees>10.8721394</LongitudeDegrees></Position>
            <AltitudeMeters>65.40</AltitudeMeters>
            <HeartRateBpm><Value>117</Value></HeartRateBpm>
          </Trackpoint>
          <Trackpoint>
            <Time>2026-08-30T12:16:34Z</Time>
            <Position><LatitudeDegrees>45.8644251</LatitudeDegrees><LongitudeDegrees>10.8721926</LongitudeDegrees></Position>
            <AltitudeMeters>64.60</AltitudeMeters>
            <HeartRateBpm><Value>118</Value></HeartRateBpm>
          </Trackpoint>
          <Trackpoint>
            <Time>2026-08-30T12:16:35Z</Time>
            <Position><LatitudeDegrees>45.8644149</LatitudeDegrees><LongitudeDegrees>10.8722531</LongitudeDegrees></Position>
            <AltitudeMeters>64.40</AltitudeMeters>
            <HeartRateBpm><Value>118</Value></HeartRateBpm>
          </Trackpoint>
          <Trackpoint>
            <Time>2026-08-30T12:16:36Z</Time>
            <Position><LatitudeDegrees>45.8644051</LatitudeDegrees><LongitudeDegrees>10.8723033</LongitudeDegrees></Position>
            <AltitudeMeters>64.40</AltitudeMeters>
            <HeartRateBpm><Value>118</Value></HeartRateBpm>
          </Trackpoint>
          <Trackpoint>
            <Time>2026-08-30T12:16:37Z</Time>
            <Position><LatitudeDegrees>45.8643942</LatitudeDegrees><LongitudeDegrees>10.8723497</LongitudeDegrees></Position>
            <AltitudeMeters>64.60</AltitudeMeters>
            <HeartRateBpm><Value>118</Value></HeartRateBpm>
          </Trackpoint>
          <Trackpoint>
            <Time>2026-08-30T12:16:38Z</Time>
            <Position><LatitudeDegrees>45.8643886</LatitudeDegrees><LongitudeDegrees>10.8724080</LongitudeDegrees></Position>
            <AltitudeMeters>65.00</AltitudeMeters>
            <HeartRateBpm><Value>118</Value></HeartRateBpm>
          </Trackpoint>
          <Trackpoint>
            <Time>2026-08-30T12:16:39Z</Time>
            <Position><LatitudeDegrees>45.8643746</LatitudeDegrees><LongitudeDegrees>10.8724725</LongitudeDegrees></Position>
            <AltitudeMeters>65.60</AltitudeMeters>
            <HeartRateBpm><Value>118</Value></HeartRateBpm>
          </Trackpoint>
          <Trackpoint>
            <Time>2026-08-30T12:16:40Z</Time>
            <Position><LatitudeDegrees>45.8643537</LatitudeDegrees><LongitudeDegrees>10.8725438</LongitudeDegrees></Position>
            <AltitudeMeters>66.00</AltitudeMeters>
            <HeartRateBpm><Value>119</Value></HeartRateBpm>
          </Trackpoint>
          <Trackpoint>
            <Time>2026-08-30T12:16:41Z</Time>
            <Position><LatitudeDegrees>45.8643171</LatitudeDegrees><LongitudeDegrees>10.8725940</LongitudeDegrees></Position>
            <AltitudeMeters>66.40</AltitudeMeters>
            <HeartRateBpm><Value>117</Value></HeartRateBpm>
          </Trackpoint>
          <Trackpoint>
            <Time>2026-08-30T12:16:42Z</Time>
            <Position><LatitudeDegrees>45.8642797</LatitudeDegrees><LongitudeDegrees>10.8726465</LongitudeDegrees></Position>
            <AltitudeMeters>66.40</AltitudeMeters>
            <HeartRateBpm><Value>114</Value></HeartRateBpm>
          </Trackpoint>
          <Trackpoint>
            <Time>2026-08-30T12:16:43Z</Time>
            <Position><LatitudeDegrees>45.8642450</LatitudeDegrees><LongitudeDegrees>10.8726941</LongitudeDegrees></Position>
            <AltitudeMeters>66.20</AltitudeMeters>
            <HeartRateBpm><Value>113</Value></HeartRateBpm>
          </Trackpoint>
          <Trackpoint>
            <Time>2026-08-30T12:16:44Z</Time>
            <Position><LatitudeDegrees>45.8642023</LatitudeDegrees><LongitudeDegrees>10.8727409</LongitudeDegrees></Position>
            <AltitudeMeters>66.20</AltitudeMeters>
            <HeartRateBpm><Value>111</Value></HeartRateBpm>
          </Trackpoint>
          <Trackpoint>
            <Time>2026-08-30T12:16:45Z</Time>
            <Position><LatitudeDegrees>45.8641648</LatitudeDegrees><LongitudeDegrees>10.8727972</LongitudeDegrees></Position>
            <AltitudeMeters>66.40</AltitudeMeters>
            <HeartRateBpm><Value>111</Value></HeartRateBpm>
          </Trackpoint>
          <Trackpoint>
            <Time>2026-08-30T12:16:46Z</Time>
            <Position><LatitudeDegrees>45.8641303</LatitudeDegrees><LongitudeDegrees>10.8728542</LongitudeDegrees></Position>
            <AltitudeMeters>66.40</AltitudeMeters>
            <HeartRateBpm><Value>112</Value></HeartRateBpm>
          </Trackpoint>
          <Trackpoint>
            <Time>2026-08-30T12:16:47Z</Time>
            <Position><LatitudeDegrees>45.8641003</LatitudeDegrees><LongitudeDegrees>10.8729050</LongitudeDegrees></Position>
            <AltitudeMeters>66.40</AltitudeMeters>
            <HeartRateBpm><Value>112</Value></HeartRateBpm>
          </Trackpoint>
          <Trackpoint>
            <Time>2026-08-30T12:16:48Z</Time>
            <Position><LatitudeDegrees>45.8640716</LatitudeDegrees><LongitudeDegrees>10.8729643</LongitudeDegrees></Position>
            <AltitudeMeters>66.60</AltitudeMeters>
            <HeartRateBpm><Value>113</Value></HeartRateBpm>
          </Trackpoint>
          <Trackpoint>
            <Time>2026-08-30T12:16:49Z</Time>
            <Position><LatitudeDegrees>45.8640453</LatitudeDegrees><LongitudeDegrees>10.8730215</LongitudeDegrees></Position>
            <AltitudeMeters>67.40</AltitudeMeters>
            <HeartRateBpm><Value>113</Value></HeartRateBpm>
          </Trackpoint>
          <Trackpoint>
            <Time>2026-08-30T12:16:50Z</Time>
            <Position><LatitudeDegrees>45.8640192</LatitudeDegrees><LongitudeDegrees>10.8730863</LongitudeDegrees></Position>
            <AltitudeMeters>67.60</AltitudeMeters>
            <HeartRateBpm><Value>114</Value></HeartRateBpm>
          </Trackpoint>
          <Trackpoint>
            <Time>2026-08-30T12:16:51Z</Time>
            <Position><LatitudeDegrees>45.8639880</LatitudeDegrees><LongitudeDegrees>10.8731511</LongitudeDegrees></Position>
            <AltitudeMeters>67.60</AltitudeMeters>
            <HeartRateBpm><Value>115</Value></HeartRateBpm>
          </Trackpoint>
          <Trackpoint>
            <Time>2026-08-30T12:16:52Z</Time>
            <Position><LatitudeDegrees>45.8639534</LatitudeDegrees><LongitudeDegrees>10.8732065</LongitudeDegrees></Position>
            <AltitudeMeters>67.40</AltitudeMeters>
            <HeartRateBpm><Value>116</Value></HeartRateBpm>
          </Trackpoint>
          <Trackpoint>
            <Time>2026-08-30T12:16:53Z</Time>
            <Position><LatitudeDegrees>45.8639293</LatitudeDegrees><LongitudeDegrees>10.8732643</LongitudeDegrees></Position>
            <AltitudeMeters>67.20</AltitudeMeters>
            <HeartRateBpm><Value>116</Value></HeartRateBpm>
          </Trackpoint>
          <Trackpoint>
            <Time>2026-08-30T12:16:54Z</Time>
            <Position><LatitudeDegrees>45.8639047</LatitudeDegrees><LongitudeDegrees>10.8733205</LongitudeDegrees></Position>
            <AltitudeMeters>66.40</AltitudeMeters>
            <HeartRateBpm><Value>118</Value></HeartRateBpm>
          </Trackpoint>
          <Trackpoint>
            <Time>2026-08-30T12:16:55Z</Time>
            <Position><LatitudeDegrees>45.8638851</LatitudeDegrees><LongitudeDegrees>10.8733843</LongitudeDegrees></Position>
            <AltitudeMeters>66.20</AltitudeMeters>
            <HeartRateBpm><Value>120</Value></HeartRateBpm>
          </Trackpoint>
          <Trackpoint>
            <Time>2026-08-30T12:16:56Z</Time>
            <Position><LatitudeDegrees>45.8638720</LatitudeDegrees><LongitudeDegrees>10.8734431</LongitudeDegrees></Position>
            <AltitudeMeters>65.80</AltitudeMeters>
            <HeartRateBpm><Value>122</Value></HeartRateBpm>
          </Trackpoint>
          <Trackpoint>
            <Time>2026-08-30T12:16:57Z</Time>
            <Position><LatitudeDegrees>45.8638521</LatitudeDegrees><LongitudeDegrees>10.8735030</LongitudeDegrees></Position>
            <AltitudeMeters>65.60</AltitudeMeters>
            <HeartRateBpm><Value>125</Value></HeartRateBpm>
          </Trackpoint>
          <Trackpoint>
            <Time>2026-08-30T12:16:58Z</Time>
            <Position><LatitudeDegrees>45.8638292</LatitudeDegrees><LongitudeDegrees>10.8735608</LongitudeDegrees></Position>
            <AltitudeMeters>65.60</AltitudeMeters>
            <HeartRateBpm><Value>129</Value></HeartRateBpm>
          </Trackpoint>
          <Trackpoint>
            <Time>2026-08-30T12:16:59Z</Time>
            <Position><LatitudeDegrees>45.8637967</LatitudeDegrees><LongitudeDegrees>10.8736164</LongitudeDegrees></Position>
            <AltitudeMeters>65.80</AltitudeMeters>
            <HeartRateBpm><Value>130</Value></HeartRateBpm>
          </Trackpoint>
          <Trackpoint>
            <Time>2026-08-30T12:17:00Z</Time>
            <Position><LatitudeDegrees>45.8637541</LatitudeDegrees><LongitudeDegrees>10.8736556</LongitudeDegrees></Position>
            <AltitudeMeters>65.80</AltitudeMeters>
            <HeartRateBpm><Value>132</Value></HeartRateBpm>
          </Trackpoint>
          <Trackpoint>
            <Time>2026-08-30T12:17:01Z</Time>
            <Position><LatitudeDegrees>45.8637120</LatitudeDegrees><LongitudeDegrees>10.8737008</LongitudeDegrees></Position>
            <AltitudeMeters>66.00</AltitudeMeters>
            <HeartRateBpm><Value>134</Value></HeartRateBpm>
          </Trackpoint>
          <Trackpoint>
            <Time>2026-08-30T12:17:02Z</Time>
            <Position><LatitudeDegrees>45.8636775</LatitudeDegrees><LongitudeDegrees>10.8737476</LongitudeDegrees></Position>
            <AltitudeMeters>66.00</AltitudeMeters>
            <HeartRateBpm><Value>135</Value></HeartRateBpm>
          </Trackpoint>
          <Trackpoint>
            <Time>2026-08-30T12:17:03Z</Time>
            <Position><LatitudeDegrees>45.8636509</LatitudeDegrees><LongitudeDegrees>10.8738033</LongitudeDegrees></Position>
            <AltitudeMeters>65.80</AltitudeMeters>
            <HeartRateBpm><Value>135</Value></HeartRateBpm>
          </Trackpoint>
          <Trackpoint>
            <Time>2026-08-30T12:17:04Z</Time>
            <Position><LatitudeDegrees>45.8636410</LatitudeDegrees><LongitudeDegrees>10.8738787</LongitudeDegrees></Position>
            <AltitudeMeters>65.60</AltitudeMeters>
            <HeartRateBpm><Value>136</Value></HeartRateBpm>
          </Trackpoint>
          <Trackpoint>
            <Time>2026-08-30T12:17:05Z</Time>
            <Position><LatitudeDegrees>45.8636442</LatitudeDegrees><LongitudeDegrees>10.8739482</LongitudeDegrees></Position>
            <AltitudeMeters>65.40</AltitudeMeters>
            <HeartRateBpm><Value>136</Value></HeartRateBpm>
          </Trackpoint>
          <Trackpoint>
            <Time>2026-08-30T12:17:06Z</Time>
            <Position><LatitudeDegrees>45.8636585</LatitudeDegrees><LongitudeDegrees>10.8740143</LongitudeDegrees></Position>
            <AltitudeMeters>65.40</AltitudeMeters>
            <HeartRateBpm><Value>136</Value></HeartRateBpm>
          </Trackpoint>
          <Trackpoint>
            <Time>2026-08-30T12:17:07Z</Time>
            <Position><LatitudeDegrees>45.8636916</LatitudeDegrees><LongitudeDegrees>10.8740493</LongitudeDegrees></Position>
            <AltitudeMeters>65.00</AltitudeMeters>
            <HeartRateBpm><Value>136</Value></HeartRateBpm>
          </Trackpoint>
          <Trackpoint>
            <Time>2026-08-30T12:17:08Z</Time>
            <Position><LatitudeDegrees>45.8637316</LatitudeDegrees><LongitudeDegrees>10.8740695</LongitudeDegrees></Position>
            <AltitudeMeters>64.60</AltitudeMeters>
            <HeartRateBpm><Value>135</Value></HeartRateBpm>
          </Trackpoint>
          <Trackpoint>
            <Time>2026-08-30T12:17:09Z</Time>
            <Position><LatitudeDegrees>45.8637739</LatitudeDegrees><LongitudeDegrees>10.8740736</LongitudeDegrees></Position>
            <AltitudeMeters>64.20</AltitudeMeters>
            <HeartRateBpm><Value>135</Value></HeartRateBpm>
          </Trackpoint>
          <Trackpoint>
            <Time>2026-08-30T12:17:10Z</Time>
            <Position><LatitudeDegrees>45.8638020</LatitudeDegrees><LongitudeDegrees>10.8740674</LongitudeDegrees></Position>
            <AltitudeMeters>63.80</AltitudeMeters>
            <HeartRateBpm><Value>135</Value></HeartRateBpm>
          </Trackpoint>
          <Trackpoint>
            <Time>2026-08-30T12:17:11Z</Time>
            <Position><LatitudeDegrees>45.8637855</LatitudeDegrees><LongitudeDegrees>10.8740654</LongitudeDegrees></Position>
            <AltitudeMeters>63.40</AltitudeMeters>
            <HeartRateBpm><Value>135</Value></HeartRateBpm>
          </Trackpoint>
          <Trackpoint>
            <Time>2026-08-30T12:17:12Z</Time>
            <Position><LatitudeDegrees>45.8637877</LatitudeDegrees><LongitudeDegrees>10.8740693</LongitudeDegrees></Position>
            <AltitudeMeters>61.20</AltitudeMeters>
            <HeartRateBpm><Value>135</Value></HeartRateBpm>
          </Trackpoint>
          <Trackpoint>
            <Time>2026-08-30T12:17:13Z</Time>
            <Position><LatitudeDegrees>45.8637783</LatitudeDegrees><LongitudeDegrees>10.8740680</LongitudeDegrees></Position>
            <AltitudeMeters>60.60</AltitudeMeters>
            <HeartRateBpm><Value>133</Value></HeartRateBpm>
          </Trackpoint>
          <Trackpoint>
            <Time>2026-08-30T12:17:14Z</Time>
            <Position><LatitudeDegrees>45.8637804</LatitudeDegrees><LongitudeDegrees>10.8740719</LongitudeDegrees></Position>
            <AltitudeMeters>59.80</AltitudeMeters>
            <HeartRateBpm><Value>130</Value></HeartRateBpm>
          </Trackpoint>
          <Trackpoint>
            <Time>2026-08-30T12:17:15Z</Time>
            <Position><LatitudeDegrees>45.8637808</LatitudeDegrees><LongitudeDegrees>10.8740823</LongitudeDegrees></Position>
            <AltitudeMeters>59.80</AltitudeMeters>
            <HeartRateBpm><Value>128</Value></HeartRateBpm>
          </Trackpoint>
          <Trackpoint>
            <Time>2026-08-30T12:17:16Z</Time>
            <Position><LatitudeDegrees>45.8637761</LatitudeDegrees><LongitudeDegrees>10.8740815</LongitudeDegrees></Position>
            <AltitudeMeters>60.20</AltitudeMeters>
            <HeartRateBpm><Value>126</Value></HeartRateBpm>
          </Trackpoint>
          <Trackpoint>
            <Time>2026-08-30T12:17:17Z</Time>
            <Position><LatitudeDegrees>45.8637762</LatitudeDegrees><LongitudeDegrees>10.8740754</LongitudeDegrees></Position>
            <AltitudeMeters>60.40</AltitudeMeters>
            <HeartRateBpm><Value>124</Value></HeartRateBpm>
          </Trackpoint>
          <Trackpoint>
            <Time>2026-08-30T12:17:18Z</Time>
            <Position><LatitudeDegrees>45.8637670</LatitudeDegrees><LongitudeDegrees>10.8740737</LongitudeDegrees></Position>
            <AltitudeMeters>61.60</AltitudeMeters>
            <HeartRateBpm><Value>123</Value></HeartRateBpm>
          </Trackpoint>
          <Trackpoint>
            <Time>2026-08-30T12:17:19Z</Time>
            <Position><LatitudeDegrees>45.8637685</LatitudeDegrees><LongitudeDegrees>10.8740785</LongitudeDegrees></Position>
            <AltitudeMeters>63.00</AltitudeMeters>
            <HeartRateBpm><Value>121</Value></HeartRateBpm>
          </Trackpoint>
          <Trackpoint>
            <Time>2026-08-30T12:17:20Z</Time>
            <Position><LatitudeDegrees>45.8637726</LatitudeDegrees><LongitudeDegrees>10.8740824</LongitudeDegrees></Position>
            <AltitudeMeters>64.00</AltitudeMeters>
            <HeartRateBpm><Value>119</Value></HeartRateBpm>
          </Trackpoint>
          <Trackpoint>
            <Time>2026-08-30T12:17:21Z</Time>
            <Position><LatitudeDegrees>45.8637782</LatitudeDegrees><LongitudeDegrees>10.8740804</LongitudeDegrees></Position>
            <AltitudeMeters>64.60</AltitudeMeters>
            <HeartRateBpm><Value>118</Value></HeartRateBpm>
          </Trackpoint>
          <Trackpoint>
            <Time>2026-08-30T12:17:22Z</Time>
            <Position><LatitudeDegrees>45.8637846</LatitudeDegrees><LongitudeDegrees>10.8740719</LongitudeDegrees></Position>
            <AltitudeMeters>65.40</AltitudeMeters>
            <HeartRateBpm><Value>117</Value></HeartRateBpm>
          </Trackpoint>
          <Trackpoint>
            <Time>2026-08-30T12:17:23Z</Time>
            <Position><LatitudeDegrees>45.8637924</LatitudeDegrees><LongitudeDegrees>10.8740761</LongitudeDegrees></Position>
            <AltitudeMeters>66.60</AltitudeMeters>
            <HeartRateBpm><Value>116</Value></HeartRateBpm>
          </Trackpoint>
          <Trackpoint>
            <Time>2026-08-30T12:17:24Z</Time>
            <Position><LatitudeDegrees>45.8637969</LatitudeDegrees><LongitudeDegrees>10.8740830</LongitudeDegrees></Position>
            <AltitudeMeters>67.00</AltitudeMeters>
            <HeartRateBpm><Value>116</Value></HeartRateBpm>
          </Trackpoint>
          <Trackpoint>
            <Time>2026-08-30T12:17:25Z</Time>
            <Position><LatitudeDegrees>45.8638012</LatitudeDegrees><LongitudeDegrees>10.8740826</LongitudeDegrees></Position>
            <AltitudeMeters>67.20</AltitudeMeters>
            <HeartRateBpm><Value>117</Value></HeartRateBpm>
          </Trackpoint>
          <Trackpoint>
            <Time>2026-08-30T12:17:26Z</Time>
            <Position><LatitudeDegrees>45.8638000</LatitudeDegrees><LongitudeDegrees>10.8740916</LongitudeDegrees></Position>
            <AltitudeMeters>67.40</AltitudeMeters>
            <HeartRateBpm><Value>118</Value></HeartRateBpm>
          </Trackpoint>
          <Trackpoint>
            <Time>2026-08-30T12:17:27Z</Time>
            <Position><LatitudeDegrees>45.8637998</LatitudeDegrees><LongitudeDegrees>10.8741052</LongitudeDegrees></Position>
            <AltitudeMeters>66.20</AltitudeMeters>
            <HeartRateBpm><Value>118</Value></HeartRateBpm>
          </Trackpoint>
          <Trackpoint>
            <Time>2026-08-30T12:17:28Z</Time>
            <Position><LatitudeDegrees>45.8638022</LatitudeDegrees><LongitudeDegrees>10.8741073</LongitudeDegrees></Position>
            <AltitudeMeters>65.00</AltitudeMeters>
            <HeartRateBpm><Value>118</Value></HeartRateBpm>
          </Trackpoint>
          <Trackpoint>
            <Time>2026-08-30T12:17:29Z</Time>
            <Position><LatitudeDegrees>45.8638029</LatitudeDegrees><LongitudeDegrees>10.8741078</LongitudeDegrees></Position>
            <AltitudeMeters>64.00</AltitudeMeters>
            <HeartRateBpm><Value>117</Value></HeartRateBpm>
          </Trackpoint>
          <Trackpoint>
            <Time>2026-08-30T12:17:30Z</Time>
            <Position><LatitudeDegrees>45.8637963</LatitudeDegrees><LongitudeDegrees>10.8741084</LongitudeDegrees></Position>
            <AltitudeMeters>63.80</AltitudeMeters>
            <HeartRateBpm><Value>116</Value></HeartRateBpm>
          </Trackpoint>
          <Trackpoint>
            <Time>2026-08-30T12:17:31Z</Time>
            <Position><LatitudeDegrees>45.8638027</LatitudeDegrees><LongitudeDegrees>10.8741079</LongitudeDegrees></Position>
            <AltitudeMeters>63.20</AltitudeMeters>
            <HeartRateBpm><Value>112</Value></HeartRateBpm>
          </Trackpoint>
          <Trackpoint>
            <Time>2026-08-30T12:17:32Z</Time>
            <Position><LatitudeDegrees>45.8638125</LatitudeDegrees><LongitudeDegrees>10.8741123</LongitudeDegrees></Position>
            <AltitudeMeters>62.40</AltitudeMeters>
            <HeartRateBpm><Value>110</Value></HeartRateBpm>
          </Trackpoint>
          <Trackpoint>
            <Time>2026-08-30T12:17:33Z</Time>
            <Position><LatitudeDegrees>45.8638213</LatitudeDegrees><LongitudeDegrees>10.8741103</LongitudeDegrees></Position>
            <AltitudeMeters>62.40</AltitudeMeters>
            <HeartRateBpm><Value>109</Value></HeartRateBpm>
          </Trackpoint>
          <Trackpoint>
            <Time>2026-08-30T12:17:34Z</Time>
            <Position><LatitudeDegrees>45.8638225</LatitudeDegrees><LongitudeDegrees>10.8741048</LongitudeDegrees></Position>
            <AltitudeMeters>62.80</AltitudeMeters>
            <HeartRateBpm><Value>108</Value></HeartRateBpm>
          </Trackpoint>
          <Trackpoint>
            <Time>2026-08-30T12:17:35Z</Time>
            <Position><LatitudeDegrees>45.8638262</LatitudeDegrees><LongitudeDegrees>10.8740965</LongitudeDegrees></Position>
            <AltitudeMeters>63.20</AltitudeMeters>
            <HeartRateBpm><Value>108</Value></HeartRateBpm>
          </Trackpoint>
          <Trackpoint>
            <Time>2026-08-30T12:17:36Z</Time>
            <Position><LatitudeDegrees>45.8638300</LatitudeDegrees><LongitudeDegrees>10.8740903</LongitudeDegrees></Position>
            <AltitudeMeters>63.40</AltitudeMeters>
            <HeartRateBpm><Value>109</Value></HeartRateBpm>
          </Trackpoint>
          <Trackpoint>
            <Time>2026-08-30T12:17:37Z</Time>
            <Position><LatitudeDegrees>45.8638306</LatitudeDegrees><LongitudeDegrees>10.8740916</LongitudeDegrees></Position>
            <AltitudeMeters>63.40</AltitudeMeters>
            <HeartRateBpm><Value>109</Value></HeartRateBpm>
          </Trackpoint>
          <Trackpoint>
            <Time>2026-08-30T12:17:38Z</Time>
            <Position><LatitudeDegrees>45.8638306</LatitudeDegrees><LongitudeDegrees>10.8740916</LongitudeDegrees></Position>
            <AltitudeMeters>63.80</AltitudeMeters>
            <HeartRateBpm><Value>109</Value></HeartRateBpm>
          </Trackpoint>
          <Trackpoint>
            <Time>2026-08-30T12:17:39Z</Time>
            <Position><LatitudeDegrees>45.8638306</LatitudeDegrees><LongitudeDegrees>10.8740916</LongitudeDegrees></Position>
            <AltitudeMeters>64.00</AltitudeMeters>
            <HeartRateBpm><Value>109</Value></HeartRateBpm>
          </Trackpoint>
          <Trackpoint>
            <Time>2026-08-30T12:17:40Z</Time>
            <Position><LatitudeDegrees>45.8638306</LatitudeDegrees><LongitudeDegrees>10.8740916</LongitudeDegrees></Position>
            <AltitudeMeters>65.20</AltitudeMeters>
            <HeartRateBpm><Value>109</Value></HeartRateBpm>
          </Trackpoint>
          <Trackpoint>
            <Time>2026-08-30T12:17:41Z</Time>
            <Position><LatitudeDegrees>45.8638306</LatitudeDegrees><LongitudeDegrees>10.8740916</LongitudeDegrees></Position>
            <AltitudeMeters>66.20</AltitudeMeters>
            <HeartRateBpm><Value>109</Value></HeartRateBpm>
          </Trackpoint>
          <Trackpoint>
            <Time>2026-08-30T12:17:42Z</Time>
            <Position><LatitudeDegrees>45.8638306</LatitudeDegrees><LongitudeDegrees>10.8740916</LongitudeDegrees></Position>
            <AltitudeMeters>67.00</AltitudeMeters>
            <HeartRateBpm><Value>109</Value></HeartRateBpm>
          </Trackpoint>
          <Trackpoint>
            <Time>2026-08-30T12:17:43Z</Time>
            <Position><LatitudeDegrees>45.8638306</LatitudeDegrees><LongitudeDegrees>10.8740916</LongitudeDegrees></Position>
            <AltitudeMeters>67.60</AltitudeMeters>
            <HeartRateBpm><Value>107</Value></HeartRateBpm>
          </Trackpoint>
          <Trackpoint>
            <Time>2026-08-30T12:17:44Z</Time>
            <Position><LatitudeDegrees>45.8638306</LatitudeDegrees><LongitudeDegrees>10.8740916</LongitudeDegrees></Position>
            <AltitudeMeters>68.20</AltitudeMeters>
            <HeartRateBpm><Value>104</Value></HeartRateBpm>
          </Trackpoint>
          <Trackpoint>
            <Time>2026-08-30T12:17:45Z</Time>
            <Position><LatitudeDegrees>45.8638306</LatitudeDegrees><LongitudeDegrees>10.8740916</LongitudeDegrees></Position>
            <AltitudeMeters>68.40</AltitudeMeters>
            <HeartRateBpm><Value>88</Value></HeartRateBpm>
          </Trackpoint>
          <Trackpoint>
            <Time>2026-08-30T12:17:46Z</Time>
            <Position><LatitudeDegrees>45.8638310</LatitudeDegrees><LongitudeDegrees>10.8740873</LongitudeDegrees></Position>
            <AltitudeMeters>68.80</AltitudeMeters>
            <HeartRateBpm><Value>75</Value></HeartRateBpm>
          </Trackpoint>
          <Trackpoint>
            <Time>2026-08-30T12:17:47Z</Time>
            <Position><LatitudeDegrees>45.8638311</LatitudeDegrees><LongitudeDegrees>10.8740809</LongitudeDegrees></Position>
            <AltitudeMeters>69.20</AltitudeMeters>
            <HeartRateBpm><Value>71</Value></HeartRateBpm>
          </Trackpoint>
          <Trackpoint>
            <Time>2026-08-30T12:17:48Z</Time>
            <Position><LatitudeDegrees>45.8638311</LatitudeDegrees><LongitudeDegrees>10.8740755</LongitudeDegrees></Position>
            <AltitudeMeters>69.60</AltitudeMeters>
            <HeartRateBpm><Value>68</Value></HeartRateBpm>
          </Trackpoint>
          <Trackpoint>
            <Time>2026-08-30T12:17:49Z</Time>
            <Position><LatitudeDegrees>45.8638311</LatitudeDegrees><LongitudeDegrees>10.8740755</LongitudeDegrees></Position>
            <AltitudeMeters>70.00</AltitudeMeters>
            <HeartRateBpm><Value>66</Value></HeartRateBpm>
          </Trackpoint>
          <Trackpoint>
            <Time>2026-08-30T12:17:52Z</Time>
            <Position><LatitudeDegrees>45.8638550</LatitudeDegrees><LongitudeDegrees>10.8741028</LongitudeDegrees></Position>
            <AltitudeMeters>71.40</AltitudeMeters>
            <HeartRateBpm><Value>65</Value></HeartRateBpm>
          </Trackpoint>
          <Trackpoint>
            <Time>2026-08-30T12:17:53Z</Time>
            <Position><LatitudeDegrees>45.8638522</LatitudeDegrees><LongitudeDegrees>10.8741069</LongitudeDegrees></Position>
            <AltitudeMeters>71.80</AltitudeMeters>
            <HeartRateBpm><Value>65</Value></HeartRateBpm>
          </Trackpoint>
          <Trackpoint>
            <Time>2026-08-30T12:17:54Z</Time>
            <Position><LatitudeDegrees>45.8638522</LatitudeDegrees><LongitudeDegrees>10.8741069</LongitudeDegrees></Position>
            <AltitudeMeters>72.20</AltitudeMeters>
            <HeartRateBpm><Value>65</Value></HeartRateBpm>
          </Trackpoint>
          <Trackpoint>
            <Time>2026-08-30T12:17:55Z</Time>
            <Position><LatitudeDegrees>45.8638582</LatitudeDegrees><LongitudeDegrees>10.8741082</LongitudeDegrees></Position>
            <AltitudeMeters>72.20</AltitudeMeters>
            <HeartRateBpm><Value>72</Value></HeartRateBpm>
          </Trackpoint>
          <Trackpoint>
            <Time>2026-08-30T12:17:56Z</Time>
            <Position><LatitudeDegrees>45.8638626</LatitudeDegrees><LongitudeDegrees>10.8741102</LongitudeDegrees></Position>
            <AltitudeMeters>72.40</AltitudeMeters>
            <HeartRateBpm><Value>78</Value></HeartRateBpm>
          </Trackpoint>
          <Trackpoint>
            <Time>2026-08-30T12:17:57Z</Time>
            <Position><LatitudeDegrees>45.8638700</LatitudeDegrees><LongitudeDegrees>10.8741034</LongitudeDegrees></Position>
            <AltitudeMeters>72.40</AltitudeMeters>
            <HeartRateBpm><Value>85</Value></HeartRateBpm>
          </Trackpoint>
          <Trackpoint>
            <Time>2026-08-30T12:17:58Z</Time>
            <Position><LatitudeDegrees>45.8638798</LatitudeDegrees><LongitudeDegrees>10.8740876</LongitudeDegrees></Position>
            <AltitudeMeters>72.20</AltitudeMeters>
            <HeartRateBpm><Value>89</Value></HeartRateBpm>
          </Trackpoint>
          <Trackpoint>
            <Time>2026-08-30T12:17:59Z</Time>
            <Position><LatitudeDegrees>45.8638856</LatitudeDegrees><LongitudeDegrees>10.8740866</LongitudeDegrees></Position>
            <AltitudeMeters>72.20</AltitudeMeters>
            <HeartRateBpm><Value>91</Value></HeartRateBpm>
          </Trackpoint>
          <Trackpoint>
            <Time>2026-08-30T12:18:00Z</Time>
            <Position><LatitudeDegrees>45.8638900</LatitudeDegrees><LongitudeDegrees>10.8740917</LongitudeDegrees></Position>
            <AltitudeMeters>72.00</AltitudeMeters>
            <HeartRateBpm><Value>92</Value></HeartRateBpm>
          </Trackpoint>
          <Trackpoint>
            <Time>2026-08-30T12:18:01Z</Time>
            <Position><LatitudeDegrees>45.8638922</LatitudeDegrees><LongitudeDegrees>10.8740899</LongitudeDegrees></Position>
            <AltitudeMeters>71.80</AltitudeMeters>
            <HeartRateBpm><Value>92</Value></HeartRateBpm>
          </Trackpoint>
          <Trackpoint>
            <Time>2026-08-30T12:18:02Z</Time>
            <Position><LatitudeDegrees>45.8638944</LatitudeDegrees><LongitudeDegrees>10.8740866</LongitudeDegrees></Position>
            <AltitudeMeters>71.40</AltitudeMeters>
            <HeartRateBpm><Value>90</Value></HeartRateBpm>
          </Trackpoint>
          <Trackpoint>
            <Time>2026-08-30T12:18:03Z</Time>
            <Position><LatitudeDegrees>45.8638988</LatitudeDegrees><LongitudeDegrees>10.8740921</LongitudeDegrees></Position>
            <AltitudeMeters>71.20</AltitudeMeters>
            <HeartRateBpm><Value>91</Value></HeartRateBpm>
          </Trackpoint>
          <Trackpoint>
            <Time>2026-08-30T12:18:04Z</Time>
            <Position><LatitudeDegrees>45.8638988</LatitudeDegrees><LongitudeDegrees>10.8740921</LongitudeDegrees></Position>
            <AltitudeMeters>70.80</AltitudeMeters>
            <HeartRateBpm><Value>93</Value></HeartRateBpm>
          </Trackpoint>
          <Trackpoint>
            <Time>2026-08-30T12:18:05Z</Time>
            <Position><LatitudeDegrees>45.8639086</LatitudeDegrees><LongitudeDegrees>10.8741047</LongitudeDegrees></Position>
            <AltitudeMeters>70.20</AltitudeMeters>
            <HeartRateBpm><Value>94</Value></HeartRateBpm>
          </Trackpoint>
          <Trackpoint>
            <Time>2026-08-30T12:18:06Z</Time>
            <Position><LatitudeDegrees>45.8639103</LatitudeDegrees><LongitudeDegrees>10.8741017</LongitudeDegrees></Position>
            <AltitudeMeters>69.80</AltitudeMeters>
            <HeartRateBpm><Value>96</Value></HeartRateBpm>
          </Trackpoint>
          <Trackpoint>
            <Time>2026-08-30T12:18:07Z</Time>
            <Position><LatitudeDegrees>45.8639150</LatitudeDegrees><LongitudeDegrees>10.8740974</LongitudeDegrees></Position>
            <AltitudeMeters>69.40</AltitudeMeters>
            <HeartRateBpm><Value>96</Value></HeartRateBpm>
          </Trackpoint>
          <Trackpoint>
            <Time>2026-08-30T12:18:08Z</Time>
            <Position><LatitudeDegrees>45.8639154</LatitudeDegrees><LongitudeDegrees>10.8740953</LongitudeDegrees></Position>
            <AltitudeMeters>69.00</AltitudeMeters>
            <HeartRateBpm><Value>97</Value></HeartRateBpm>
          </Trackpoint>
          <Trackpoint>
            <Time>2026-08-30T12:18:09Z</Time>
            <Position><LatitudeDegrees>45.8639166</LatitudeDegrees><LongitudeDegrees>10.8740994</LongitudeDegrees></Position>
            <AltitudeMeters>68.40</AltitudeMeters>
            <HeartRateBpm><Value>97</Value></HeartRateBpm>
          </Trackpoint>
          <Trackpoint>
            <Time>2026-08-30T12:18:10Z</Time>
            <Position><LatitudeDegrees>45.8639156</LatitudeDegrees><LongitudeDegrees>10.8740972</LongitudeDegrees></Position>
            <AltitudeMeters>68.00</AltitudeMeters>
            <HeartRateBpm><Value>97</Value></HeartRateBpm>
          </Trackpoint>
          <Trackpoint>
            <Time>2026-08-30T12:18:11Z</Time>
            <Position><LatitudeDegrees>45.8639220</LatitudeDegrees><LongitudeDegrees>10.8740940</LongitudeDegrees></Position>
            <AltitudeMeters>67.60</AltitudeMeters>
            <HeartRateBpm><Value>97</Value></HeartRateBpm>
          </Trackpoint>
          <Trackpoint>
            <Time>2026-08-30T12:18:12Z</Time>
            <Position><LatitudeDegrees>45.8639278</LatitudeDegrees><LongitudeDegrees>10.8740933</LongitudeDegrees></Position>
            <AltitudeMeters>67.40</AltitudeMeters>
            <HeartRateBpm><Value>97</Value></HeartRateBpm>
          </Trackpoint>
          <Trackpoint>
            <Time>2026-08-30T12:18:13Z</Time>
            <Position><LatitudeDegrees>45.8639292</LatitudeDegrees><LongitudeDegrees>10.8740918</LongitudeDegrees></Position>
            <AltitudeMeters>67.00</AltitudeMeters>
            <HeartRateBpm><Value>97</Value></HeartRateBpm>
          </Trackpoint>
          <Trackpoint>
            <Time>2026-08-30T12:18:14Z</Time>
            <Position><LatitudeDegrees>45.8639301</LatitudeDegrees><LongitudeDegrees>10.8740944</LongitudeDegrees></Position>
            <AltitudeMeters>66.80</AltitudeMeters>
            <HeartRateBpm><Value>96</Value></HeartRateBpm>
          </Trackpoint>
          <Trackpoint>
            <Time>2026-08-30T12:18:15Z</Time>
            <Position><LatitudeDegrees>45.8639323</LatitudeDegrees><LongitudeDegrees>10.8740958</LongitudeDegrees></Position>
            <AltitudeMeters>66.60</AltitudeMeters>
            <HeartRateBpm><Value>94</Value></HeartRateBpm>
          </Trackpoint>
        </Track>
      </Lap>
    </Activity>
  </Activities>
</TrainingCenterDatabase>
